category,page_url,picture_url,title,company,work,qualification,favor,welfare,skill_stack,place,money,employee
"CTO,Chief Technology Officer",https://www.wanted.co.kr/wd/118190,https://image.wanted.co.kr/optimize?src=https%3A%2F%2Fstatic.wanted.co.kr%2Fimages%2Fcompany%2F19760%2Fitczrsdxr2kzbaz4__1080_790.jpg&w=1000&q=75,최고 기술 책임자 (CTO),엑스포럼,"• 자사 주최 전시박람회 통합 CRM 구축
• 프로젝트 분석/설계 및 프로젝트 리딩/개발
• 서비스 구현을 위한 개발 전략 수립, 기술 로드맵 제시
• 개발 조직 구축 및 인력 관리


▣ 기술 스택
• Java-Spring Boot, Python-Django/Flask, node.js-Express 등,
   Open-Source 기반의 언어 및 MVC 프레임워크 (PHP 제외)
• PostgreSQL, MariaDB 등 Open-Source 기반의 RDBMS
• React, Vue.js 등 Open-Source 기반의 Front-end Framework
• Jenkins, Redmine 등 Open-Source 기반의 CI/CD System 및 Issue Tracking System
• 형상 관리 시스템 Git
지원자는 기술 선정이 가능하며, 지원자 본인이 해당 기술에 대한 능력과 경험이 풍부하여야 함","• 웹에 대한 전반적인 개발 및 DB 설계 능통자
• 프로젝트 분석/설계 및 프로젝트 리딩/개발이 가능한 분
• 개발 경력 10년 이상이면서, 팀장급 이상 경력 3년 이상","• 非개발직 실무자와의 원활한 커뮤니케이션이 가능한 분
• 강한 책임감과 추진력으로 프로젝트와 개발 조직을 이끌 수 있는 분
• 팀원에 대한 능동적인 코칭 및 피드백이 가능한 분
• 非개발社의 디지털 전환을 도모할 자신이 있는 분
• IaaS, PasS, 혹은 On-Premises에 대한 사용 및 구축이 가능한 분
• PL(PO)로서 제품을 직접 처음부터 끝까지의 (기획, 개발, 런칭, 고도화) 단계를 이행한 경험 보유자
•  IT업계 CTO 혹은 CEO 경력자","• 본사 내 카페 HOWS Seoul 50% 할인
• 시차출퇴근제 ( 9 to 6 / 10 to 7 선택 )
• 법인차량 ( 외근 / 출장시 )","Git
Django
ExpressJS
Flask
MySQL
React
VueJS
Java
Node.js
Python
Jenkins
PostgreSQL
Bugzilla
Spring Boot
Redmine","서울시 송파구 백제고분로9길 5, (잠실동, 스토리2003)",2933,24
"CTO,Chief Technology Officer",https://www.wanted.co.kr/wd/114369,https://image.wanted.co.kr/optimize?src=https%3A%2F%2Fstatic.wanted.co.kr%2Fimages%2Fcompany%2F29418%2Ftj0rz92qryzvgcu6__1080_790.png&w=1000&q=75,백엔드 개발자(Back-end Developer),알로카도스,"- Web3 플랫폼 백엔드 시스템 개발 및 운영
- 백오피스 개발 및 운영","- Python 개발 경험을 갖고 상당한 실력을 갖추신 분
- Flask, Django, FastAPI 중 최소 하나의 프레임워크 사용에 능숙하신 분
- RDBMS, NoSQL(MongoDB, Redis)에 대한 설계/개발 경험이 있으신 분
- 기본적인 개발능력 (알고리즘, 자료구조, 운영체제, DB 등)
- AWS/Azure 등의 클라우드 기반 개발 경험이 있으신 분
- 협업에 대해 긍정적이고 적극적인 마인드 및 문서화 능력이 있으신 분","- 자동화된 Unit test, integration test, Code review 등의 개발 문화에 익숙하신 분
- 데이터 파이프라인 (데이터 수집 - 분석 - 서빙) 시스템 개발 경험이 있으신 분
- Docker 기반 CI/CD에 대한 이해가 있거나 구현 경험이 있으신 분
- 실시간/메시징 서비스 개발 경험이 있으신 분
- 대규모 트래픽 처리 경험이 있으신 분","• 유연근무제
    - 오전 11시 이전 자율 출근
    - 주 1회 재택근무
• 자유롭고 수평적인 문화
    - 연 18개의 연차를 자유롭게 사용
    - 직급을 막론하고 수평적인 호칭(닉네임)
    - 자유로운 복장
• 스톡옵션 부여
• 업무에 필요한 최신형 장비 지원
• 경조사비, 교육비, 업무 관련 도서비 지원
• 생일 휴가, 백신 휴가 지급","Git
Android
Azure
Django
Flask
iOS
MongoDB
Redis
JavaScript
Kotlin
Python
Swift
TypeScript
Blockchain
AWS
NoSQL
RDBMS
React.js",서울특별시 강남구 선릉로 428,3154,8
"CTO,Chief Technology Officer",https://www.wanted.co.kr/wd/65063,https://image.wanted.co.kr/optimize?src=https%3A%2F%2Fstatic.wanted.co.kr%2Fimages%2Fcompany%2F666%2Fev8xbqrdgjmpvmol__1080_790.jpg&w=1000&q=75,광고플랫폼사 개발지원본부 CTO,인라이플,"• 인라이플 사업 진행 관련 개발-based 신개념 서비스 전반적인 기술 방향성 제시
• 개발 사업부 전체를 총괄하여 관리하는 기술 리더 역할
• 개발 연구 open-소스 적용 권한과 기술 방향성 등을 제시","• 개발팀을 리드하고 관리해 본 경험이 있는 자
• 기술 역량 강화를 위해 지속적인 스킬-up을 하는 자
• B2B, B2C 사업 서비스 시장에 대한 정확한 이해도가 있는  자
• 경영진, 사업 부장과의 커뮤니케이션 스킬이 우수한 자
• 내부 직원이 평가 역량을 평가하는 자","• 석사, 박사 이상 학위자 우대","[당사 기업정보 링크]

• 인라이플 기업 영상 (회사 소개 영상)","Linux
MongoDB
MySQL
Redis
Java
JavaScript
Node.js
SQL
TypeScript
AWS
RDBMS
ElasticSearch
Spring Framework
Spring Boot","서울특별시 구로구 디지털로272, 501-504호 (한신 IT타워)",없음,없음
"CTO,Chief Technology Officer",https://www.wanted.co.kr/wd/52112,https://image.wanted.co.kr/optimize?src=https%3A%2F%2Fstatic.wanted.co.kr%2Fimages%2Fcompany%2F1581%2Fzloij1jbdfshr3nq__1080_790.jpg&w=1000&q=75,Engineering Team Lead (개발팀 리더),크리에이트립,"• 크리에이트립 프로덕트 및 비즈니스 목적을 고려한 프로덕트 설계 및 개발
• 크리에이트립 프로덕트 전체 기술 리딩 및 매니징
• 크리에이트립 프로덕트 성능 개선 주도","(필수) skillset

• 7년 이상 개발 경력(또는 그에 준하는 실력)을 보유하신 분
• Node.js, React.js프레임워크에 대한 이해도가 높으신 분
• 엔지니어, 디자이너, 마케터 등 다양한 분야의 이해관계자들과 소통해온 경험이 있으신 분
• 서비스 기획 부터 런칭 A-Z까지를 경험해 보신 분
• 문제 해결 능력이 뛰어나고, 그로부터 성취감을 느끼실 수 있는 분

(필수) 마인드셋

• 다양한 의견을 경청하면서도 본인만의 논리적인 로직을 갖춘 코딩을 추구하시는 분
• 글로벌 서비스에 대한 관심과 열정을 보유하신 분
• 한국의 트렌드가 글로벌로 성장하는 것에 공감하고 이에 대한 관심이 많으신 분
• 스스로의 역량을 한정짓지 않고 탁월한 성과를 기반으로 급진적인 성취와 성장, 보상을 추구하시는 분
• 다양한 백그라운드의 이해관계자들과 목표 지향적인 커뮤니케이션이 가능하신 분
• 스스로 문제를 정의하고 유저와 비즈니스를 함께 고려한 솔루션을 찾으려 노력하시는 분","• 엔지니어 팀이나 프로덕트 팀을 리딩해 보신 경험이 있으신 분
• 속도 빠른 스타트업이나 애자일 조직을 경험해 보신 분
• 컴퓨터 공학이나 이에 준하는 학위를 소지하신 분","팀 문화
• 회고 & 자기계발
적용가능한 신기술에 대해 끊임없이 공부합니다. 데일리 미팅을 통해 하루의 이슈를 공유하고 2주간 스프린트 회고를 통해 그동안의 개발 과정을 투명하게 돌아봅니다. 자발적으로 주간 스터디를 열어 특정 기술에 대해 알아가는 시간을 갖습니다. 

• 자율 & 책임
크리에이트립은 전사적으로도 건강한 조직문화를 꾸준히 실천 중입니다. 자율에 기반한 책임 문화가 잘 뿌리내려 있습니다. 오늘 할 일을 보고 하지 않으며 불필요한 문서화는 지양합니다. 오직 해결해야 할 문제와 팀 전체의 목표가 있을 뿐입니다.

• 투명성
또한 조직 전체에 투명성이 가장 중요한 가치 중 하나로, 급여 이외 대부분의 문서는 언제든 액세스가 가능합니다. 타 부서 회의록과 회고 내역은 물론이고 운영진의 법인카드 내역 또한 팀원에게 공개 됩니다.

• 내 옆자리는 외국인
크리에이트립은 다양한 국적의 외국인 엘리트 팀원이 많습니다. 사무실에서 들리는 중국어, 태국어, 일본어, 영어, 베트남어까지 한국 기업에서 경험할 수 없는 다국적 환경을 경험할 수 있습니다.



 혜택
몰입할 수 있게
• 유연 근무와 자율 출근: 모든 사람이 동일한 시간대에 일을 잘할 수는 없습니다. 크리에이트립은 모든 멤버가 최고의 컨디션으로 집중할 수 있도록 유연 근무 및 자율 출근을 실행합니다.
• 매주 화&목요일 재택 근무: 최고의 몰입을 위해 상호 신뢰를 기반으로 매주 화&목요일 재택 근무를 시행합니다.(사무실 근무 필요시 근무 하는 경우는 있습니다. - 예: 역직구 상품 출고)
• 사내추천비 지원: 나만 알고 있기 아까운, 함께 일하고 싶은, 곳곳에 숨어있는 우수한 인재 영입 시 특별한 보상을 지원합니다. (최대 1,000만원)

밥은 먹고 다니자!
• 추가 근무 식대 지원: 1인당 15,000원의 식대가 지원됩니다.
• 무제한 커피&간식 지원: 과자, 커피, 견과류 등 팀원들의 에너지와 당을 채워줄 간식이 지원됩니다. 

인싸가 되기 위한 혜택
• 1:1 점심 지원: 신규 입사자 분이 다른 팀원들과 빨리 친해질 수 있도록 1:1 점심 식대를 지원합니다.  
• 지킴이(Jikimi) 지원: 새로운 멤버가 크리에이트립에 Soft landing 할 수 있게 뉴비지킴이를 지원합니다. 
• 회식비 지원: 분기별/반기별 회식비를 지원합니다. 

SKILL-UP!!!!!!!
• 자기계발비 지원: 분기별 300,000원씩 (매월 100,000원) 도서 구입, 강의 수강, 외국어 학습, 운동, 건강검진, 운전면허학원, 피아노 학원 등 팀원들이 행복을 느끼는 다양한 범위의 비용을 지원합니다.
• 무제한 도서구입: 팀원들이 원하는 도서를 무제한으로 구입해드립니다. 
• 팀 리더 활동비 지원: 팀 업무와 관련하여 프로젝트, 세미나, 컨퍼런스, 사내 스터디 활동 등을 지원하기 위해 팀별 예산을 산정하여 지원합니다. 
• 최고 사양 장비 지원: 역량을 한껏 발휘할 수 있는 최신 장비를 지원해드려요!  

크리에이트립 팀원들은 소중하니까
• 유급 병가 지원: 일반 병가 외에 팀원들의 건강한 회사생활을 위해 1년에 2번의 유급 병가가 지원됩니다. 건강검진 등 건강을 위해 이용해주세요.
• 출/퇴근 시 택시비 지원: 부득이 하게 대중교통 이용이 불가능한 시간대에 출/퇴근을 해야하는 경우 택시비가 지원됩니다.
• 경조사 지원: 모든 크리에이트립 멤버들의 기쁜날, 힘이 되어야 하는 날을 지원합니다.  

특별한 날을 더욱 특별하게
• 명절 상여, 반차: 민족의 대명절 추석, 설날 연휴가 시작되기 전 날은 근로시간을 단축하여 근무합니다. 
• 생일 반차, 기프티콘: 팀원들의 생일을 축하하기 위해 생일 해당 월에 사용가능한 반차와 상품권이 제공됩니다!","Git
GraphQL
React
JavaScript
Node.js
Python
TypeScript
OOP
AWS
ElasticSearch
NodeJS
React.js
React Native","강남구 강남대로 484, 7층 702호",3793,56
VR 엔지니어,https://www.wanted.co.kr/wd/98098,https://image.wanted.co.kr/optimize?src=https%3A%2F%2Fstatic.wanted.co.kr%2Fimages%2Fcompany%2F28466%2Fvgg5i45a4vqkbpiw__1080_790.jpg&w=1000&q=75,AR/VR Unity 개발자,하이퍼클라우드,"• Unity AR/VR 개발
• Mobile Application 연동하여 통합 AR/VR개발","• 2년 이상 Unity 개발 경력 혹은 그에 준하는 역량을 갖추신 분
• Unity, ARKit, ARCore, Vuforia 등 AR/VR 관련 개발 경험을 가지신 분
• 서버 개발자, 디자인 직군 등 타팀과 원활히 소통이 가능하신 분
• 새로운 것을 배우고자 하는 열정이 있으신 분","• Android, iOS 기반 Unity 런칭 및 개발 경험
• 위치, 비젼기반 AR application 개발 경험
• Sensor Fusion에 대한 이해도 및 기술을 보유한 분
• 대용량 AR/VR 콘텐츠 관련 서버 개발 및 운영 경험
• 새로운 기술에 관심이 많고, 새로운 시도를 즐기시는 분","• 4대 보험, 퇴직금과 같은 당연한 ""기본 복지"" 탑재
• 반차와 연차, 개인 휴가 눈치 안보고 사용할 수 있는 문화
• 커피와 원하는 간식 언제든지 마음껏!
• 업무에 필요한 온,오프라인 교육지원 빵빵 (도서, 온라인 강의 신청 등)
• HYPER Vacation : 2,4년 장기 근속자 7,14일 유급휴가 + 근속 포상 
• HYPER Friday : 짝수달 4번째 금요일 2시 칼 퇴근~

하이퍼클라우드 멤버들을 위한 질 좋은 복지들은 지속적으로 생성중입니다....ing.....","Github
Android
iOS
MySQL
React
Tensorflow
Java
JavaScript
Kotlin
Node.js
Swift
TypeScript
AR
VR
AWS
C++
ARRT
ORM
iOS 개발
GPS
Maya
Unity3D
React.js
React Native",서울특별시 강남구 논현로95길24,4217,23
"CTO,Chief Technology Officer",https://www.wanted.co.kr/wd/109612,https://image.wanted.co.kr/optimize?src=https%3A%2F%2Fstatic.wanted.co.kr%2Fimages%2Fcompany%2F31808%2Ffpurtfnjgommiukb__1080_790.png&w=1000&q=75,백엔드 엔지니어 (Node.js),쉐어아트,"• 백엔드 플랫폼 설계 및 개발
• 서비스 성능 개선 및 리팩터링

＜ 기술 스택 ＞
• TypeScript, Node.js, Express.js, Docker 등

＜전형절차를 알려드려요＞
• 서류 전형 → 1차 실무/조직 문화 인터뷰 → 2차 임원 인터뷰 → 처우 협의 및 확정
• 간단한 확인을 위해 각 전형 사이에 15분 내외의 전화 인터뷰 요청을 드릴 수 있어요
• 입사 후 3개월 동안 서로 잘 맞는지 알아보는 수습 기간이 있어요 (연봉 및 혜택 100% 지급)","• 백엔드 개발 경력 3년 이상 또는 그에 준하는 실력을 가지신 분
• REST API 기반 설계 경험이 있으신 분
• 다른 팀원들과 협업 능력이 좋으신 분
• 더 나은 서비스와 코드 향상을 위해 주도적으로 문제 정의/해결한 경험이 있으신 분","• 소셜 네트워킹, 커뮤니케이션 서비스나 기능 개발 및 운영 경험이 있으신 분
• DevOps 관심과 경험이 있으신 분
• 웹3.0이 이루는 비즈니스 및 관련 기술(블록체인, NFT등)에 대한 관심과 경험
• 비즈니스 여건을 이해하고 상황에 따라 유연한 개발을 할 수 있으신 분
• 영어 능통자 또는 꾸준히 배울 의지가 있는 분","• 담당 업무의 책임과 권한 바탕으로 무제한 자율 휴가
• 유연근무/탄력근무 (8시~11시 출근 및 근무시간 자율 조정 / 11시~17시는 오피스아워)
• 원격근무 (장소 불문 주1회 시행, 확대 예정)
• 성장과 성과에 따라 리프레시휴가, 비정기 급여인상, 스톡옵션 및 인센티브 등 지급
• 최신 장비 및 업무 환경 제공 / 교육비 무제한 제공
• 학동역 5분 거리 오피스 (간식/음료/마사지체어)","Git
JIRA
Slack
JavaScript
TypeScript
AWS","서울시 강남구 학동로 20길 19-3,4층(논현동)",없음,없음
"CTO,Chief Technology Officer",https://www.wanted.co.kr/wd/64147,https://image.wanted.co.kr/optimize?src=https%3A%2F%2Fstatic.wanted.co.kr%2Fimages%2Fcompany%2F4799%2Fst1a0pxgjq7paa7q__1080_790.jpg&w=1000&q=75,Tech Lead,미스터즈가라지(타봄),"• 스프린트 계획 단계에서 이해 관계자와 긴밀히 협력하여 비즈니스 요구 사항을 이해하고 이를 개발 팀의 기술 요구 사항으로 변환하는 데 도움을 줍니다.
• 기능 또는 시스템 설계에 대한 기술 사양 계획 및 문서화를 책임집니다.
• 비즈니스 프로세스 및 애플리케이션 요구 사항을 충족하는 애플리케이션 설계, 구축 및 구성을 총괄합니다.
• 스크럼 개발팀의 SW의 설계, 개발, 코딩, 테스트 및 디버깅 업무에 대해 관리합니다.
• 테스트 가능하고 확장 가능하며 효율적인 코드 작성 및 코드 검토를 주도합니다.
• 주니어 팀 구성원을 멘토링하고 소프트웨어 품질에 대한 표준을 관리 및 준수하도록 합니다.","- Python & Django Framework 기반 서버 개발 경력 5년 이상
- Restful API 설계/구현 경험이 있으신 분
- NoSQL(Redis, Elastic Search) 개발 및 운영 경험이 있으신 분
- 대규모 서비스 설계, 구축, 운영 경험이 있으신 분
- 다양한 팀, 개발팀과 함께 복잡한 비즈니스 요구사항을 풀어내며 적극적이고 원활한 커뮤니케이션이 가능하신 분","• 맡은 일에 책임을 다하고, 팀웍을 중시하시는 분
• 능동적이고 자기주도적인 업무 수행이 가능한 분
• OKR, 애자일과 같은 프로젝트 매니징 방법론에 대한 경험이 있으신 분
• 모빌리티 시장에 대한 경험이 있으신 분
• 초기 시장 형성에 대한 경험이 있으신 분
• 자동차 시장에 관심도가 높고, 커뮤니티 활동 경험이 있으신 분","## 1  |  자동차 매니아를 위한 최고의 경험을 지원합니다.

- “타봄” 체험비 무제한 무료!!
- 신차 체험 및 트랙 체험 지원 

## 2  |  노력과 성과에 대한 보상을 존중합니다.

  - (개인 or 회사의) 성장/성과에 따른 인센티브 제공 
- 업계 최고의 동료들과 함께하는 스터디비 지원

  ## 3  |  팀원의 성장을 응원하고 지원합니다.  

- 성장을 위한 업무 관련 교육 또는 세미나 100% 지원 
- 업무 관련 도서 무제한 지원
 - 도서, 논문 구매비 지원

  ## 4  |  최고의 환경과 장비를 제공합니다.  

- 강남역 도보 3분 거리에 있는 사옥 (겨울철에도 지하로 출퇴근 가능)
 - 최고급 장비 제공 - 야근 후 귀가 시 편하고 안전하게! 택시비 100%지원","Git
Django
HTML
Python
AWS",서울시 서초구 서초대로 398 플래티넘타워 409호,3731,9
"CTO,Chief Technology Officer",https://www.wanted.co.kr/wd/41744,https://image.wanted.co.kr/optimize?src=https%3A%2F%2Fstatic.wanted.co.kr%2Fimages%2Fcompany%2F4799%2Fst1a0pxgjq7paa7q__1080_790.jpg&w=1000&q=75,시니어 백엔드 개발자,미스터즈가라지(타봄),"""타봄"" 개발팀과 함께 타봄 웹/앱 서비스의 백엔드 개발 업무를 진행해 주시면 되십니다.   
• 타봄 앱 서비스 아키텍쳐 및 서버 개발
• 필요 시, 타봄 어드민 페이지 기능 구축","• AWS 클라우드 서비스 경험이 있으신 분
• Python (Flask/Django)에 대한 경험이 3년 이상 있으신 분
• 초기 스타트업의 개발 문화 경험이 있으신 분
• C2C 플랫폼 서비스 운영 및 개발에 대한 경험
• 논리적인 사고를 바탕으로 팀원들과의 효율적인 communication이 가능하신 분","- Open Source 활용 경험이 많으신 분
- 자동차, 모빌리티 시장에 대한 관심이 많으신 분
- Git, Jira, Confluence등 협업 도구 사용 경험이 있는 분
- Restful API 개발 경험자","## 1  |  자동차 매니아를 위한 최고의 경험을 지원합니다.

- “타봄” 체험비 무제한 무료!!
- 신차 체험 및 트랙 체험 지원 

## 2  |  노력과 성과에 대한 보상을 존중합니다.  

- (개인 or 회사의) 성장/성과에 따른 인센티브 제공 
- 업계 최고의 동료들과 함께하는 스터디비 지원

  ## 3  |  팀원의 성장을 응원하고 지원합니다.  

- 성장을 위한 업무 관련 교육 또는 세미나 100% 지원
 - 업무 관련 도서 무제한 지원 
- 도서, 논문 구매비 지원  

## 4  |  최고의 환경과 장비를 제공합니다.  

- 강남역 도보 3분 거리에 있는 사옥 (겨울철에도 지하로 출퇴근 가능) 
- 최고급 장비 제공 - 야근 후 귀가 시 편하고 안전하게! 택시비 100%지원","Git
Django
HTML
Python
AWS",서울시 서초구 서초대로 398 플래티넘타워 409호,3731,9
"CTO,Chief Technology Officer",https://www.wanted.co.kr/wd/62510,https://image.wanted.co.kr/optimize?src=https%3A%2F%2Fstatic.wanted.co.kr%2Fimages%2Fcompany%2F141%2Fcxwgexqxqtfeyxyy__1080_790.jpg&w=1000&q=75,VP of Engineering (개발실장),어반베이스(Urbanbase),"• 어반베이스 가상화 플랫폼 개발 리딩 
• 어반베이스 Infra, S/W 아키텍처 설계 
• 개발 커뮤니케이션 채널","• 웹, 어플리케이션, 백엔드, 인프라 개발 등 개발 실무 최소 10년 이상 경험 
• 엔지니어 매니저 경력 최소 2년 이상 경험 
• AWS, GCP, Azure 중 하나 이상의 클라우드에 대한 전반적인 지식 보유 
• MSA, Docker, ECS/ECR, K8S 등에 대한 전반적인 지식 보유
• B2B, B2C 개발/운영 경험","• SDK 설계 경험 
• SaaS 플랫폼 설계 경험 
• e커머스 개발경험
• AI, 3D, CV 등의 개발경험","“어반베이스 일잘러의 일과 삶 모두를 응원합니다”

1. Work : 일에만 신경쓰게 해드릴께, 최고의 업무환경, 성장을 위한 지원
 - 일의 몰입과 성장
  * 자율 · 책임근무제 (월 기준 근무시간 자율결정 유연근무제)
  * 몰입을 위한 Focus Day (월 2회 원하는 곳에서 원격 근무)
  * 초과근무수당 지급
  * MacBook Pro, 그램 노트북, 듀얼모니터 제공
 - 성장을 위한 아낌없는 지원
  * 컨퍼런스 참가 및 교육비 지원
  * 13,000여개의 온라인 교육컨텐츠 수강 
  * 도서구입비 무제한 지원

2. Life : 잘쉬고, 잘놀고, 잘쓰는 어반베이스 life
 - 입사 첫날은 2시 출근! (유급 반차 제공)
 - 일은 밥심으로! 중식, 석식 지원
 - 안전한 귀가를 책임집니다. 야근교통비(택시비) 지원
 - 당신의 기쁨과 슬픔도 나누겠습니다. 경조사비, 경조휴가 지원
 - 열심히 일한 당신 떠나라! 프리미엄 리조트 지원
 - 휴가 지원금 제공
 - 직원건강은 어반베이스가 지킨다! 종합건강검진 제공
 - 장기근속 휴가 및 휴가비
 - 소중한 날은 여유롭게! 생일/결혼기념일 당일 유급휴가
 - 연말엔 충분한 휴식을! 연말 Refresh 휴가 운영

3. Culture : 함께하면 멀리 갈 수 있습니다
 - 나이나 직급 관계없이 모든 직원 '님' 호칭 및 존댓말 사용
 - 회사의 방향성과 의견을 공유하는 월간 '타운홀' 미팅 시행
 - 휴가 사용 시 눈치보는 직원이 더 이상한 회사,
 - 빌런 없는 근무 환경, 선한영향력을 지닌 동료들
 - 멜트in어반(신규 입사자 적응걱정 No No, 온보딩 제도)
 - 함께 밥먹고 소통하는, 월 1회 랜덤런치 제도
 - 놀때도 제대로 논다! 연 1회 팀별 플레이샵 지원
 - 회사 운영을 함께 토론하고 참여하는 ‘어반 자치단체’ 운영

어반베이스의 다양한 복지제도와 소통프로그램은 지금도 열심히 연구하고 기획되고 있습니다. : )


[어반베이스의 10가지 상식 - This is how we do it.]
1. 사회적 규범과 공동의 규칙을 준수합니다.
2. 생각과 감정은 자유롭게, 말과 행동, 결과에는 책임을 지는 사람들입니다.
3. 잘못된 일 일수록 빨리 보고합니다. 돌아가더라도 바른 길을 가는 것이 지름길입니다.
4. 일의 시작 전, 목적과 목표, 일의 책임자를 명확하게 기록하고 관련자들에게 전달합니다.
5. 자료는 쉽고 간결하게 정리하여 빠르게 공유합니다.
6. 문제는 발견한 사람이 해결자와 함께 해결합니다.
7. 침묵하지 않습니다. 모든 일에 반대 또는 찬성 그 외의 의견을 표시합니다.
8. 비교는 나의 과거와 하는 것이고, 경쟁은 나의 목표와 하는 것입니다.
9. 혼자 가면 빨리가지만, 함께 가면 멀리갑니다.
10. 일이 끝나면 내가 잘했던 것은 무엇인지 더 잘해야 할 것은 무엇인지 회고합니다.

[어반베이스 더 알아보기]
- 프롭테크의 선두주자 어반베이스 : ","Git
AngularJS
Pytorch
Tensorflow
VueJS
Unreal Engine
CSS
HTML
Java
JavaScript
PHP
Python
R
OOP
OpenCV
Unity3D
React Native",서울특별시 서초구 서초대로77길 17,4339,56
"CTO,Chief Technology Officer",https://www.wanted.co.kr/wd/110783,https://image.wanted.co.kr/optimize?src=https%3A%2F%2Fstatic.wanted.co.kr%2Fimages%2Fcompany%2F640%2Fh8axevtlv1xsm7v6__1080_790.jpg&w=1000&q=75,CTO(Chief Technology Officer),원프레딕트(OnePredict),"CTO는,
• 원프레딕트 S/W 기술 비젼과 아키텍쳐를 세팅하는 Tech Lead 역할을 수행합니다.
• Guradione 솔루션 개발 총괄로서 개발 로드맵을 설계하고 추진합니다.(Frontend 및 Backend)
• 높은 퀄러티의 제품을 효율적으로 만들 수 있도록 개발 프로세스 설계합니다.","이런 분이 필요해요!
• B2B 서비스를 시작부터 끝까지 기획하고 출시 해 보신 분
• Architecture 고도화 및 개발 팀 리딩 경험이 있으신 분
• 클라우드와 On-Premise 등 다양한 환경을 경험하신 분
• 전기 / 전자 / 컴퓨터 또는 유관 분야를 전공하신 분
• 10년 이상 유관 경력이 있으신 분","이런 경험이 있으면 더 좋아요!
• Smart Factory, IOT 플랫폼 관련 경험을 보유하고 열정이 높으신 분
• AI/ML 환경에 대한 이해와 경험이 있으신 분
• Software 전반적인 QA 및 프로젝트 관리 관련 지식이 있으신 분
• 개발팀을 육성한 경험과 관심이 있으신 분
• 좋은 코드, 개발 프로세스에 관심을 가지고 노력하고 계신 분","[Compensation Package]

• 최고의 인재에 걸맞는 경쟁력 있는 수준의 연봉 지급
• 4대 보험, 퇴직금, 연차
• 전사 목표 달성 시, 상여금 지급
• 개인 성과에 따른 Stock Option 지급
• 직원 추천 및 특허 포상 지급
• 장기근속자 포상


[Work Environment]

• 책임자율출퇴근제 (교통 걱정, 아이 걱정하지 않게 오전 7:30~10:30 사이에 자유롭게 출근)
• 주 1회 재택근무
• 자유로운 복장과 수평적인 조직문화
• 점심 식대 지원
• 사내 카페(Awesome Place)에서 커피, 음료, 간식 무한 제공
• 언제든지 편안하게 쉴 수 있는 휴식 공간
• 선릉역에서 200미터, 테헤란로에 위치한 최고의 접근성과 쾌적한 사무실에서 최고의 동료들과 함께 근무
• 최고 사양의 업무 장비 및 소프트웨어
• 야근 시 택시비 지원
• 업무 관련 서적 및 물품 전부 지원
• 최신 세미나/컨퍼런스 및 업무 관련 교육 지원


[Refresh]

• 매년 건강검진 지원
• 명절 선물 및 경조사 지원
• 생일 당일 유급 휴가
• 가정의 날(매월 3째주 금요일은 오전 근무 후, 다 같이 퇴근!)
• 피맥데이(매월 마지막 주 금요일)
• 사내 동호회 활동비 지원
• 법인차량 주말/휴일 개인 사용 가능
• 코로나 백신 연차 부여","Git
.NET
.NET Core
iOS
MySQL
C#
Java
Python
AWS
Docker
PostgreSQL
Spring Boot",서울특별시 강남구 테헤란로 419 강남파이낸스플라자 8층,4565,79
"CTO,Chief Technology Officer",https://www.wanted.co.kr/wd/47506,https://image.wanted.co.kr/optimize?src=https%3A%2F%2Fstatic.wanted.co.kr%2Fimages%2Fcompany%2F16227%2Fqa8pbgnbpqi5o42m__1080_790.jpg&w=1000&q=75,SR. PHP Developer,씨에이치플랫폼(CH플랫폼),"• VOD 방송 서비스 구축을 위한 API 구현
• 서비스 운영을 위한 백오피스 관련 API 구현
• 자사 API 고도화 및 유지 보수","• PHP 개발 
  - 현재 사이트의 경우 PHP와 그누보드로 개발되어 있습니다. 
  - 현재 사이트 유지 및 관리가 우선적인 업무이나, 레거시를 걷어내는 1차적인 작업 후 비즈니스 확장성에 맞춰 새로운 LMS 사이트를 새로 설계 및 개발할 예정입니다.
• PHP 그누보드 사용 경험이 있으신 분
• MySQL 또는 유사 RDBMS 경험이 있으신 분","• LMS(학습관리시스템) 개발 및 유지보수 유경험자
• 다음 개발을 위해 코드이그나이터 or 라라밸 사용 경험이 있으신 분
• 레거시 코드 및 시스템 리팩토링 리드 경험이 있으신 분","• 각종 경조사 지원, 선택적복리후생
• 인센티브제, 상여금, 장기근속자 포상, 퇴직금, 4대 보험
• 휴게실, 회의실, 공기청정기, 자회사 제품할인
• 연차, 경조휴가제, 반차, Refresh휴가, 근로자의 날 휴무","Git
MySQL
Java
AWS
DevOps
Tomcat
Spring Framework
JPA
Nginx
Spring Boot",서울 강남구 테헤란로322 한신인터밸리24빌딩 서관 17층,3563,13
"CTO,Chief Technology Officer",https://www.wanted.co.kr/wd/119964,https://image.wanted.co.kr/optimize?src=https%3A%2F%2Fstatic.wanted.co.kr%2Fimages%2Fcompany%2F11142%2F0y3inbi2zze5unqx__1080_790.jpg&w=1000&q=75,CTO(Chief Technical Officer),모빅랩,"• 사업 목표를 위한 전략적인 기술 방향 설정
• 사업 목표 달성을 위한 제품 개발 실무 대응
• 제품의 확장성, 안정성, 성능을 고려한 Software Architecture 디자인
• Engineering Principle / Culture / Dev Process / Guide를 만들고 지켜지도록 관리
• 기술 트렌드에 관심을 가지고 사업의 미래를 위한 전략적인 기술 로드맵 설정
• 리더십의 일원으로 사업 방향 설정에 적극적으로 관여
• 타부서 및 다른 직무의 실무자, 관리자와 적극적 소통
• 소프트웨어 엔지니어가 성장하여 회사에 기여할 수 있도록 동기부여 및 피드백
• 소프트웨어 엔지니어 채용","• 소프트웨어 엔지니어 실무 경력 7년 이상인 분
• 소프트웨어 엔지니어 매니저 경력 3년 이상인 분
• Product Owner(또는 Product Manager), Product Designer와 한 팀으로 일해 본 경험이 있는 분
• 높은 수준의 소프트웨어 엔지니어를 채용하고 유지하기 위해 전략을 고민하고 실행해 본 경험이 있는 분
• 모빅랩의 기술 파트(Anomaly Detection, Classification etc Algorithm, Active Learning, AutoML, AIoT Platform, Cloud Service, MLOps, Ultrasound Sensor)에 대한 전반적인 이해가 있으신 분
• 기술 자체에 대한 관심보다 고객 만족과 사업적 성과를 위한 기술 응용에 더 관심있는 분","• 산업용 예지 보전 관련 업무 및 산업용 AI솔루션 관련 업무에 경험이 있으신 분
• 대용량, 실시간 데이터 처리 아키텍처 구축과 관련된 직간접적인 경험 보유하신 분
• 데이터를 가공하여 모델 개발/검증까지 도출할 수 있는 전체 분석 프로세스 경험이 있으신 분
•  Javascript, Node.js, Vue.js 개발 경험을 통해 시스템 설계 및 기획이 가능하신 분
• 다양한 외부 솔루션에 관심을 가지고 채택 및 적용해본 경험 (비용 효율적인 결정)
• Top Level Manager(C레벨, VP) 경험 또는 Manager of Managers 경험","[근태]
• 자유로운 업무 환경 (복장 자율, 자유로운 연차 사용)
• 맞춤형 출퇴근제 (개인에게 맞는 최적의 출퇴근 시간을 협의하여 고정적으로 운영)
• 생일 연차 제도 (생일 연차 부여/ 생일이 속한 월 중에 자유롭게 연차 1일 사용)

[식대]
• 점심 식대 및 야근시 저녁 식대 지원(1만원 이내/ 사무실 출근시 지원)
• 사내 스낵바 제공 (컵라면, 과자, 아이스크림, 커피, 음료 등)

[자기개발]
• 업무 관련 컨퍼런스, 교육, 도서구입비 지원
• 직무 수행에 필요한 최신 장비, 소프트웨어 제공

[기타]
• 경조 휴가 및 경조금 지원 (생일, 결혼, 출산, 장례 등)
• 명절 상여금 및 선물세트 지급
• 종합 건강검진 지원(2년에 1회, 15만원)
• 정부 정책사업 (청년 내일채움공제, 중소기업 취업자 소득세 감면 등) 적극 지원","Linux
VueJS
JavaScript
ElasticSearch
NodeJS
Raspberry Pi",연수구 컨벤시아대로 204,없음,없음
"CTO,Chief Technology Officer",https://www.wanted.co.kr/wd/120636,https://image.wanted.co.kr/optimize?src=https%3A%2F%2Fstatic.wanted.co.kr%2Fimages%2Fcompany%2F5821%2Fe162mnkzotucvaju__1080_790.jpg&w=1000&q=75,개발PM,서밋코퍼레이션,"• 개발 프로젝트 총괄 관리
• 개발 일정 및 인력 관리
• 대니외 커뮤니케이션","• 경력 10년 이상
• 전문대졸 이상","• 대기업 프로젝트 경험이 있으신 분
• 다양한 언어 개발 및 프로젝트 수행 경험이 있으신 분
• 커뮤니케이션이 능숙하신 분
• 인근거주자","• 분기별 성과급 지급(연간 합산 최대 연봉의 15%)
• 연간 복지 지원비 60만원 지급
• 점심시간 1시간 30분(11:30~13:00)
• 교육 및 도서 구입비 지원
• 점심, 저녁 식비 지원
• 야근 교통비 지원
• 경조사비 지원
• 자유로운 연차(연차수당 지급)
• 건강검진
• 간식&음료",없음,서울 중구 남대문로10길 9,3868,24
"CTO,Chief Technology Officer",https://www.wanted.co.kr/wd/89500,https://image.wanted.co.kr/optimize?src=https%3A%2F%2Fstatic.wanted.co.kr%2Fimages%2Fcompany%2F2218%2Fk2rgypptddlmczts__1080_790.png&w=1000&q=75,프론트엔드 엔지니어 (산업기능요원/전문연구요원 복무 가능),엔젤스윙,"- 제품팀에 소속되어 웹 기반의 드론 데이터 플랫폼을 개발
- 드론 데이터 플랫폼 웹 UI/UX 컴포넌트 개발
- 고용량 데이터 및 다양한 데이터 타입을 웹 상에서 가시화할 수 있는 기술 개발","- 프론트엔드 개발에 solid한 역량이 있는 분
- 현재 엔젤스윙에서 사용하는 언어/프레임워크를 잘 사용할 수 있는 분: ReactJS, Redux, TypeScript, RxJS, CSS, HTML5, JavaScript, ES6
- 디자이너 및 다른 엔지니어와 원활히 커뮤니케이션 할 수 있는 분
- 문제의 원인을 찾아내고 최적의 해결책을 찾기 위해 끊임없이 노력하는 분","- 2년 이상의 실제 서비스 개발 및 운영 경험
- React 프레임워크 사용 경험, Redux 디자인 패턴 경험
- WebGL 등 3D 렌더링 관련 개발 경험
- 최신 프론트엔드 기술에 대한 이해와 빠른 습득 능력을 가지신 분","[채용 프로세스]

• 지원서 접수: 이력서와 포트폴리오(필수, 자유 양식)를 제출해주세요.
• 1차 인터뷰: 채용 담당자 인터뷰가 진행 됩니다.
• 개발 과제 전형: 원격 개발 테스트를 진행합니다.
• 2차 인터뷰: 팀 리드, 경영진과 함께 2차 인터뷰를 진행합니다.
• 레퍼런스 체크: 추천인 2~3명과 레퍼런스 체크를 진행합니다.
• 엔젤스윙에 합류!


[엔젤스윙 팀원은 이러한 환경에서 일해요]

1. 책임을 기반으로 자율적으로 일해요!
• 8시~10시 사이에 자유롭게 출근할 수 있는 시차출퇴근제를 시행합니다.
• 함께 일하는 팀원들과 사전 조율 및 사전 신청 후 월 2회 원격 근무 사용이 가능합니다.
• 휴가는 이유를 묻지 않고 자유롭게 사용할 수 있습니다.

2. 최적의 컨디션으로 일할 수 있어요!
• 강남역 인근 코워킹 스페이스에서 쾌적하게 근무해요.
• 다양한 간식과 캡슐커피, 차 등이 무제한으로 제공됩니다.

3. 군인에게 총이 무기라면, 우리에겐 장비와 배움이 무기에요!
• 듀얼 모니터, 워크스테이션 등의  장비를 제공합니다.
• 세미나 참가, 도서 구입, 강의 등록 등 성장을 위한 교육비를 지원합니다.


[우리가 원하는 엔젤스윙 팀원의 모습은?]

• Problem Solver: 문제를 잘 규정하고 근본적인 원인과 본질을 파악하여 최적의 솔루션을 찾고 실행할 수 있는 분
• Life-long Learner: 본인의 분야에서 최고가 되기 위해서 노력하고, 주도적으로 학습하고 성장하며, 어제보다 오늘이, 오늘보다는 내일이 기대되는 분
• Empowering the World: 본인이 가진 능력과 기술을 주도적으로 사용하여, 세상을 함께 변화시키고자 하는 분","Confluence
Git
Github
JIRA
Slack
Amazon Web Service
React
CSS
HTML
JavaScript
TypeScript
React.js
Flutter",드림플러스 강남점 9층 (강남역 인근),없음,없음
"CTO,Chief Technology Officer",https://www.wanted.co.kr/wd/108481,https://image.wanted.co.kr/optimize?src=https%3A%2F%2Fstatic.wanted.co.kr%2Fimages%2Fcompany%2F7411%2Fixmlgvtcjwn7up0c__1080_790.jpg&w=1000&q=75,AI) Computer vision 개발자,웨인힐스벤처스,"• CV model 성능 개선을 위한 실험 및 엔지니어링
• 인공지능 솔루션 파이프라인 설계 및 구축
• 최신 CV model 리서치","• python 기반 프로그래밍, 오픈소스 활용기술
• 이미지,영상 데이터 처리 경험보유
• Tensorflow, Keras, Pytorch 등 프레임워크 사용 기술 보유
• 논문서치, 프로그램 제품화, 프로젝트 실행 경험
• 클라우드 플랫폼 사용 경험
• 연구소 연구원 자격자
    - 이공계열 학사(4년제)
    - 전문대 이공계 + 경력 4년
    - 정보처리 산업기사 + 경력 2년( 또는 정보처리 기사자격증 소지자)
    - 마이스터고 + 특성화","• 경력 3년 이상
• Computer vision 관련 서비스 모델 제작 경험
• Multi modality(Image, Text 등) 프로젝트 실행 경험
• 멀티 GPU 및 고성능 컴퓨팅 관련 경험
• 머신러닝/딥러닝 기반 이미지처리 알고리즘 개발 경험
• git을 통한 인공지능 형상관리 경험.","유연한 호칭체계 : 직급 없는 수평적 문화 (영어호칭 사용!)
워라밸 보장1 : 10시 00분 출근, 5시 00분 퇴근
워라밸 보장2 : 눈치 안보고 휴가사용
점심 제공 (회사에서 밥을 줘요)  ＜대표님의 원칙 :  밥 주는회사 / 다른 회사처럼 9~10시간 일하는게 아닌 하루 일 집중  6시간업무＞
집중과 효율 업무 시간에 집중해서 일하고, 불필요한 야근과 주말근무를 지양하는 기업 문화
커리어 성장을 지원: 사원의 커리어 성장이 곧 회사의 성장이 된다는 믿음으로 업무능력 향상을 위해 노력하는 직원에 지원을 아끼지 않는 문화
만다라트/오타니쇼헤이 형 목표설정과 수행: 업무에 대한 자기 주도적이고 책임감 있는 목표 설정과 실행을 통한 결과값 도출","CSS
HTML
JavaScript",서울 강서구 마곡중앙8로 5길 11 파인스퀘어 3차 2층(204~207호),없음,없음
"CTO,Chief Technology Officer",https://www.wanted.co.kr/wd/65401,https://image.wanted.co.kr/optimize?src=https%3A%2F%2Fstatic.wanted.co.kr%2Fimages%2Fcompany%2F7411%2Fixmlgvtcjwn7up0c__1080_790.jpg&w=1000&q=75,AI) NLP 개발자,웨인힐스벤처스,"• Deep Learning 기반 Text Summarization, Keyword Extraction 등 NLP model 개발
• NLP model 성능 개선을 위한 실험 및 엔지니어링
• 최신 NLP model 리서치","• python 기반 프로그래밍, 오픈소스 활용기술
• Tensorflow, Keras, Pytorch 등 프레임워크 사용 기술 보유
• 논문서치, 프로그램 제품화, 프로젝트 실행 경험
• 클라우드 플랫폼 사용 경험
• 연구소 연구원 자격자
    - 이공계열 학사(4년제)
    - 전문대 이공계 + 경력 4년
    - 정보처리 산업기사 + 경력 2년( 또는 정보처리 기사자격증 소지자)
    - 마이스터고 + 특성화","• 경력 3년 이상
• NLP 관련 서비스 모델 제작 경험
• git을 통한 인공지능 형상관리 경험","유연한 호칭체계 : 직급 없는 수평적 문화 (영어호칭 사용!)
워라밸 보장1 : 10시 00분 출근, 5시 00분 퇴근
워라밸 보장2 : 눈치 안보고 휴가사용
점심 제공 (회사에서 밥을 줘요)  ＜대표님의 원칙 :  밥 주는회사 / 다른 회사처럼 9~10시간 일하는게 아닌 하루 일 집중  6시간업무＞
집중과 효율 업무 시간에 집중해서 일하고, 불필요한 야근과 주말근무를 지양하는 기업 문화
커리어 성장을 지원: 사원의 커리어 성장이 곧 회사의 성장이 된다는 믿음으로 업무능력 향상을 위해 노력하는 직원에 지원을 아끼지 않는 문화
만다라트/오타니쇼헤이 형 목표설정과 수행: 업무에 대한 자기 주도적이고 책임감 있는 목표 설정과 실행을 통한 결과값 도출","CSS
HTML
JavaScript",서울 강서구 마곡중앙8로 5길 11 파인스퀘어 3차 2층(204~207호),없음,없음
"CTO,Chief Technology Officer",https://www.wanted.co.kr/wd/54865,https://image.wanted.co.kr/optimize?src=https%3A%2F%2Fstatic.wanted.co.kr%2Fimages%2Fcompany%2F5068%2Fziteem9e3rdv1kdx__1080_790.jpg&w=1000&q=75,[전문연구요원 산업기능요원 가능] AI 모바일 앱 서비스 개발 팀장,마인드로직 (Mindlogic Inc.),"• 가상남녀’ 모바일 앱 서비스 개발 및 운영 총괄
• 기획중인 다른 서비스들의 개발 및 운영 총괄
• 서비스 개발 조직 역량 강화 및 총괄 운영
• 기술 전략 및 개발 로드맵 수립, 실행
• 창업자들과 함께 혁신적 조직 및 개발 문화 구축","• 동료들에게 동기를 부여하면서 도전적인 목표를 설정하고 달성해 나가는 리더십
• 팀의 공동 문제해결과정을 리드할 수 있는 역량 
• 빠른 변화에 익숙하며, 새로운 도전을 즐기는 태도
• 개발조직 운영 경험
• 5년 이상의 개발실무경험","다음 기술 스택에 대한 지식 및 경험

• Backend 관련: 
     - Python, DjangoRestFramework API,
     - JavaScript, Node.js, Socket.IO,
     - Elasticsearch, Postgres,
     - Docker and AWS ECS Deployment
     - 대량 트래픽 대응 API 개발 경험
     - 딥러닝 모델이 활용된 서비스 개발 경험

• Frontend 관련:
     - Kotlin, Swift
     - 채팅 / 메세징 관련 구현 경험
     - Coroutines 혹은 Rxjava, Rx, 등 Reactive Programming 에 능숙한 분","조직 문화:

• 구성원의 개인 생활 및 영역에 대한 존중
• 개개인의 상황을 최대한 배려하여 인사/복지에 적용
• 합리적이고, 서로를 존중하는 의사소통
• 워라벨 등 기타 당연한 사항들은 생략합니다. 인터뷰 중에 얼마든지 물어봐 주세요.",없음,광화문,없음,없음
VR 엔지니어,https://www.wanted.co.kr/wd/90636,https://image.wanted.co.kr/optimize?src=https%3A%2F%2Fstatic.wanted.co.kr%2Fimages%2Fcompany%2F15265%2F1qoktyozrljzzphc__1080_790.png&w=1000&q=75,[AR] 이미지 프로세싱 개발자,머지리티,"- 다양한 Image processing 또는 Computer vision 관련 library등을 이용하여 object를 인식하고 표현
- Image processing 알고리즘의 최적화 및 모바일에서의 병렬 & GPU 프로그래밍","- 4년제 대졸, 영상처리, 컴퓨터 비전 관련 프로젝트 포트폴리오 有 (발표시 우대)
- Image processing, Computer vision 혹은 유관 분야에서 3년 이상 실무 경험이 있으신 분
- 이미지 프로세싱 라이브러리 개발 및 오픈 소스 라이브러리 실무 경험이 있으신 분
- Machine Learning에 대한 전반적인 이해 및 실무 경험이 있으신 분","- 컴퓨터 공학, 전산 혹은 전기전자 계열 학과 석사 학위 이상자
- ARCore, ARKit등으로개발 경력을 보유하신 분
- Unity 활용 가능하신 분
- iOS vision framework 및 iOS 기반 GPU 프로그래밍
- Deep learning 프레임워크의 단순 사용에서 벗어나 커스터마이징을 통한 확장성을 갖추신 분","• 창의적이고 수평적 의사소통을 위해 영어닉네임을 사용해요!
• 강남 출퇴근 직장인의 로망! 학동역 9번 출구에서 더도덜도말고 5초 초역세권이에요!
• 최고의 복지는 착하고 착한 동료지요. 모두가 다 착한 신기한 기업이에요!
• 편의점 뺨치는 수준의 탕비실! 입이 심심하지 않게 각종 간식과 음료를 제공해요!
• 뒤도 돌아보지 않고 놀러갈 수 있는 간지력. Refresh 휴가 지원해드려요!
• 태어나줘서, 그리고 함께 일해줘서 고마워, 생일 당일 조기퇴근 + 상품권 증정해드려요!
• 늘 집에 가고 싶어하는 그대를 위한 작은 배려, 명절 조기퇴근 + 명절 선물 제공해드려요!
• 좋은 사람 있으면 소개시켜줘~ 추천 인재가 함께하게 된다면 최대 300만원을 지급해드려요!
• 늦게까지 열일한 용사여, 저녁 식사와 택시비 걱정마셔요! (저녁식대/택시비 지원)
• 기쁜 일, 슬픈 일 언제나 함께 하겠습니다. 경조휴가, 경조사비/물품 등을 지원합니다!","iOS
Python
TDD
AWS
Go
DevOps
NoSQL
Unity3D",학동로 211,4813,56
"CTO,Chief Technology Officer",https://www.wanted.co.kr/wd/119911,https://image.wanted.co.kr/optimize?src=https%3A%2F%2Fstatic.wanted.co.kr%2Fimages%2Fcompany%2F21837%2Fsxgojsivp2pobwts__1080_790.jpg&w=1000&q=75,CTO,월급쟁이부자들,"- 월급쟁이부자들 서비스 개발 총괄
- 개발 조직 및 문화/체계 구축
- 프로덕트 아키텍쳐 및 로드 맵 설계 

＜기술스택＞
- Front Framework : Vue, React 
- Back Framework : Springboot
- Cloud : AWS, GCP
- DB : MySQL, MariaDB","- 웹 개발(프론트/백엔드) 실무 경력 10년 이상
- CTO 또는 조직 관리자로서의 경력 3년 이상
- 고객중심적 사고로 다양한 협업부서와 원활한 소통이 가능하신 분","- 이커머스/동영상플랫폼/LMS 설계, 개발, 운영 경험
- 신규 서비스 런칭 경험
- 대용량 트래픽 처리 경험
- Cloud기반(AWS/GCP) 서버 구축 및 운영 경험
- 협업툴(Jira, Notion, Github 등) 사용 경험이 있으신 분","[근무조건]
근무 형태 : 정규직 (수습기간 3개월) 
급여 조건 : 면접후 협의 (동종업계 이상 대우) 
근무지 : 서울시 강남구 역삼로 140 청암빌딩 5층 월급쟁이부자들 
근무시간 : 주 5일 (월~금) 09:00~18:00

[전형절차]
서류전형 - 1차면접 - 2차면접 - 최종합격
*면접은 총 2회에 걸쳐 진행되나 필요에 따라 추가 면접이나 과제 제출을 요청할 수 있습니다. 

[근무환경 및 복지]
""직원도 부자가 될 수 있도록""
동종업계 110% 수준의 연봉체계
100만 원 상당의 1:1 재무코칭 연 1회 지원 
직원대상 재테크 강의 연 2회 지원 
우수직원제도 : 4년 내 시세차익 2배 상승 가능한 아파트 추천 
부동산 투자시 직접적인 도움
내집마련 및 부동산, 재테크 관련 정보 제공  

""함께 성장할 수 있도록 "" 
연 100만 원 이내 자기계발 비용 지원 (업무유관) 
업무 역량 강화 & 자기계발 관련 컨퍼런스/세미나/교육비 지원 업무
관련 페어 참여시 티켓 및 식사비 지원 
분야 제한 없이 도서비 지원 및 사내 도서관 운영 
월급쟁이부자들 서비스 내 클래스 수강 
분야별 전문가 초청, 사내 강연 진행  

""업무에 집중할 수 있도록"" 
업계 최고 수준 사양의 장비 및 다양한 업무 툴 지원 
평일 저녁 식사비 지원 
별도의 승인 없이 자율적인 휴가 사용 (연차, 반차 등) 
3년 근속 시 2주 간의 리프레쉬 휴가 지원 
5, 10년 근속 시 4주 간의 리프레쉬 휴가 지원 
출퇴근시간 유연근무제 시행

""함께할 수 있도록"" 
고급 커피 무료 제공, 사내 매점 운영 (간식 지원)
반기 워크샵 진행 (제주도, 해외 등)
직원 건강검진 지원 
생일 및 명절 선물 지원 
각종 경조사 지원 
회식비 지원","React
Java
JavaScript
AWS
Spring Boot",강남구 역삼로 140 청암빌딩 5층 월급쟁이부자들,3852,25
"CTO,Chief Technology Officer",https://www.wanted.co.kr/wd/99388,https://image.wanted.co.kr/optimize?src=https%3A%2F%2Fstatic.wanted.co.kr%2Fimages%2Fcompany%2F9900%2F7ayrouesdrr3tcmi__1080_790.jpg&w=1000&q=75,SW 엔지니어/3D테크,카펜스트리트(에이콘3D),"자사 베타 서비스인 ‘에이블러(창작 전용 3D 모델 편집 툴)’ 관련 아래 업무들
• 콘텐츠 창작 방식을 리드할 수 있는, 3D와 관련된 다양한 연구 및 제품 개발 진행
• Unreal Engine, Unity, Blender등 각종 3D 엔진중 우선도에 따라 이를 기반으로 한 자사의 플러그인 및 어플리케이션 개발
• 회사 내 다양한 팀과 협업하여 서비스 런칭 후, 유저 피드백을 반영하여 서비스 유지보수","• 컴퓨터 공학, 그래픽스 관련 전공 학위를 보유하시거나, 유사한 분야의 교육과정을 이수하신 분
• C++/C# 또는 파이썬을 이용하여 원활하게 개발이 가능하신 분
• Git / Github 기반의 협업에 익숙하신 분
• 실패를 두려워하지 않고, 끊임없이 여러 시도를 하며 창의적인 문제해결을 좋아하시는 분
• 새로운 기술들을 사용하는 것에 관심이 많고, 자기개발을 좋아하시는 분","• 게임, CG업계에 대한 관심이 있으시거나 OpenGL활용 경험이 있으신 분
• Unreal Engine, Unity를 사용하여 규모와 관계없이 프로젝트 개발을 진행해보신 분
• 3년 이상 실무경험이 있으신 분
• 스타트업 및 IT 업계에서 서비스와 함께 해보셨거나 관심이 있으신 분
• 웹툰이나 게임 등 콘텐츠를 즐기시는 분","• 뷰가 좋고, 쾌적한 위워크 삼성2호점 공유 오피스 근무 (삼성역 1분 거리)
• 자율 원격 근무
• 식대 월 40만 원 (개인 법인카드 지급)
• PC/노트북, 모니터, 노트북 거치대 등 필요한 사무용품 신청 시 제공
• 업무에 필요한 도서, 교육, 세미나 지원
• 내년 휴가 당겨 쓰기 가능
• 시간 단위로 휴가 사용 가능
• 격주 금요일마다 카펜 랜덤 런치 (랜덤 4인과 점심 먹기) 점심 식대 12,000원
• 월 팀 회식비 인당 3만원 (분기 내 합치기 가능)
• 명절 선물
• Slack, Notion, Google 활용을 통한 효율적 업무 커뮤니케이션","Git
Azure
GraphQL
TypeScript",강남구 테헤란로 518 위워크 삼성2호점,3982,42
"CTO,Chief Technology Officer",https://www.wanted.co.kr/wd/56327,https://image.wanted.co.kr/optimize?src=https%3A%2F%2Fstatic.wanted.co.kr%2Fimages%2Fcompany%2F19650%2F9ft8a8cwzx5id3iv__1080_790.jpg&w=1000&q=75,CTO,딜리버리랩,"ㆍ플랫폼 조직 총괄(개발팀 & 데이터분석팀)
ㆍ개발 조직 리소스 관리 및 개발 문화 구축
ㆍ프로덕트 아키텍처 설계
ㆍ서비스와 비전을 기술로써 풀어내는 로드맵 설계
ㆍ신기술 도입","ㆍCTO/개발 조직 매니저로서 10명 내외 팀을 이끌어본 경험
ㆍ개발 실무 경력(Web and App 개발 경험) 6년 이상
ㆍ스타트업 IT기업에서 관리자 경력 2년 이상
ㆍ프로덕트 개발 및 운영 경험
ㆍ형상관리 경험(Git 사용)
ㆍ다양한 상황에서 최적의 솔루션을 찾을 수 있는 문제해결능력 
ㆍ원활한 커뮤니케이션 역량","ㆍ외식산업, 유통산업, 플랫폼산업 경험이 풍부하신 분 
ㆍ신기술 및 신사업에 두려움이 없으신분
ㆍ본인이 어떤 일을 해야 하는지 스스로 정의할 수 있는 분 
ㆍ목표에 대한 강한 책임감과 배움에 대한 의지를 갖추신 분 
ㆍ팀으로 일하는 것을 넘어 좋은 문화의 팀을 구축할 수 있는 분 
ㆍ해당 분야 석사 학위 이상이신 분","[자유롭고 서로 존중하는 분위기]
ㆍ자유로운 연차, 반차, 반반차 사용
ㆍ직급 없는 문화 (히어로명 호칭)
ㆍ강제 회식 등 꼰대 문화 X
ㆍ정장No! 자유로운 복장 Yes!

[동기부여 및 보상]
ㆍ직무별 인센티브 제공
ㆍ2년 만근 시 최대 10일 리프레시 휴가 지원
ㆍ생일 반차 지원
ㆍ청년내일채움공제 적극지원
ㆍ명정 선물 지원
ㆍ리프레시 데이 지원

[일하고 싶은 근무환경]
ㆍ간식, 커피, 제빙기 제공
ㆍ자율 회의비, 회식비 제공
ㆍ효율적인 듀얼모니터 지원
ㆍ사무기기 구매 지원
ㆍ지하철 도보 5분 이내

[자기개발 적극 지원]
ㆍ도서비 무제한 지원
ㆍ사내 스터디 비용 지원
ㆍ직무별 맞춤 교육 지원","MySQL
Java
PHP",서울시 성수동 2가 277-175 이레타워 2층 201호,없음,없음
"CTO,Chief Technology Officer",https://www.wanted.co.kr/wd/97316,https://image.wanted.co.kr/optimize?src=https%3A%2F%2Fstatic.wanted.co.kr%2Fimages%2Fcompany%2F28660%2Frcotjym8e8rwynxk__1080_790.jpg&w=1000&q=75,백엔드 엔지니어,플피,"• TypeScript 기반 REST API서버 개발
• Discord.js 이용한 Discord Bot 서비스 개발
• [Socket.IO](","• 웹 서비스에 대한 이해가 있으신 분
• JavaScript 생태계를 사랑하시는 분
• 코드 리뷰에 긍정적이고, 원활한 커뮤니케이션이 가능하신 분
• TypeScript 기반의 REST API서버 개발 및 운영 경험이 있으신 분
• [Socket.io](","• Log 처리 및 분석 경험이 있으신 분
• 테스트 케이스 작성 경험이 있으신 분
• 모던 웹 프론트엔드에 대한 이해가 있으신 분
• GraphQL 이용한 프로젝트 경험이 있으신 분
• Discord.js 사용하여 프로젝트를 진행해 보신 분
• 다양한 환경에서의 Failover 처리에 대한 경험이 있으신 분
• AWS 등 클라우드 환경에서의 배포 및 운영 경험이 있으신 분
• 학습과 성장에 관심이 많고, 자기 개발을 위해 꾸준히 노력하시는 분","• 4대보험
• 인센티브
• 자율복장
• 수평조직
• 스톡옵션
• 특별보너스
• 단독오피스
• 주차장지원
• 유연근무제
• 재택근무제
• 원격근무제
• 자율출퇴근
• 휴가무제한
• 중식석식제공
• 업무장비지원
등등..","Git
Github
Android
iOS
MySQL
React
C / C++
HTML
JavaScript
Python
SQL
AWS
C++",서울특별시 강남구 청담동 59-10,4318,19
"CTO,Chief Technology Officer",https://www.wanted.co.kr/wd/117069,https://image.wanted.co.kr/optimize?src=https%3A%2F%2Fstatic.wanted.co.kr%2Fimages%2Fcompany%2F29355%2Fsek1vhycenvtg8t0__1080_790.jpg&w=1000&q=75,개발 Lead,라이드,"• 서비스 구현을 위한 개발 전략 수립
• 신규 서비스 런칭 및 기존 서비스 운영 이슈 총괄
• 개발 팀 빌딩 및 리딩, 개발 문화 구축
• 개발 하드웨어, 소프트웨어 아키텍트 설계
• 기술 로드맵 제시
• 업무 체계 고도화 및 생산성 향상을 위한 매니지먼트","• 풀스텍 개발자
• Web/App 서비스 개발 및 조직 매니지먼트 경력 5년 이상
• 동시다발적으로 진행되는 여러 프로젝트의 우선순위를 설정하고 관리해보신 분
• 개발자, 기획자 및 협업 직원과 원활한 커뮤니케이션 능력을 갖추신 분
• EV Mobility 관련 앱 개발 경험이 있으신 분","• 모바일 앱 기획 및 런칭 경험이 있으신 분
• Kotlin, Mariadb, Spring JPA 운영/활용 경험이 있으신 분
• FB, BE, 기획자, 디자이너가 사용하는 여러 툴, 언어, 환경에 대한 깊은 이해도와 역량이 있으신 분
• 플랫폼 산업, EV(전기차) 산업에 대한 높은 이해도/관심도
• 디지파츠 & 면허증 인증 중계 서버 경험이 있으신 분
• 스타트업 경험이 있으신 분","• 탄력근무
• 기여도에 따라 스톡옵션 부여
• 이태원역 도보 5분 거리 사무실 위치
• 희망 장비 등 필요한 전자기기 지원
• 자유 복장
• 경조사 지원","Slack
Kotlin
JPA",서울특별시 용산구 이태원로 223-5,5534,4
"CTO,Chief Technology Officer",https://www.wanted.co.kr/wd/114521,https://image.wanted.co.kr/optimize?src=https%3A%2F%2Fstatic.wanted.co.kr%2Fimages%2Fcompany%2F25239%2Fnz3o8tus9lav8ows__1080_790.jpg&w=1000&q=75,CTO,스튜디오랩(STUDIO LAB),"[Lead & Management Role] 
초기 개발팀을 세팅해야하는 상황으로 개발팀을 빌딩하고, 사람들과 함께 소통하며 새로운 프로덕트를 만들어 가는 것을 즐기시는 분, 전체 10년 이내의 경력을 가지신 분들 중 주니어 개발자와 즐거운 분위기에서 개발 진행가능하신 분 

- 서비스 개발 총괄
- 개발 팀 빌딩, 개발 체계와 문화 구축
- 프로덕트 아키텍처 설계
- 기술 개발 로드맵 설계 및 관리
- 새로운 프로젝트에 대한 기술 검토 , 파일럿 테스트를 위한 개발 아키텍쳐 구성

[Product 개발] 
• 현재 베타 서비스 중인 셀러캔버스 (","• 개발 프로젝트를 리딩해 보신 분 중 아래의 경험이 있으신 분 선호 

- 웹베이스 그래픽 에디터 툴, 위즈위그, 오소링 툴 개발을 주도적으로 진행해 보신 분
- 문서자동화 편집 툴, 이미지/동영상 편집 툴 개발 경험이 있으신 분
- 머신 비전 / 이미지 캡셔닝 등을 활용한 서비스 개발 경력 

• 개발 management 만이 아니라 개발 실무를 하시는 분 

• 관련 전공 학사 이상 학위 소지자  (석박사 우대)

• 실무 개발 경력 최소 4년 이상 (웹 개발 경력 우대)
- SI 쪽이 아닌 서비스, 제품을 직접 개발 해보신 경력이 있으신 분 
- 전체 경력이 10년 이하이신 분 검토 

• 해외 출장에 결격 사유가 없는 자","• 자기 주도적인 개발에 익숙하신 분
• 스타트업에서의 개발 경험 및 팀원들과의 프로젝트를 리딩해보신 분
• 최신 머신러닝에 대한 이해도가 있으신 분 혹은 개발 진행해 보신 분
• React를 활용한 서비스 개발에 능숙하신 분
• C/C++ 능숙하게 사용이 가능하신 분","[팀 문화]
• 개발팀 복지 관련하여 CTO께서 자유롭게 제안하실 수 있고, 
  업무 및 라이프 밸런스를 위한 문화를 직접 만들어 가실 수 있습니다. 

[기본 혜택]
 - 필요한 장비 및 고사양 업무 기기 지원 
 - 온라인 교육에 대한 교육비, 도서구입비 등 지원  
 - 점심 식비 제공 (야근 필요 시, 석식 / 야식 원하는 대로 제공) 
 - Lead 의 판단에 따라 팀원 추가, 외주 개발 투입 등 리소스 지원 가능","React
Tensorflow
JavaScript
Data Analysis
AWS","서울시 강남구 강남대로 62길 31 (예원빌딩, 역삼동)",4278,4
"CTO,Chief Technology Officer",https://www.wanted.co.kr/wd/58593,https://image.wanted.co.kr/optimize?src=https%3A%2F%2Fstatic.wanted.co.kr%2Fimages%2Fcompany%2F11199%2Ffpbx5hjfgppnlkjz__1080_790.jpg&w=1000&q=75,IT팀 리더,윙크스톤파트너스,"ㆍ금융 업무시스템 관련 솔루션 설계/구축 및 운영
ㆍ핀테크 여신/투자 인터페이스 시스템을 운영 및 개선
ㆍIT개발 프로젝트 리드","ㆍ금융 시스템 운영 및 구축 경험
ㆍ전반적인 시스템 구조를 설계할 수 있는 넓은 시야, 기술을 리딩할 수 있는 능력
ㆍ대용량 환경의 통신단 프로그램 개발 및 운영 경험
ㆍ트러블 슈팅을 빠르고 능숙하게 진행하고 문제를 혁신적으로 개선할 수 있는 기술이해도","ㆍ금융권에서 유사한 형태의 시스템을 운영하고 구축해보신 분
ㆍ핀테크 기업에서 팀장급 이상의 역할을 경험하신 분
ㆍ시스템 간 인터페이스를 설계하고 구현해본 경험이 있으신 분","혜택 및 복지
• 식대지원 : 한국인은 밥심! 점심(1만원), 저녁(1.5만원) 지원
• 전직원 개인 법인카드 지급 : 식대, 야근교통비 등에 사용
• 교통비 지급 : 외근, 야간근로, 휴일근로 시 택비시 실비 지원
• 자유로운 연차사용 : 눈치보지 않고 연차, 반차, 반반차 사용
• 즐거운 파티시간 : 생일, 연말 등 특별한 날 오피스파티 진행
• 종합건강검진 : 본인 외 직계가족 포함 제휴가격으로 검진 가능
• 자기계발 지원 : 피트니스, 약제비, 도서구매, 자기계발 교육비 지원
• 자격증 취득 지원 : 업무관련 자격증 취득을 위한 비용 최대 100만원 100% 지원
• 최적의 업무환경 제공 : 업무 효율성 상승을 위한 최고급 IT 장비 지원
• 협업 업무툴 적극 도입 : Slack, Notion, Workpalce, Jira, Confluence, Figma, Adobe 등","AngularJS
React
VueJS","서울시 영등포구 의사당대로 83, 오투타워 5층, 16층",3897,20
"CTO,Chief Technology Officer",https://www.wanted.co.kr/wd/73141,https://image.wanted.co.kr/optimize?src=https%3A%2F%2Fstatic.wanted.co.kr%2Fimages%2Fcompany%2F5476%2Fodzbzu8fpdefn9ai__1080_790.jpg&w=1000&q=75,CTO,하이어엑스,"CTO
- 개발 조직 총괄 / 인재 영입 및 관리, 문화 구축
- 사업과 프로덕트를 기술로 풀어내는 로드맵 설계
- 프로덕트 팀과 함께 개발 로드맵을 수립하고 필요한 기술 검토
- 성과 중심 개발 문화를 이끌어 주는 Tech Advisor","- 개발 실무 경력 10년 이상, CTO 경험 또는 팀 리드 경력 2년 이상
- 비즈니스 요구사항을 이해하고 필요한 시스템 구조와 데이터 모델을 설계한 경험
- AWS, GCP 등의 클라우드 환경에서 서비스 개발, 배포 및 운영 경험
- 복잡한 비즈니스 요구사항을 풀어내며 적극적이고 원활한 커뮤니케이션이 가능하신 분
- 외부 연동/제공 API 개발 경험 또는 그에 필요한 기술 이해가 있으신 분
- Git 등의 분산 버전 관리 시스템 이용 경험이 있으신 분","- 아래 산업 경험을 가지고 있는 분
    -＞ O2O 매칭 서비스 / 채용, 추천 서비스
- 개인으로써의 역량보다 팀 빌딩을 통해 더 큰 성과를 올리고자 하는 분
- 기술 자체에 대한 관심보다 사업적 성과를 위한 기술 응용에 더 관심있는 분","- 오전 8.5시~11시 자유롭게 출근하는 자율 탄력근무 제도
- 매 주 3회(수/목/금), 원하는 곳에서 일하는 리모트 근무 제도
- 매 월 1회, 평일 오후 함께 노는 리프레시 문화데이 제도
- 점심 식사는 기본 지원, 퇴근이 늦어진다면 저녁 식사도 지원
- Macbook pro, LG그램 등 업무에 필요한 최고급 장비를 제공
- 규율과 자율 위에 주도적인 업무 환경 및 성장 기회 제공
- 자기 계발 및 성장에 필요한 비용(도서, 세미나, 교육 등)을 지원
- 눈치 보지 않는 퇴근 문화 / 별도의 승인 절차가 없는 자율 휴가제를 운영","React
Redis
Java
TypeScript
AWS
PostgreSQL
Gradle
JPA
Spring Boot","서울특별시 중구 남대문로9길 24, 패스트파이브 시청 1호점 3층 하이어엑스",없음,없음
"CTO,Chief Technology Officer",https://www.wanted.co.kr/wd/60575,https://image.wanted.co.kr/optimize?src=https%3A%2F%2Fstatic.wanted.co.kr%2Fimages%2Fcompany%2F5476%2Fodzbzu8fpdefn9ai__1080_790.jpg&w=1000&q=75,개발 리더 (Tech Lead),하이어엑스,"Platform DEV Tech lead

- 확장하는 프로덕트 요구사항을 수용할 수 있는 백엔드-프론트엔드 아키텍처 설계
- 사업과 프로덕트를 기술로 풀어내는 로드맵 설계
- 프로덕트 팀과 함께 개발 로드맵을 수립하고 필요한 기술 검토
- 성과 중심 개발 문화를 이끌어 주는 Tech Advisor
- 시스템을 파악하기 위해 필요한 코드리뷰","- 개발 실무 경력 7년 이상, 팀 리드 경력 2년 이상
- 비즈니스 요구사항을 이해하고 필요한 시스템 구조와 데이터 모델을 설계한 경험
- AWS, GCP 등의 클라우드 환경에서 서비스 개발, 배포 및 운영 경험
- 복잡한 비즈니스 요구사항을 풀어내며 적극적이고 원활한 커뮤니케이션이 가능하신 분
- 외부 연동/제공 API 개발 경험 또는 그에 필요한 기술 이해가 있으신 분
- Git 등의 분산 버전 관리 시스템 이용 경험이 있으신 분","- 아래 산업 경험을 가지고 있는 분
   -＞ O2O 매칭 서비스 / 채용, 추천 서비스
- 개인으로써의 역량보다 팀 빌딩을 통해 더 큰 성과를 올리고자 하는 분
- 기술 자체에 대한 관심보다 사업적 성과를 위한 기술 응용에 더 관심있는 분","- 오전 8.5시~11시 자유롭게 출근하는 자율 탄력근무 제도
- 매 주 3회(수/목/금), 원하는 곳에서 일하는 리모트 근무 제도
- 매 월 1회, 평일 오후 함께 노는 리프레시 문화데이 제도
- 점심 식사는 기본 지원, 퇴근이 늦어진다면 저녁 식사도 지원
- Macbook pro, LG그램 등 업무에 필요한 최고급 장비를 제공
- 규율과 자율 위에 주도적인 업무 환경 및 성장 기회 제공
- 자기 계발 및 성장에 필요한 비용(도서, 세미나, 교육 등)을 지원
- 눈치 보지 않는 퇴근 문화 / 별도의 승인 절차가 없는 자율 휴가제를 운영","React
Redis
Java
TypeScript
AWS
PostgreSQL
Gradle
JPA
Spring Boot","서울특별시 중구 남대문로9길 24, 패스트파이브 시청 1호점 3층 하이어엑스",없음,없음
"CTO,Chief Technology Officer",https://www.wanted.co.kr/wd/92220,https://image.wanted.co.kr/optimize?src=https%3A%2F%2Fstatic.wanted.co.kr%2Fimages%2Fcompany%2F27965%2F8qsxgvgaboif3iu3__1080_790.jpg&w=1000&q=75,개발총괄(CTO),카르도,"• 개발 경력 최소 8년 이상으로 조직 리딩 경력 있는 분
• 개발조직 인재 영입 및 관리, 문화 구축
• 아키텍처 전략 수립 및 개발 총괄
• 고가용성의 확장 가능한 시스템 설계/운영 경험 있는 분
• 대규모의 실시간 트래픽을 처리하는 시스템 개발 경험 있는 분
• Node.js, Typescript, React 기반의 개발 경험 있는 분
• 비동기, 함수형 프로그래밍에 대한 이해가 있으신 분
• 자료구조, 네트워크 등 지식 경험을 보유하신 분
• Mission-Critical 한 서비스 운영 환경을 즐기며 높은 책임감으로 탄탄한 서비스를 리딩하며 같이 만들어 갈 수 있는 분
• 성능 최적화와 운영 자동화를 위한 지속적인 노력을 하는 분","• 관련 경력 8년~15년사이(나이무관)
• 리더쉽을 갖고 조직 운영을 해본 분
• 실패를 두려워하지 않고 빠르게 실행하고 효율을 분석하는 분","• 블록체인 서비스 개발 및 서비스 경험 지식
• 금융사업 경력자 우대","• 자유로운 휴가사용
• 다양한 교육기회
• 고사양 장비제공","React
Node.js
TypeScript",강남대로340 경원빌딩 7층,없음,없음
"CTO,Chief Technology Officer",https://www.wanted.co.kr/wd/114955,https://image.wanted.co.kr/optimize?src=https%3A%2F%2Fstatic.wanted.co.kr%2Fimages%2Fcompany%2F7095%2F3ukufkqas3nmzrwr__1080_790.jpg&w=1000&q=75,기술전략 매니저,니어스랩,"• 기술력과 제품 경쟁력 확보 및 증명: 니어스랩의 기술력과 제품 경쟁력을 증명합니다. 경쟁 제품 분석, 특허 전략 수립 및 특허 관리, 기술 인증, 논문 실적 관리 등의 업무가 포함됩니다.
• 신기술 탐구: 기술 동향 분석을 분석하고 미래를 예측하여 기술 발전의 로드맵을 제시합니다.
신제품 발견: 전략팀과 협업하여 신사업 & 신제품을 발굴하고 추진합니다.
• 제품 실행: 제품 개발팀이 고객을 위한 제품을 만들 수 있는 토대를 수립합니다. Product Owner, Technical Project Manager들과 논의하여 제품 목표 방향을 제시합니다. 각 목표에 따라 제품이 잘 개발되고 있는지 현황을 파악합니다.
• 개발 문화 세팅 : 니어스랩 엔지니어들이 일하는 방식을 세팅합니다. 개발 체계 잡기, 개발 문화 장려하기 등이 있습니다.
• 엔지니어 채용 파이프라인 지원: 채용 담당자와 협업하여 엔지니어 채용 전략을 고민하고 파이프라인을 관리합니다.
• 지원 사업 관리: 제품 개발을 위한 각종 지원 사업을 제안하고 관리합니다.
• 가장 중요한 내용으로, 변화하는 비즈니스 환경에 맞춰 회사와 제품, 기술을 성장시키기 위해 위에 열거되지 않은 많은 일을 처리해야 합니다.","• 니어스랩은 “드론으로 세상에 새로운 시각을 더한다.”는 미션 아래 모였습니다. 드론이 새로운 시각으로 세상을 바라봐 얻은 데이터가 세상에 가치를 줄 것이라는 저희의 믿음에 깊이 공감하시는 분이어야 합니다.
• 엔지니어 관점에서만 생각하는 것이 아니라 고객 관점에서 생각할 수 있는 분이어야 합니다. 내가 말한 내용, 내가 쓴 글, 내가 만든 제품이 다른 사람에게 어떻게 보일지 상대방의 입장에서 생각할 수 있어야 합니다.
• C”T”O Staff입니다. 기술에 대한 높은 이해가 있어야 합니다. 니어스랩의 기술 영역인 항공, 전산, 기계, 전자 혹은 관련 분야를 전공하거나 업계 경력이 있어야 합니다. 단순히 한 가지 분야가 아니라 주 전공 분야를 바탕으로 넓은 영역에 경험이 있는 분이면 좋겠습니다. 기술을 베이스로 하여 경영에 대한 지식이나 경험이 있으면 베스트입니다.
• 논리와 근거로 소통하는 분을 원합니다. 주어진 자료를 단순히 나열하는 사람이 아니라 그 자료의 이면에 숨어 있는 인사이트를 찾아내고 그것을 논리적으로 기술할 수 있는 분이 필요합니다.
• 자신의 생각을 글로 설득력 있게 잘 표현할 수 있는 분이어야 합니다. CTO의 일의 많은 부분은 설득을 하는 것입니다. 여기서 설득은 고객과 투자자 같은 외부와 내부의 크루 모두를 포함합니다. 외부에는 우리 기술과 제품의 우수성을 설득시켜야 하고, 내부의 크루는 우리가 왜 이 방향으로 나아가야 하는지, 왜 이 일을 해야 하는지 설득할 수 있어야 합니다. 비즈니스 세계에서는 많은 부분이 글로 (이메일, Slack, 기술 문서, 발표 자료 등등) 이루어지기에, 자신의 생각을 글로 잘 표현할 수 있어야 합니다.
• 팀플레이어야 합니다. 니어스랩의 전체 크루는 70명이 넘습니다. 본사 서울뿐만 아니라 대전 연구소, 호주, 독일, 노르웨이 등 다양한 지역에서 다양한 국적의 다양한 분야의 사람들이 함께 팀으로 일하고 있습니다. CTO Staff는 니어스랩의 커다란 한 축인 기술의 주요 Staff로써 이 모든 크루와 상호 작용하며 업무를 진행해야 합니다. 그래서 상대방과 원활하게 소통하고 다른 크루와 상호 협력을 이끌어 낼 수 있는 팀플레이어야 합니다.
• 자율적으로 책임감 있게 일하는 분이어야 합니다. 주도적으로 의견을 내고 책임감 있게 마무리를 지을 수 있어야 합니다.
• 스타트업은 성장입니다. 매번 상상도 하지 못한 새로운 문제를 맞닥뜨리고 헤쳐 나가야 합니다. 새로운 분야에 담대히 도전하고 풀어나가는 과정 자체를 즐기는 분이어야 합니다.
• 높은 업무 강도에서 오는 높은 성장을 즐기는 분이어야합니다. 솔직히 말씀드리면, 업무량이 많고 급박하게 돌아갑니다. CTO는 제품과 기술의 총 책임자입니다. 이는 최종 수비수, 혹은 골키퍼라는 말과 같습니다. 엔지니어 조직이 일을 할 수 있도록 가장 앞서서 세팅해야하고, 우리의 기술과 제품에 생기는 문제를 가장 마지막에 방어해야 합니다. 대신 그 어떤 곳에서보다 빠르게 성장하실 수 있을 것이라 말씀드리겠습니다.","• 창업경험이 있으신 분
• 엔지니어로의 경험과 기술 경영 전략 경험을 함께 해보신 분
• 제품 및 기술 로드맵 수립에 참여해보신 분
• 드론 업계 경험자


""니어스랩 CTO 기술전략 Staff로서, 이런 것들을 얻을 수 있습니다""

• 향후 창업에 생각이 있으신 분, 특히 테크 스타트업의 CTO를 생각하시는 분께 강력 추천합니다. 실제 기술 기반 스타트업이 돌아가는 모습을 생생히 경험할 수 있습니다. 이는 향후 창업을 하실 때 큰 도움이 될 것이라 생각합니다.
• 니어스랩은 신사업을 준비하고 있습니다. 잠재된 기술을 어떻게 신사업으로 런칭하는지 그 과정을 생생하게 지켜볼 수 있습니다.
• 기술 기반 스타트업이 어떻게 기술로 고객을 만족시키는지 경험할 수 있습니다.
• CTO의 업무는 경영자와 엔지니어 양쪽에 걸쳐있습니다. 양쪽의 목소리를 다 듣고 그 사이를 조율하는 업무를 경험해볼 수 있습니다.
• 니어스랩은 시리즈 C 투자를 유치하였습니다. 창업부터 시리즈 C까지 쌓아온 히스토리를 간접적으로 체험해볼 수 있으며, 시리즈 C이후 본격적으로 사업 영역을 넓혀가는 기술 스타트업의 성장 페이즈를 똑똑히 지켜볼 수 있습니다.
• 기술 제품을 글로벌 시장에 적용하는 경험을 할 수 있습니다.
• 다양한 분야의 뛰어난 사람들을 융합한 하나의 팀이 하나의 미션을 향해 달려가는 모습을 설계하고 경험할 수 있습니다.
• 기술을 사업화하는 과정에서 실제로 일어나는, 책이나 수업에서는 배우기 힘든 다양한 케이스를 경험해볼 수 있습니다.
• 시장의 경쟁에서 기술력을 증명하고 우리의 제품을 보호하는 것을 경험할 수 있습니다.
• 그 무엇보다 중요한 것은 무섭게 성장하고 있는 기술 기반 스타트업의 현장에서 함께 고민하고 의사 결정에 참여하는 기회를 가질 수 있습니다. 이를 위해 CTO Staff에게는 많은 정보가 함께 공유될 예정입니다. 알아야 주도적으로 일을 할 수 있기 때문입니다.","“니어스랩 크루들이 마음껏 꿈꾸고 일할 수 있는 조직을 만들고 있어요”

1. 자율적이고 수평적인 업무 문화를 지향합니다

- 자율 출퇴근 제도 : 오전 8~10시 사이에 자유롭게 출근하여 퇴근할 수 있도록 시차출퇴근 제도를 운영합니다. 크루의 컨디션과 일정에 따른 업무 몰입을 지원합니다.
- 자율복장 : 니어스랩은 크루들의 개성과 패션을 존중합니다. 옷을 입기만 하면 상관 없어요 :)
- ‘님’ 호칭 사용 : 직급 구분이 없으며 ‘님’ 호칭을 사용하여 수평적인 조직 환경 속에서 근무합니다.

2. 아낌 없는 복지 혜택을 제공합니다

- 겨울 리프레쉬 휴가(유급) : 매년 12월 마지막 주 전사 Off! 최대 10일 동안 겨울방학이 주어집니다. 열심히 일한 만큼 즐겁게 쉬어요 :)
- 무료 건강검진 : 1년 이상 재직자에게 연 1회 무료 건강검진을 지원합니다. (재직자 가족 할인 혜택 제공)
- 점심식사 지원 : 개인 법카로 각자 원하는 메뉴를 자유롭게 즐깁니다. (feat. 니슐랭가이드)
- 간식/커피/음료 무제한 제공 : 취향에 따라 매일 다른 40가지 이상의 간식이 무제한으로!
- 야근 식사/택시비 지원 : 조금이라도 피로를 덜 수 있게 아낌없이 지원합니다.

3. 최적의 근무 환경을 제공합니다

- 쾌적한 사무실 : 깔끔하고 모던한 인테리어는 기본, 호텔급 화장실과 수면실을 누려보세요.
- 최신 장비/소프트웨어 제공 : 상상을 현실로 만들 수 있도록! 최신 장비 및 소프트웨어는 물론 3D 프린터, 딥러닝 서버 등을 열린 마음으로 제공합니다.
- 도서 및 교육 지원 : 도서, 세미나, 컨퍼런스, 직무 교육을 통해 크루의 성장을 지원합니다.","C++
LiDAR","서울 강남구 논현로 417 4,5층",없음,없음
"CTO,Chief Technology Officer",https://www.wanted.co.kr/wd/43522,https://image.wanted.co.kr/optimize?src=https%3A%2F%2Fstatic.wanted.co.kr%2Fimages%2Fcompany%2F7095%2F3ukufkqas3nmzrwr__1080_790.jpg&w=1000&q=75,자율 비행 드론 시스템 소프트웨어 엔지니어,니어스랩,"• Autonomous Drone System S/W 설계 및 개발
• 기 구현 시스템 최적화 및 유지 보수
• Simulator 개발 및 유지 보수
• SDK / Plugin 개발
• 비행 제어, 퍼셉션 알고리즘 통합
• App / 지상국과 통신 S/W 개발","• 3년 이상의 S/W 개발자 경력 혹은 관련 학위
• Modern C/C++ (C++11/14) 및 Multithreading을 포함한 C/C++ 개발 경험
• 시스템 설계 및 문제 해결 능력
• 훌륭한 C++ 엔지니어로의 성장 욕구
• 긍정적인 생각과 유연한 커뮤니케이션 능력","• 테스트 자동화 및 CI 개발
• Simulator 고도화 경험
• S/W Architecture 설계 기술 (특히 Robotics S/W)
• Embedded Linux에서 구동되는 S/W 개발 경험 혹은 Embedded Firmware 개발 경험
• ROS (Robot Operating System) 프로젝트 경험
• 5년 이상의 S/W 개발자 경력 혹은 관련 학위


【 고용형태 】 
• 정규직 (수습기간 3개월 포함)

【 채용절차 】 
• 서류전형 → 코딩테스트 → 1,2차 면접 → 최종합격
• 지원서 : 자유양식 / 포트폴리오 : 자유양식, 기여도 필수 기재
• 그 외 포트폴리오 등 업무역량을 알 수 있는 자료가 있다면 자유롭게 보내주세요:-) 
• 최종합격 전 처우 협의가 진행됩니다.
• 각 절차별 합격자에 한해 다음 절차가 진행됩니다.","“니어스랩 크루들이 마음껏 꿈꾸고 일할 수 있는 조직을 만들고 있어요”

1. 자율적이고 수평적인 업무 문화를 지향합니다

- 자율 출퇴근 제도 : 오전 8~10시 사이에 자유롭게 출근하여 퇴근할 수 있도록 시차출퇴근 제도를 운영합니다. 크루의 컨디션과 일정에 따른 업무 몰입을 지원합니다.
- 자율복장 : 니어스랩은 크루들의 개성과 패션을 존중합니다. 옷을 입기만 하면 상관 없어요 :)
- ‘님’ 호칭 사용 : 직급 구분이 없으며 ‘님’ 호칭을 사용하여 수평적인 조직 환경 속에서 근무합니다.

2. 아낌 없는 복지 혜택을 제공합니다

- 겨울 리프레쉬 휴가(유급) : 매년 12월 마지막 주 전사 Off! 최대 10일 동안 겨울방학이 주어집니다. 열심히 일한 만큼 즐겁게 쉬어요 :)
- 무료 건강검진 : 1년 이상 재직자에게 연 1회 무료 건강검진을 지원합니다. (재직자 가족 할인 혜택 제공)
- 점심식사 지원 : 개인 법카로 각자 원하는 메뉴를 자유롭게 즐깁니다. (feat. 니슐랭가이드)
- 간식/커피/음료 무제한 제공 : 취향에 따라 매일 다른 40가지 이상의 간식이 무제한으로!
- 야근 식사/택시비 지원 : 조금이라도 피로를 덜 수 있게 아낌없이 지원합니다.

3. 최적의 근무 환경을 제공합니다

- 쾌적한 사무실 : 깔끔하고 모던한 인테리어는 기본, 호텔급 화장실과 수면실을 누려보세요.
- 최신 장비/소프트웨어 제공 : 상상을 현실로 만들 수 있도록! 최신 장비 및 소프트웨어는 물론 3D 프린터, 딥러닝 서버 등을 열린 마음으로 제공합니다.
- 도서 및 교육 지원 : 도서, 세미나, 컨퍼런스, 직무 교육을 통해 크루의 성장을 지원합니다.","C++
LiDAR","서울 강남구 논현로 417 4,5층",없음,없음
"CTO,Chief Technology Officer",https://www.wanted.co.kr/wd/115396,https://image.wanted.co.kr/optimize?src=https%3A%2F%2Fstatic.wanted.co.kr%2Fimages%2Fcompany%2F12097%2F9mowni1uquzwon4z__1080_790.jpg&w=1000&q=75,Engineering Director,공간의가치,"• 공간의가치 소프트웨어 기술 비젼과 아키텍쳐를 세팅하는 Tech Lead
• Frontend, Backend 엔지니어링 개발 로드맵을 설계하고 추진
• 높은 퀄리티 제품을 효율적으로 만드는 개발 프로세스 설계","•  Web/App 서비스를 시작부터 끝까지 기획하고 출시해보신 분
•  Architecture 고도화 및 개발 팀 리딩 경험이 있으신 분
•  복잡한 비즈니스 요구사항을 풀어내며 적극적이고 원활한 커뮤니케이션이 가능하신 분","• 부동산 금융에 대한 이해도가 있으신 분
• AI/ML 환경에 대한 이해와 경험이 있으신 분
• 소프트웨어 전반적인 QA 및 프로젝트 관리 관련 지식이 있으신 분
• 좋은 코드, 개발 프로세스에 관심을 가지고 노력하고 계신 분
• 핀테크 프로젝트 리딩 경험
• 보상 구조 설계 및 실행
• B2B 서비스 개발 및 유지보수 경험","• 시간 : 코어시간 (오전 11시 ~ 오후 4시 30분) 외 자율적인 근무 
• 근무지 : 서울 강남 삼성역 인근 오피스 (현재 주 3일 출근 + 주2일 자율원격근무중)","React
Node.js
Python
R
TypeScript
PostgreSQL
GCP
Nginx",서울특별시 강남구 테헤란로98길,3588,22
"CTO,Chief Technology Officer",https://www.wanted.co.kr/wd/88458,https://image.wanted.co.kr/optimize?src=https%3A%2F%2Fstatic.wanted.co.kr%2Fimages%2Fcompany%2F444%2Fkpcsydi1yevrzznk__1080_790.jpg&w=1000&q=75,CTO,워드바이스,"- 사업 방향을 고려한 기술 전략과 로드맵 수립 및 실행
- 전사 기술 이슈 분석 및 해결 방안 모색
- 개발 직군의 평가, 영입 체계 관리
- 이상적인 개발 문화 조성","- 소프트웨어 아키텍처 설계 및 개발 경력 10년 이상
- 개발 조직 리드 경험
- 다양한 개발 관련 기술 스택 및 높은 이해도 보유
- 명확한 개발 계획을 수립하고 문서화 할 수 있는 분","- IT 기업 CTO 경험
- 비즈니스에 대한 높은 이해도","· 연금/보험 : 건강검진,  4대보험
· 교육/생활 : 외국어 교육지원, 도서비 지원, 간식/음료제공(차, 커피)
· 근무 환경 : 휴게실, 회의실, 공기청정기, 카페테리아, 노트북, 유료툴지원
· 조직문화 : 수평적 조직문화, 회식강요 안함, 야근강요 안함, 자유복장
· 리프레시 : 연차, 반차","Git
React
VueJS
Java
JavaScript
AWS
Spring Framework","서울시 강남구 테헤란로 205, 205빌딩 10층",3256,21
"CTO,Chief Technology Officer",https://www.wanted.co.kr/wd/60865,https://image.wanted.co.kr/optimize?src=https%3A%2F%2Fstatic.wanted.co.kr%2Fimages%2Fcompany%2F18175%2Feylceyhw5afh7bda__1080_790.jpg&w=1000&q=75,CTO,패니지먼트,"•  개발 팀 리딩 및 개발 문화 구축 (자율/권한/책임 부여)
•  개발 하드웨어, 소프트웨어, 데이터 아키텍처 설계
•  서비스를 구현하기 위한 개발 전략 수립
•  서비스를 위한 개발 기술 로드맵 제시
•  소프트웨어 엔지니어 팀 빌딩
•  서비스 안정성, 확장성을 고려한 시스템 설계","•  개발 실무 경력(Web and App 개발 경험) 8년~10년 이상이신 분
•  개발 조직을 만들고 이끌어본 경험이 있으신 분
•  B2C 서비스, B2B 서비스, 커머스 프로덕트 개발 및 운영 경험이 풍부하신 분
•  데이터, 알고리즘에 대한 깊은 이해를 갖고 계신분","• '토스', '배민', '카카오', '당근마켓' 등에서 2년 이상 관리자로서 경력을 갖고 계신 분
• 대량 트래픽 처리 경험이 많으신 분
• 데이터 분석, 정보보안 관련 경험이 있으신 분","평소 능동적으로 목표를 설정하고 도전하는 분이라면 적극 환영합니다 
패니지먼트와 함께 동반 성장의 가치를 실현하세요

• 구성원의 워라벨을 응원해요 
  - 주 5일제,  기본시간 오전10시 ~오후 7시 
    (점심시간 오후 12시30분~ 오후 1시30분)
  - 생일자 3시간 일찍 퇴근
  - 자유로운 연차/반차 사용

• 최적화된 업무 환경에서 일할 수 있어요

  - 관련 업무 시 최신형 아이맥 및 고사양PC 적극 지원

• 팀원과 함께 성장하고 싶습니다.

  - 스톡옵션 가능 

• 회식 잘 안 하는데, 하면 제대로 합니다. 안 와도 뭐라고 하진 않습니다.

• 음악을 좋아하셔야 합니다. 우리는 항상 음악을 틀어 놓습니다.","Android
ExpressJS
MySQL
React
Node.js
TypeScript
AWS","서울특별시 성동구 아차산로17길 48, SK V1 CENTER 1동",4179,11
"CTO,Chief Technology Officer",https://www.wanted.co.kr/wd/97976,https://image.wanted.co.kr/optimize?src=https%3A%2F%2Fstatic.wanted.co.kr%2Fimages%2Fcompany%2F13853%2Frrsr2zxkfflz0zh1__1080_790.png&w=1000&q=75,DevOps / Node.js 백엔드 개발자(3년 이상),플라잉캣,"• DevOps 개발 및 개선 
• node.js 로 개발된 서비스 백엔드 개발 및 개선 
• 라이더앱, 피킹패킹앱 기능 개선 개발",• 관련 경력 3년 이상,• 라이브된 서비스의 백엔드를 개발해본 경험이 있는 분.,"[주어진 업무시간에 온전히 몰입]
- 당일날 아침에도 당당히 사용하는 연차 
- 시간으로 나누어서 사용할 수 있는 연차 
- 점심 제공 
- 야근없는 근무환경
- 필요한 업무 최신 장비 제공","Git
Node.js
AWS
Laravel",서울 서초구 강남대로79길 2 은도빌딩 5층,3094,55
"CTO,Chief Technology Officer",https://www.wanted.co.kr/wd/74843,https://image.wanted.co.kr/optimize?src=https%3A%2F%2Fstatic.wanted.co.kr%2Fimages%2Fcompany%2F258%2Fmmmmy6niam0xgpyc__1080_790.png&w=1000&q=75,서버/인프라 개발자,오토위니,"• 오토위니 주요 서비스의 서버/인프라 개발
• 시스템 운영 및 개선사항 도출. 
• 백엔드 아키텍처 설계 및 개선

＜ 전체 기술스택 ＞
 - 프론트엔드 : React, ReactJS, Redux, Sass
 - 백엔드 : Java, Spring 5.x, Springboot
 - 인프라 : IDC, AWS
 - 앱 :  코틀린 / 스위프트
 - 데이터베이스 : Oracle 19c, MySQL, Redis
 - 검색 : Elastic Search
 - 협업 : Git, Bitbucket, Jira, Figma","• 실제 운영 중인 백엔드 서비스를 다년간 개발, 운영, 관리해본 경험이 있으신 분
• 주도적으로 백엔드 아키텍쳐를 설계해본 경험이 있으신 분
• AWS 등 클라우드 환경에서 서비스 개발/운영 경험이 있으신 분
• 다양한 Database(MySQL, Redis, ElasticSearch 등)를 활용한 개발 경험이 있으신 분
• 하나 이상의 언어를 능숙하게 사용하시는 분","• 상용 서비스의 DB 구조 설계 경험이 있으신 분
• 큰 규모의 백엔드 시스템을 처음부터 만들어보신 분
• 아키텍처 변경에 따른 마이그레이션 경험이 있으신 분
• 다양한 장애 상황을 극복한 경험이 있으신 분","* 대면면접 시 소정의 면접비를 제공해드리고 있습니다.

＜ 인정받고 일하기 ＞
· 이룬 성과에 대한 인센티브 지급
· 성과가 향상되면 즉시 직급 업그레이드
· 역량을 갖추었다면 연차·직급과 상관 없이 직책 부여

＜ 쉼과 균형 있게 일하기 ＞
· 눈치 보지 않고 자유롭게 연차 사용
· 7시부터 11시까지 출근할 수 있는 유연근무제 도입

＜ 사이좋게 일하기 ＞
· 한 달에 한번 다른 팀 사람들과 만나는 랜덤 런치
· 한 달에 한번 오토위니 모두가 모이는 모두 런치

＜ 건강하게 일하기 ＞
· 훌륭한 건강검진 기관에서 받는 종합 건강검진
· 년 1회 무료 치과 검진 및 스케일링

＜ 똑똑하게 일하기 ＞
· 역량 개발 지원 (1년에 50만원, 필요 시 한도 증액)
· 사내 도서관 운영 (업무와 무관한 도서도 신청 가능)
· 높은 사양의 PC 제공
· 듀얼 모니터와 모션 데스크 제공

＜ 걱정없이 일하기 ＞
· 결혼축하금(100만원), 출산축하금(50만원) 등 경조사비 지원
· 여름휴가비, 명절 귀성여비 그리고 가정의 달 선물 지급
· 생일 축하 문화상품권 지급
· 캔틴과 냉장고에 가득한 간식
· 야근 시 저녁 식대 및 교통비 제공
· (외근이 많은 직무) 의류 지급 (여름 티셔츠, 겨울 점퍼)

＜ 채용 절차 ＞
① 지원서 검토
② 1차 인터뷰 : 경력 기반 역량 (팀장급 및 실무 리드 참석)
③ 최종 인터뷰 : 경력 기반 역량, 경험 기반 인성 (오토위니 대표 및 팀장급 참석)
④ 채용 제안 : 처우와 합류 일정 협의
⑤ 온보딩","Git
Github
MySQL
React
Redis
Java
AWS
DevOps
SASS
ElasticSearch
Spring Framework
React.js
Spring Boot","서울특별시 강남구 남부순환로 2645, 한독빌딩 3층",3923,56
"CTO,Chief Technology Officer",https://www.wanted.co.kr/wd/87484,https://image.wanted.co.kr/optimize?src=https%3A%2F%2Fstatic.wanted.co.kr%2Fimages%2Fcompany%2F27332%2F8hxsc9nfjgamlgg5__1080_790.jpg&w=1000&q=75,어플리케이션 개발자,럭셔리앤올,• React-Native 기반의 어플리케이션 개발 및 유지 보수,"• React, HTML5, CSS3, javascript, jquery, bootstrap, ….
• React-Native기반 안드로이드, iOS 서비스 경험자","• 프론트엔드 개발 경력자 우대
• css프레임워크 활용한 UI/UX 개발 가능자 우대
• 웹프로그래밍 가능자 우대 (php, java, 파이썬 등)
• PWA/Angular/react/vue 등 경험자 우대
• 반응형, 웹접근성 작업 가능 / 경험자 우대
• 학력 무관","• 단독오피스 운영(2021년 12월에 확장이전)
• 면접 시 교통비 상품권 3만원이 지급됩니다.(서울 이외 지역에 한해)
• 개발 장비는 최신 iMac 27"" 제공(단, 개발자 요청으로 PC 제공도 가능)
• 수습기간 3개월 만근 시 자기개발비를 위한 50만원 상당의 바우처가 지급됩니다.
• 매년 100만원 상당의 명품수선, 리폼, 케어 관련 크레딧 무상제공
• 연, 월차 및 매년 프로젝트에 따른 인센티브 및 상여금 제공됩니다
• 6개월 재직 이후에는 리프레쉬(4일)휴가 연중 상시 사용 가능합니다.
• 빵,다양한 음료, 간식은 무한으로 제공됩니다.(2022년 2월부터 미니바 비치예정)","Git
Android
iOS
React
JavaScript
PHP
Python
jQuery
HTML5
CSS3
Laravel
React.js
React Native",강남구 역삼로25길 37,3561,17
"CTO,Chief Technology Officer",https://www.wanted.co.kr/wd/115173,https://image.wanted.co.kr/optimize?src=https%3A%2F%2Fstatic.wanted.co.kr%2Fimages%2Fcompany%2F110%2F7008_2_1.__1080_790.jpg&w=1000&q=75,[네오위즈] 스마트워크 인프라 담당자,네오위즈,"•  네오위즈의 주요 협업도구 구성 및 운영(JIRA/Confluence/Workspache/Git/Jenkins)
   ㄴ 워크플로우 설계, Automation/Structure 설계, 대시보드 구성 지원
   ㄴ 사용자 교육 및 문의 대응

 사내 IT 시스템 관리와 운영
   ㄴ OpenLDAP 시스템 관리/운영
   ㄴ 시스템 운영 및 트러블 슈팅

 Google Workspace 운영/관리
   ㄴ google Workspace 사용 및 운영을 위한  서비스,기술지원 업무 수행","• JIRA workflow/structure/script 설계 경험이 있는 분
• Linux/Windows 시스템 구축/운영 경험이 있는 분
• Jira, Confluence 등 어플리케이션 스택의 운영와 튜닝에 대해 이해하는 분","• 오픈소스(ex. Elasticsearch , Logstash , Kibana, OpenLDAP등) 구성/이용 경험이 있는 분
• Powershell/Shell Script 사용 가능하신 분
• 업무에 대한 성실한 태도와 새로운 지식/기술에 대한 열정과 적극성을 보유하신 분
• 원활한 커뮤니케이션 및 협업 능력을 보유하신 분","- 사내 카페테리아
- 본인 혹은 가족 기념일 휴가
- 장기근속 리프레시 휴가
- 사내 심리 상담가 상주
- 사내대출
- 자기개발 비용지원","MongoDB
MySQL
NoSQL
RDBMS",성남시 분당구 대왕판교로 645번길 14,7269,956
"CTO,Chief Technology Officer",https://www.wanted.co.kr/wd/115008,https://image.wanted.co.kr/optimize?src=https%3A%2F%2Fstatic.wanted.co.kr%2Fimages%2Fcompany%2F11979%2Fzh7weddaq0yagur6__1080_790.png&w=1000&q=75,"팀장급 이상(PM, CTO)",푸시,"- 개발조직 인재 영입 및 관리, 문화 구축
- 아키텍처 전략 수립 및 개발 총괄
- 고가용성의 확장 가능한 시스템 설계/운영 
- 대규모의 실시간 트래픽을 처리하는 시스템 개발 
- Node.js, Typescript, React 기반의 개발 경험 있는 분
- 자료구조, 네트워크 등 지식 경험을 보유하신 분
- Mission-Critical 한 서비스 운영 환경을 즐기며 높은 책임감으로 탄탄한 서비스를 리딩하며 같이 만들어 갈 수 있는 분
- 성능 최적화와 운영 자동화를 위한 지속적인 노력을 하는 분","- 개발 경력 최소 8년 이상으로 조직 리딩 경력 있는 분
- 리더십을 갖고 조직 운영을 해본 분
- 실패를 두려워하지 않고 빠르게 실행하고 효율을 분석하는 분
- 플랫폼 및 시스템 사용자의 경험, 사용성에 대한 이해(B2C, B2B)
- 프로젝트를 성공적으로 론칭 시킨 경험이 있으신 분(단순 일정관리가 아님)
- 신기술 도입에 적극적이신 분(Flutter)",- 핀테크 기업 경력자 우대,"1. 간식비는 회사가 전적으로 책임집니다. 
• pushbar 운영 (음료와 간식 365일 무제한 제공)
• 야근 식대 신청시 식대지원(일 1만원)

2. 스스로 가꾸고 배우며 성장하는 모습을 응원합니다
• 도서구입, 학습 등 성장에 필요한 자기개발비 무한 지원
• 직무 역량 향상에 필요한 세미나, 컨퍼런스, 교육 참가비 지원

3. 쾌적하고 집중할 수 있는 업무환경을 제공합니다
• 듀얼모니터와 시디즈의자 제공
• 업무에 필요한 최신 장비 지원
• 입사시 웰컴키트 제공

4. 직원을 위한 무한 보상
• 성과급 지급!
• 명절 선물 지급!
• 월 단위 회식비 지원! 
• 사내추천제도 운영
• 생일자 2시간 조기퇴근 및 상품권 지급!
(생일이 속해있는 한달 중 자유롭게 사용 가능)
• 야근시 택시비 100% 지원! (거리에 상관없이 택시비 전액지원)
• 경조사비와 경조휴가 지원

5. 열심히 일한 당신, 쉬었다 와요
• 자유로운 연차사용!
• 백신휴가 (백신 접종시 마다 1일 지원)
• 주식장이 개장되지 않는 매년 12월 31일 전사 리프레쉬데이!
• 장기근속자 리프레쉬 & 포상금 지원","React
Java
Node.js
AWS
React.js
Flutter",서울특별시 여의나루로57 신송센터빌딩 13층,없음,없음
"CTO,Chief Technology Officer",https://www.wanted.co.kr/wd/114908,https://image.wanted.co.kr/optimize?src=https%3A%2F%2Fstatic.wanted.co.kr%2Fimages%2Fcompany%2F11979%2Fzh7weddaq0yagur6__1080_790.png&w=1000&q=75,CTO,푸시,"- 개발 경력 최소 8년 이상으로 조직 리딩 
- 개발조직 인재 영입 및 관리, 문화 구축
- 아키텍처 전략 수립 및 개발 총괄
- 고가용성의 확장 가능한 시스템 설계/운영 
- 대규모의 실시간 트래픽을 처리하는 시스템 개발
- Node.js, Typescript, React 기반의 개발","- 관련 경력 8년~15년
- 리더십을 갖고 조직 운영을 해본 분
- 실패를 두려워하지 않고 빠르게 실행하고 효율을 분석하는 분
- 자료구조, 네트워크 등 지식 경험을 보유하신 분
- Mission-Critical 한 서비스 운영 환경을 즐기며 높은 책임감으로 탄탄한 서비스를 리딩하며 같이 만들어 갈 수 있는 분
- 성능 최적화와 운영 자동화를 위한 지속적인 노력을 하는 분",- 핀테크 기업 경력자 우대,"1. 간식비는 회사가 전적으로 책임집니다. 
• pushbar 운영 (음료와 간식 365일 무제한 제공)
• 야근 식대 신청시 식대지원(일 1만원)

2. 스스로 가꾸고 배우며 성장하는 모습을 응원합니다
• 도서구입, 학습 등 성장에 필요한 자기개발비 무한 지원
• 직무 역량 향상에 필요한 세미나, 컨퍼런스, 교육 참가비 지원

3. 쾌적하고 집중할 수 있는 업무환경을 제공합니다
• 듀얼모니터와 시디즈의자 제공
• 업무에 필요한 최신 장비 지원
• 입사시 웰컴키트 제공

4. 직원을 위한 무한 보상
• 성과급 지급!
• 명절 선물 지급!
• 월 단위 회식비 지원! 
• 사내추천제도 운영
• 생일자 2시간 조기퇴근 및 상품권 지급!
(생일이 속해있는 한달 중 자유롭게 사용 가능)
• 야근시 택시비 100% 지원! (거리에 상관없이 택시비 전액지원)
• 경조사비와 경조휴가 지원

5. 열심히 일한 당신, 쉬었다 와요
• 자유로운 연차사용!
• 백신휴가 (백신 접종시 마다 1일 지원)
• 주식장이 개장되지 않는 매년 12월 31일 전사 리프레쉬데이!
• 장기근속자 리프레쉬 & 포상금 지원","React
Java
Node.js
AWS
React.js
Flutter",서울특별시 여의나루로57 신송센터빌딩 13층,없음,없음
"CTO,Chief Technology Officer",https://www.wanted.co.kr/wd/113503,https://image.wanted.co.kr/optimize?src=https%3A%2F%2Fstatic.wanted.co.kr%2Fimages%2Fcompany%2F11979%2Fzh7weddaq0yagur6__1080_790.png&w=1000&q=75,서비스 Project Manager,푸시,"• 프로젝트 수행 계획수립, 계획에 따라 예산/범위/일정이 진행되도록 통제/관리
• 리스크를 식별하고 대응 방안을 수립, 프로젝트의 진척, 문제점, 위험요소 관리
• 유관 조직과 효율적인 의사소통 체계 구축 및 커뮤니케이션
• 웹/앱 서비스 Project Manager
• 서비스에 필요한 시스템 요구사항 분석 및 아키텍쳐 설계
• 웹/앱/서버 연동과정에서 발생하는 개발 이슈 해결
• 웹/앱 개발 및 운영중인 개발 인프라를 효율적으로 관리","• 관련 경력 5년 이상
• 플랫폼 및 시스템 사용자의 경험, 사용성에 대한 이해(B2C, B2B)
• 프로젝트를 성공적으로 론칭 시킨 경험이 있으신 분(단순 일정관리가 아님)",• 핀테크 관련 기업 경험자,"1. 간식비는 회사가 전적으로 책임집니다. 
• pushbar 운영 (음료와 간식 365일 무제한 제공)
• 야근 식대 신청시 식대지원(일 1만원)

2. 스스로 가꾸고 배우며 성장하는 모습을 응원합니다
• 도서구입, 학습 등 성장에 필요한 자기개발비 무한 지원
• 직무 역량 향상에 필요한 세미나, 컨퍼런스, 교육 참가비 지원

3. 쾌적하고 집중할 수 있는 업무환경을 제공합니다
• 듀얼모니터와 시디즈의자 제공
• 업무에 필요한 최신 장비 지원
• 입사시 웰컴키트 제공

4. 직원을 위한 무한 보상
• 성과급 지급!
• 명절 선물 지급!
• 월 단위 회식비 지원! 
• 사내추천제도 운영
• 생일자 2시간 조기퇴근 및 상품권 지급!
(생일이 속해있는 한달 중 자유롭게 사용 가능)
• 야근시 택시비 100% 지원! (거리에 상관없이 택시비 전액지원)
• 경조사비와 경조휴가 지원

5. 열심히 일한 당신, 쉬었다 와요
• 자유로운 연차사용!
• 주식장이 개장되지 않는 매년 12월 31일 전사 리프레쉬데이!
• 장기근속자 리프레쉬 & 포상금 지원","React
Java
Node.js
AWS
React.js
Flutter",서울특별시 여의나루로57 신송센터빌딩 13층,없음,없음
"CTO,Chief Technology Officer",https://www.wanted.co.kr/wd/78417,https://image.wanted.co.kr/optimize?src=https%3A%2F%2Fstatic.wanted.co.kr%2Fimages%2Fcompany%2F1389%2Fmwj5zpyiu9te7o0q__1080_790.jpg&w=1000&q=75,생체신호 AI 엔지니어 (병역특례 가능/ 시니어급 별도 협의가능),엑소시스템즈,"디지털 헬스케어 디바이스로부터 얻어지는 생체신호를 분석하여 질병과 관련된 디지털 바이오마커를 분석하는 일을 합니다. AI 팀의 핵심 인력 중 하나로서 회사의 미래를 함께 그려나가실 분을 찾습니다.

- 근골격계 건강관리를 위한 생체신호 데이터 분석
- 생체신호 기반의 정량적 / 질적 평가 알고리즘 및 예측 알고리즘 개발
- 사용자 데이터 기반의 Key Index 및 측정해야 하는 DB 요구사항 도출","- AI 관련 전공/프로젝트 역량 보유자
- 관련분야 주요 학회 및 저널 Publication 실적 보유자
- 생체신호처리 관련 프로젝트 포트폴리오 제출
- 데이터 정제, outlier 제거 등 전처리를 위한 도구 개발 경험
- Python / C++ / MATLAB 숙련자","- 관련분야 석/박사 학위자
- 수준급 저널 논문 게재 실적 보유자
- 프로젝트 리드 경험자","최고의 복지는 함께 하는 동료들과의 협업하는 과정에서 성장을 경험하는 것이라고 합니다. 개인과 회사의 성장, 성과에 대한 보상 등 치열한 만큼 보람을 느낄 수 있도록 만들어가고 있습니다. 기업의 성장 단계에 맞는 복지체계를 지속적으로 늘려가도록 하겠습니다. 

- 육아의 고충에 대한 이해와 근무시간 조정
- 성과에 따른 인센티브 지급
- 스톡옵션 / 병역특례 운영
- 결혼 축하금 및 기타 경조사비


### 일하는 문화

완성된 시스템 내에서 주어진 역할을 하기 보다는, 시스템을 만들어가면서 자신의 철학을 반영할 수 있습니다.

- 직업인으로서의 최소한의 룰을 존중하며, 성과와 책임이 존재하지 않는 자율을 지양합니다.
- 탁월함을 기반으로 한 자율, 그리고 그것을 스스로 해내는 것 속에 자신을 위한 미래가 있다고 믿습니다
- 엑소시스템즈의 구성원들은 서로를 호칭없이 영어 이름으로 부르고, 호칭에서 발생할 수 있는 커뮤티케이션의 간극을 줄이고 적극적인 소통을 지향합니다.
- 팀워크가 무엇보다 중요하다는 것을 이해하고, 개인주의를 양보할 줄 압니다.","Python
인공 지능","성남시 수정구 달래내로 46, 성남글로벌융합센터",3242,15
"CTO,Chief Technology Officer",https://www.wanted.co.kr/wd/39556,https://image.wanted.co.kr/optimize?src=https%3A%2F%2Fstatic.wanted.co.kr%2Fimages%2Fcompany%2F13141%2Fb4xvdf2sy9ojfp5o__1080_790.jpg&w=1000&q=75,Tech Lead(개발리드),소비의미학(오프널),"• 소비의미학 개발 총괄 (프론트와 백엔드를 리드하게 됩니다!)
• Pay Later를 쉽고, 즐겁게 사용할 수 있도록 만드는 기술 개발 전략 수립
• 중장기적인 기술에 대한 비전과 로드맵 정의 및 리드","• 최소 4년 이상의 개발과 관련된 업무를 진행해보신 분
• 소비의미학에서 현재 사용하는 개발 스택에 대한 이해도가 있는 분
  - React, TypeScript
  - Storybook, Tailwind, Formik
  - Redux, SWR
  - Node.js, NestJS, CronJob
  - MySQL
  - AWS(EB, S3, CloudFront, RDS)
  - Bitbucket Pipelines
• 비전을 달성하기 위해 스스로 문제를 정의하고, 문제를 해결할 수 있는 분
• 커뮤니케이션의 중요함을 아는 분
• 좋은 의견을 내고, 최적의 답이 나오게 싸우며, 결론이 나면 수용하고 잘 실행할 수 있는 분
• 배움을 사랑하고 함께 성장하는 즐거움을 아는 분
• 개발이 즐거워서 컴퓨터와 물아일체가 될 수 있으신 분","• 페어 코딩 및 코드 리뷰 경험이 있으신 분
• 웹사이트 보안에 대한 이해가 좋은 분
• 머신러닝 및 빅데이터 관련 경험이 있으신 분
• React, Flutter 사용 경험이 있으신 분
• 웹사이트 성능 측정 및 최적화 경험이 있으신 분
• 유닛 테스트, 통합 테스트 자동화 및 배포 자동화, CI/CD (Circle CI / Jenkins) 경험이 있으신 분
• 대용량 트래픽 대응 경험이 있으신 분
• MZ 세대의 소비 문화, 핀테크, 그리고 금융에 관심이 많은 분
• 개발과 함께 성장하는 비즈니스의 관점에도 관심이 많으신 분","• 스톡옵션의 기회 : 국내 최초의 Pay Later 서비스로서 로켓에 탈 수 있는 기회에요!
• 탄력적 출퇴근 제도 : 오후 1시 ~ 5시 코어타임
• 리모트 워크 가능 : 최대 주 2~3회 - 탄력적 운영중
• 자율 휴가제 : 주어진 휴가 일수에 따라 언제든 휴가 사용 가능
• 쾌적한 업무환경 : 디캠프(선릉/선정릉 도보 5분거리)

[채용 프로세스]
1. 서류접수
2. 비대면 미팅 w CEO : 서로의 culture-fit을 맞춰가는 과정입니다.
3. 실무진들과의 미팅을 진행하게됩니다. 
4. 티타임 w CEO
5. 최종결과","Node.js
TypeScript",강남구 선릉로 551 새롬빌딩 D.CAMP 5층 (주)오프널,3500,13
"CTO,Chief Technology Officer",https://www.wanted.co.kr/wd/118319,https://image.wanted.co.kr/optimize?src=https%3A%2F%2Fstatic.wanted.co.kr%2Fimages%2Fcompany%2F18281%2Fjwv9k2oiwdp0wvs4__1080_790.jpg&w=1000&q=75,개발자 (백엔드 / 프론트엔드),아이엠박스코리아,"• 공유창고, 고객 관리 프로그램 개발 -＞ 기사(배차) 관리 시스템 개발
• 보관소 관리 시스템 및 보관소 현황 시스템 구축
• 물류 관리 시스템 개발 등 공유 창고 비즈니스 플랫폼 구축","• 경력 3년 이상
• Java, MySQL(Maria DB)
• Javascript, jQuery 개발이 능숙하신 분
• HTML 5, CSS 3 등 웹 표준 능숙하신 분
• 협업 부서와 원활한 커뮤니케이션 및 리딩 가능하신 분","• 부동산 또는 공간 개발 비즈니스에 관심이 많거나 이해도가 높으신 분
• 개인 물류 / 기업 물류 / 창고업에 대한 경험 또는 경력이 있으신 분",• 스톡옵션 제공,없음,서울특별시 강남구 논현로134길5,없음,없음
"CTO,Chief Technology Officer",https://www.wanted.co.kr/wd/118596,https://image.wanted.co.kr/optimize?src=https%3A%2F%2Fstatic.wanted.co.kr%2Fimages%2Fcompany%2F12244%2Fj91cjy8cn4oigeyl__1080_790.jpg&w=1000&q=75,개발 총괄 및 시스템 설계,와따,"• 개발 총괄은 아키텍쳐를 계획 구현하는 Tech Lead 역할을 수행합니다.
• 공간관리 솔루션 개발 총괄로서 개발 로드맵을 설계하고 추진합니다.
• 높은 퀄러티의 제품을 효율적으로 만들 수 있도록 개발 프로세스 설계합니다.","• CTO 경험 또는 팀 리드 경력 2년 이상
• B2B 서비스를 시작부터 끝까지 기획하고 출시해 보신 분
• 비즈니스 요구사항을 이해하고 필요한 시스템 구조와 데이터 모델을 설계한 경험
• Architecture 고도화 및 개발 팀 리딩 경험이 있으신 분
• AWS의 클라우드 환경에서 서비스 개발, 배포 및 운영 경험
• 복잡한 비즈니스 요구사항을 풀어내며 적극적이고 원활한 커뮤니케이션이 가능하신 분
• 외부 연동/제공 API 개발 경험 또는 그에 필요한 기술 이해가 있으신 분
• Git 등의 분산 버전 관리 시스템 이용 경험이 있으신 분","• Smart Factory, IOT 플랫폼 관련 경험을 보유하고 열정이 높으신 분
• 플랫폼 개발환경에 대한 이해와 경험이 있으신 분
• Software 전반적인 QA 및 프로젝트 관리 관련 지식이 있으신 분
• 개발팀을 육성한 경험과 관심이 있으신 분
• 좋은 코드, 개발 프로세스에 관심을 가지고 노력하고 계신 분","• 탄력 근무제 실시(출근 : 8~10시 , 퇴근 5~7시)
• 중식 제공
• 생일 유급 휴가 제공
• 강요 없는 자유로운 회식
• 눈치 보지 않고 휴가/연차 사용
• 최신형 개발 장비 지급
• 자기개발비 지원(도서구입, 온라인 강의, 세미나 참석 등)
• 인재 추천 지원금
• 우리 사주 및 스톡옵션 제공
• 퇴직금, 장기 근속자 포상
• 경조사비 지급, 국책 연구과제 연수수당 지급, 특허 출원 수당 지급
• 원하는 직원에 한해 해외 법인 순환 근무 기회 제공

＜기타사항＞
* 연봉 협상은 개인 역량에 따라 협의하고 있습니다.
* 재직중인 분들은 퇴근(오후 6시) 후 면접 가능합니다. 
* 궁금하신 내용은 인사 담당자에게 문의 주시면 됩니다.","Git
GitLab
Android
iOS
Linux
React
VueJS
WebGL
C#
Kotlin
Python
Rust
AWS
C++
DevOps
Spring Framework
GIS
OpenCV
LiDAR
GIS 응용 프로그램","경기도 성남시 분당구 대왕판교로 670, 유스페이스2 B동 403호",4253,21
"CTO,Chief Technology Officer",https://www.wanted.co.kr/wd/95781,https://image.wanted.co.kr/optimize?src=https%3A%2F%2Fstatic.wanted.co.kr%2Fimages%2Fcompany%2F22175%2F4nb6mowo2pfcrmqq__1080_790.jpg&w=1000&q=75,풀스택 개발자,에릭벨류네이션,"• 어플 / 웹 개발 총괄
• 기술보고서 작성","• 컴퓨터 공학 지식 : CS 전공자 혹은 그와 준하는 지식
• 영어 독해 능력 : 영어로 되어있는 프로그래밍 문서를 쉽게 독해할 수 있는 능력
• 한국어 의사소통 능력 : 자신의 의사를 알아보기 쉽고 간결하게 글과 말로 표현할 수 있어야 하며, 상대방의 글과 말을 잘 이해하고 논의를 잘 이끄는 능력","• 더 나은 아키텍쳐와 코드를 추구하는 분
• 대용량 트래픽 운영 경험
• Node.js 등의 언어를 활용한 백엔드 개발 경험이 있으신 분
• AWS 등 클라우드 환경에의 배포, 운영 경험
• 테스트 케이스 작성 경험
• 자기주도성, 적극적인 커뮤니케이션, 빠른 실행력
• 업무와 관련된 새로운 기술에 관심을 가지고 지속적으로 학습하시는 분",없음,없음,서울특별시 강남구 학동로 38길 47 3층 (이소빌딩),없음,없음
"CTO,Chief Technology Officer",https://www.wanted.co.kr/wd/121725,https://image.wanted.co.kr/optimize?src=https%3A%2F%2Fstatic.wanted.co.kr%2Fimages%2Fcompany%2F13917%2Fhwp5sjayyscws8nz__1080_790.jpg&w=1000&q=75,Technial Communicator (기술문서 작성가),아인시스아이엔씨,"- 상세 설계서, 요구사항(기능목록)정의서 등 고객 및 비즈니스 상 니즈에 따른 기술 문서 작성 및 관리
- Application 기획에 관련된 문서 작성 및 관리 (GUI 기획서 등)
- 일반 문서 작성 및 관리 (사용자/관리자용 메뉴얼, 기술 가이드, 보안인증 관련 문서, 제품설명서 등)
- 제품 개발 로드맵 기획을 위한 관련자료 리서치 및 분석","- 기술문서 작성 경력을 보유하신 분
- 문서 작성 능력이 뛰어나신 분
- Application 및 Architecture에 대해 높은 이해도를 보유하신 분
- 정보 수집 및 분석 능력이 뛰어나신 분","- AI, 머신러닝에 대한 관심과 열정을 보유하신 분
- 네트워크/보안 관련 높은 이해도를 보유하신 분
- 솔루션 비즈니스에 대한 높은 이해도를 보유하신 분","- 근무장소: 서울시 강남구 테헤란로 62길 12, 제일비전타워 2층(역삼역 2번, 3번 출구에서 도보 3분)
- 고용형태: 정규직
- 근무일시: 월 소정근로시간을 개인에 맞춰 근무하는 완전 선택적 근로시간제

[복리후생]
- 고성능 최신 장비 (Macbook Air 및 27인치 4K 모니터)
- Soft landing을 위한 사내 교육 진행 (Rust 코딩 및 디버깅, 프로토콜 및 라이브러리 적용, 머신러닝 기반 데이터 분석 등)
- 성과 중심 처우: 스톡옵션, 우리사주 등
- 이외 복리후생들은 앞으로 지속적으로 추가할 예정입니다.","Git
Slack
GraphQL
Java
C++
NoSQL
RDBMS
Notion","서울 강남구 테헤란로26길 12, 제일비전타워 2층",3899,40
"CTO,Chief Technology Officer",https://www.wanted.co.kr/wd/111894,https://image.wanted.co.kr/optimize?src=https%3A%2F%2Fstatic.wanted.co.kr%2Fimages%2Fcompany%2F53%2Fzkuycl59i67pmnhl__1080_790.jpg&w=1000&q=75,[쿠팡광고] Product Owner (PO) (Product Ads),쿠팡,"• Product 비전 설계 : 광고주의 UI Workflow 부터 사용자(End-User)의 고객 경험을 포함한 전반의 Product 비전 설계 및 수익화 방향 설정
• 광고주의 퍼포먼스 향상에 기여하는 동시에 광고로 인한 고객경험의 방어/개선
• 다양한 이해관계자 및 광고주와 협업하여 Product 기회를 발굴
• Product 와 관련한 문제 정의 및 솔루션 Build
• 장기적인 관점의 Product 전략 설계
• 분기별 프로덕트/수익 목표달성을 위한 단기 Product 백로그 수행
• 개발, UX, 애널리틱스 전반으로 이루어진 다기능 팀 리드","• Product (Project) Management 경험 3 년 이상
• 다양한 이해관계자와 협업에 능하고 효과적인 목표달성 역량을 보유한 분
• 반복주기가 짧은 Agile 환경에서 Product Iteration 실무 경험을 보유한 분
• V1 Product 를 성공적으로 런칭했거나 그에 준하는 경험을 보유한 분
• 우수한 구두 및 서면 커뮤니케이션 스킬을 보유한 분
• 기술적인 Challenge 와 Trade-off 에 대한 이해를 갖춘 분","• Product (Project) Management 경험 5 년 이상
• 광고 또는 직무 유관 도메인 경험을 보유한 분
• Auction Dynamic, Yield Optimization 등 검색광고 유관경험을 보유한 분
• 국제적인 환경 및 글로벌 팀에서 근무한 경험을 보유한 분
• 영어 의사소통이 가능한 분","전형 절차 및 안내 사항

1. 전형 절차
• 서류전형 - 전화면접 - 최종면접 - 최종 합격
• 전형 절차는 직무별로 다르게 운영될 수 있으며, 일정 및 상황에 따라 변동될 수 있습니다.
• 전형 일정 및 결과는 지원서에 등록하신 이메일로 개별 안내드립니다.

2. 참고 사항
• 본 공고는 모집 완료 시 조기 마감될 수 있습니다.
• 지원서 내용 중 허위사실이 있는 경우에는 합격이 취소될 수 있습니다.
• 보훈대상자 및 장애인 여부는 채용 과정에서 어떠한 불이익도 미치지 않습니다.

3. 개인정보 처리방침
• 쿠팡 그룹은 입사지원자 개인정보 처리방침(아래 링크)에 따라 귀하의 개인정보를 수집하여 처리합니다.","Java
AWS
Apache Kafka
Spring Boot",서울특별시 송파구 송파대로 570,4101,22
"CTO,Chief Technology Officer",https://www.wanted.co.kr/wd/118171,https://image.wanted.co.kr/optimize?src=https%3A%2F%2Fstatic.wanted.co.kr%2Fimages%2Fcompany%2F32887%2Fhn56uff9eoytfncv__1080_790.jpg&w=1000&q=75,금융핀테크 블록체인 전문가(NFT 투자 플랫폼 개발),메이크잇,"• dapp (wallet),  smart contract 관련 백엔드 개발
• 토큰, token, nft, 개발, 블록체인 플랫폼 운영(경험자)
• 개발사 핸들링 경험보유","• 블록체인 관련 개발 경험
• java, rust, node, js 중 한 가지 이상의 서버 개발 경험
• 기타 다른 언어로 블록체인 개발 경험
• 블록체인, 메타버스 등 새로운 기술에 관심이 있으신 분",• 자격요건과 동일,"• 자율출퇴근제를 통한 늦잠가능! 조기퇴근가능! 워라밸 실현!
• 복장완전자율화 츄리닝, 맨발쪼리, 반바지, 단벌신사도 가능
• 최고급사양 노트북 제공
• 도서구입비 무제한 지원
• 직무능력개발 지원(업무와 연관성 있는 자격증 및 강의 무한제공)
• 임직원 건강을 위한 임직원별 상해보험 가입
• 코로나시대 팀별 및 구역별 공기청정기 설치
• 안마의자가 구비된 프라이빗한 휴게실 상시이용 가능
• 맛세이 가능한 국제규격 당구대 구비
• 언제든 스트레스를 날려버릴 수 있는 플레이스테이션 구비
• 코로나 시대 회식이 없기에 월 1인 5만원씩 지급되는 조직 활성화 경비
• 최고급 원두 커피, 음료 및 라면, 각종 냉동식품 무한 제공","Java
JSON
Node.js
Rust","서울특별시 영등포구 여의나루로 71, 4층 메이크잇",없음,없음
"CTO,Chief Technology Officer",https://www.wanted.co.kr/wd/119698,https://image.wanted.co.kr/optimize?src=https%3A%2F%2Fstatic.wanted.co.kr%2Fimages%2Fcompany%2F29494%2F8gcp6sljmt74ugk6__1080_790.jpg&w=1000&q=75,Tech Lead,마켓오브메테리얼,"Tech Lead는 기술적인 부분에 있어 같은 팀에 속한 엔지니어들의 헤드 역할을 맡아 좀 더 거시적인 관점에서 아키텍처를 고민하거나 기술 관련 의사결정을 내립니다. 또한 실무자들이 집중할 수 있도록 급한 태스크를 처리하고, 팀 내 다른 직무(PM, 프로덕트 디자이너 등)와 커뮤니케이션하는 것도 Tech Lead의 역할입니다.

• 서비스 백엔드 파트 프로그래밍
• 서비스 아키텍처 설계
• 성과 중심 개발 문화를 이끌어 주는 Tech Advisor
• 프로덕트 팀과 함께 개발 로드맵을 수립하고 필요한 기술 검토","• 컴퓨터공학 또는 관련 학문을 전공하신 분: Data Structure, OOP, Algorithm, Database, Network 등 컴퓨터 과학의 기초지식에 대한 높은 이해를 갖추신 분
• 소프트웨어 엔지니어 경력 7년 이상인 분
• 커뮤니케이션 및 협업 경험이 있는 분: 엔지니어 외에 다른 역할을 맡은 사람을 포함하여 3인 이상의 팀으로 제품 개발을 해본 경험","[우대 사항]
• 마켓플레이스 개발 경험을 가지고 있는 분
• 개인으로써의 역량보다 팀 빌딩을 통해 더 큰 성과를 올리고자 하는 분
• 기술 자체에 대한 관심보다 사업적 성과를 위한 기술 응용에 더 관심있는 분

[테크 스택]
(전체 기술에 대한 경험과 경력이 없으셔도 상관없습니다.)
• Back-end 서비스 개발 - DRF / AWS S3, EC2, RDS(mysql), ELB 등
• Front-end 서비스 개발 - React.js, Next.js, Vue.js
• CI/CD: : Jenkins, Github Actions, AWS Codedeploy

[채용 절차]
• 채용 기간 : 상시
• 채용 절차 : 서류접수 → 대면 팀 면접 → 최종 면접 → 합격 발표
   • 팀 면접과 최종 면접은 같은 날에 진행됩니다.
• 제출 서류 : 이력서
   • 이력서 양식은 자유이며, 지원하신 분을 표현할 수 있는 무엇이든 상관 없습니다.

[근무 조건]
• 급여: 면접 후 협의
• 근무형태: 정규직(수습기간 6개월)
   • 수습기간: MOM에 합류하신 후 6개월 동안 MOM이 시간과 노력을 투자할 수 있는 적합한 회사인지, 같이 일하고 싶은 사람들인지 Fit을 확인하는 시간을 갖습니다. 이 기간에도 급여 및 복리후생은 100% 동일합니다.
• 근무위치: 경기도 성남시 수정구 대왕판교로 815, 기업지원허브 802호","• 장비 지원
  맥북 + 와이드 모니터 + 그 외 필요 장비를 지원합니다.

• 연차 24일 지원
  MOM은 맡은 역할을 해낸다면, 절대 누구의 눈치도 보지 않고 휴가를 떠나야 합니다.

• 유연 근무 지원
  시차 출퇴근제를 시행하고 있습니다. 
  재택근무(주 2회)도 가능합니다. 원활한 협업과 의사소통만 필요합니다.

• 주차비/주거지원비 지원
  주차비 또는 주거지원비를 매월 15만원 지원합니다.

• 교육 지원
  업무에 필요한 온라인/오프라인 교육을 지원합니다.

• 건강검진 지원
  건강을 지키는건 MOM의 의무! 정밀건강검진 연1회 지원합니다.

• 장기 근속 지원
  1년 뒤엔 가볍게 호캉스, 3년 뒤엔 편하게 제주도, 5년 뒤엔 신나게 해외로 떠날 수 있게 회사에서 지원합니다. 10년 뒤엔 1년 유급휴가를 지원합니다.

• 경조사 지원
  명절에는 10만원 상품권을 지원합니다.
  결혼/출산/부고 등 해당 경조사에 유급 휴가와 경조사비를 지원합니다.

• 기타
  단체 보험 (질병/상해) 가입
  Stock option - 채용 시 협의","Github
MySQL
VueJS
Python
AWS
HTML5
Jenkins
EC2
React.js","경기도 성남시 수정구 대왕판교로 815, 기업지원허브 802호",없음,없음
"CTO,Chief Technology Officer",https://www.wanted.co.kr/wd/35621,https://image.wanted.co.kr/optimize?src=https%3A%2F%2Fstatic.wanted.co.kr%2Fimages%2Fcompany%2F9102%2F5mifzvk0h4jwn8sc__1080_790.jpg&w=1000&q=75,블록체인 메타버스 CTO 풀스택 개발자 개발 팀 리드,스마투스(SMATOOS),"• 웹 개발 프로젝트 리드
• Backend: 서버 DB 설계","• 풀 스택 개발 경력 5년 이상 

Frontend : React , Vue 등  프레임 워크 개발 경력 2년 이상 
Backend: 서버구축, DB 설계, API 설계, AWS 배포 2년 이상 경력


• 웹 구축 프로젝트의 개발 팀 리딩 경험",• 모바일 앱 개발 경험,"• 성과급 (스톡옵션, 토큰)
• 탄력 근무
• 어학 교육 지원 
• 블록체인 교육 지원",없음,서대문구 이화여대8길 123 힐스테이트신촌 111동 204호,4447,16
"CTO,Chief Technology Officer",https://www.wanted.co.kr/wd/95815,https://image.wanted.co.kr/optimize?src=https%3A%2F%2Fstatic.wanted.co.kr%2Fimages%2Fcompany%2F28859%2Fzk7xggefrsr1m0bn__1080_790.jpg&w=1000&q=75,C/C++응용프로그램 개발자,에스에프이,"• 반도체용 플립칩 본더, WLP 테스트핸들러외 다수  Programing개발자","• C++ 사용 가능자
• 전자, 컴퓨터공학 전공자 우대","• 컴퓨터공학 전공자 우대
• 석사급이상 우대
• 동종업계(반도체 장비제조) 경력자 우대","• 기숙사 제공
• 성과급제도 시행","C / C++
C++",충남 천안시 서북구 직산읍 4산단 4로 42,4264,40
"CTO,Chief Technology Officer",https://www.wanted.co.kr/wd/94178,https://image.wanted.co.kr/optimize?src=https%3A%2F%2Fstatic.wanted.co.kr%2Fimages%2Fcompany%2F17970%2Fnif15q6g7v9rker4__1080_790.jpg&w=1000&q=75,AI 추천 서비스 CTO,펄핏,"Perfitt CTO

테크 조직 리드

• 확장하는 프로덕트 요구사항을 수용할 수 있는 백엔드-프론트엔드 아키텍처 설계
• 높은 퀄리티의 제품을 효율적으로 만들 수 있도록 개발 프로세스 설계
• 프로덕트 팀과 함께 개발 로드맵을 수립하고 필요한 기술 검토
• 성과 중심 개발 문화를 이끌어 주는 Tech Advisor
• 시스템을 파악하기 위해 필요한 최소한의 코드리뷰
• 기술 트렌드에 관심을 가지고 사업의 미래를 위한 전략적인 기술 방향 설정
• 리더십의 일원으로 사업 방향 설정에 적극적으로 관여","• 웹 서비스 개발 경력 10년 이상
• nodejs 또는 GraphQL 기반의 API 서버 개발 경험
• MongoDB 기반의 서비스 개발 경험
• 비즈니스 요구사항을 이해하고 필요한 시스템 구조와 데이터 모델을 설계한 경험
• AWS, GCP 등의 클라우드 환경에서 서비스 개발, 배포 및 운영 경험
• 개발팀 리딩 혹은 소프트웨어 엔지니어 매니저 경험
• 복잡한 비즈니스 요구사항을 풀어내며 적극적이고 원활한 커뮤니케이션이 가능하신 분","• B2B 고객사를 위한 SaaS 솔루션 개발 경험이 있으신 분
• B2C Web 혹은 App 서비스 개발 운영 경험이 있으신 분
• 프로덕트 팀과 협업하며 개발팀을 이끌어본 경험이 있으신 분
• 외부 제공용 API 개발을 위해 필요한 보안 기술에 대한 이해가 있으신 분
• 새로운 기술을 적극적으로 써보고 싶은 마음으로 학습에 대한 두려움이 없는 분
• 성과 지향의 스타트업 조직에서 빠른 실행에 부담 없으신 분
• 동료들에게 동기를 부여하며, 도전적인 목표를 달성하는 것을 즐기시는 분","• 생산적으로 일하기 위해 하이브리드 근무제(시범적용)와 탄력근무제를 지원합니다. (기본 10-19) 사무실 출근과 재택 근무를 자유롭게 선택하여 근무할 수 있습니다.
• 휴가는 눈치보지 않고 30분 단위로 쓸 수 있습니다. (시간 단위 연차 운영)
• 수평적인 분위기 (서열 파괴, 호칭 파괴)
• 최고의 인재를 위한 최고 수준의 업무용 장비(맥북 프로 혹은 동급 사양 + QHD 모니터)를 지원합니다.
• 업무 관련 비용 100% 지원
• 생일자 조기퇴근 (생일 축하해요)
• 빈브라더스 커피를 무한 제공합니다","ExpressJS
MongoDB
JavaScript
Kotlin
Node.js
Swift
MVVM
AWS
jQuery
React.js
Figma","역삼로17길 51(미드타운센터 역삼), 3층 펄핏",4381,30
VR 엔지니어,https://www.wanted.co.kr/wd/95966,https://image.wanted.co.kr/optimize?src=https%3A%2F%2Fstatic.wanted.co.kr%2Fimages%2Fcompany%2F21717%2Fgslmcdptii86lfqv__1080_790.jpg&w=1000&q=75,AI Research(디지털 휴먼/아바타 생성을 위한 대화 솔루션 연구),에프엑스기어,• 디지털 휴먼/아바타 생성을 위한 대화 솔루션 연구,"• AI 관련 전공 학사이상
• NLP관련 전공 또는 프로젝트 경험자
• Deep Learning 프레임워크(python, pytorch등) 사용에 익숙한 분","• 한국어 자연어 처리에 대한 연구 경험
• 자연어 처리 관련 석사 이상 학위 또는 관련 분야 2년 이상 실무 경험
• TTS, STT, 챗봇 관련 프로젝트 경험
  (사진이 부착된 이력서 및 포트폴리오(or 경력사항, 논문 등) 제출 必)

코딩테스트가 진행될 수 있으며, github, kaggle 등의 프로그래밍 이력 제출시, 심사 후 코딩테스트를 면제 받을 수 있습니다","• 채용형태 : 정규직 (3개월 수습 적용)
                or 병역특례(전문연구요원) 복무가능

• 인심 좋은 동료들
• 웰컴 키트 제공
• 자사 단독 사옥
• 지하철 강남구청역 인근
• 4대보험, 퇴직금 외 다양한 보상
• 주 5일 근무, 법정 휴가 지원, 창립기념일 휴무, 자유로운 연차 사용
• 경조휴가, 경조금 지급, 자녀(출산,돌,입학)축하금 지급
• 장기 근속자 포상
• 스톡 옵션 지급
• 점심 식대 지원, 야근 시 식대/교통비 지원
• 다양한 간식 지원 및 원두커피 구비
  → 복리후생은 계속 추가 중","디자인 관리
Confluence
JIRA
Slack
Pytorch
Unreal Engine
C#
Python
NLP
AR
VR
디자인
C++
소프트웨어 공학
컴퓨터 공학
소프트웨어 품질
감정
컴퓨터 능력
알고리즘 설계
알고리즘 개발
음성 인식
휴먼 머신 인터페이스
3D 그래픽
소프트웨어 검증
Unity3D",서울 강남구 학동로46길 25,3505,65
VR 엔지니어,https://www.wanted.co.kr/wd/95967,https://image.wanted.co.kr/optimize?src=https%3A%2F%2Fstatic.wanted.co.kr%2Fimages%2Fcompany%2F21717%2Fgslmcdptii86lfqv__1080_790.jpg&w=1000&q=75,AI Research(디지털 휴먼/아바타 생성을 위한 face expression / 음성 변환 기술 연구 개발),에프엑스기어,"• 디지털 휴먼/아바타 생성을 위한 face expression 연구 개발
• 디지털 휴먼/아바타 생성을 위한 음성 변환 기술 연구 개발","• Computer vision 및 AI 관련 전공 석사 이상
• Deep Learning 프레임 워크(python, pytorch등) 사용에 익숙한 분","• 음성 변환 모델 관련 프로젝트 경험 
• Audio To Face expression 모델 관련 프로젝트 경험  
• 음성입력 감정분석 모델 개발 경험

코딩테스트가 진행될 수 있으며, github, kaggle 등의 프로그래밍 이력 제출시, 심사 후 코딩테스트를 면제 받을 수 있습니다","• 사진이 부착된 이력서 및 포트폴리오(or 경력사항, 논문 등) 제출 必
• 채용형태 : 3개월 수습 후, 정규직 전환검토
                or 병역특례(전문연구요원) 복무 가능

• 인심 좋은 동료들
• 웰컴 키트 제공
• 자사 단독 사옥
• 지하철 강남구청역 인근
• 4대보험, 퇴직금 외 다양한 보상
• 주 5일 근무, 법정 휴가 지원, 창립기념일 휴무, 자유로운 연차 사용
• 경조휴가, 경조금 지급, 자녀(출산,돌,입학)축하금 지급
• 장기 근속자 포상
• 스톡 옵션 지급
• 점심 식대 지원, 야근 시 식대/교통비 지원
• 다양한 간식 지원 및 원두커피 구비
  → 복리후생은 계속 추가 중","디자인 관리
Confluence
JIRA
Slack
Pytorch
Unreal Engine
C#
Python
NLP
AR
VR
디자인
C++
소프트웨어 공학
컴퓨터 공학
소프트웨어 품질
감정
컴퓨터 능력
알고리즘 설계
알고리즘 개발
음성 인식
휴먼 머신 인터페이스
3D 그래픽
소프트웨어 검증
Unity3D",서울 강남구 학동로46길 25,3505,65
