category,page_url,picture_url,title,company,work,qualification,favor,welfare,skill_stack,place,money,employee,first_cleaned_welfare,first_cleaned_works,scaler_money
그래픽스 엔지니어,https://www.wanted.co.kr/wd/105810,https://image.wanted.co.kr/optimize?src=https%3A%2F%2Fstatic.wanted.co.kr%2Fimages%2Fcompany%2F10767%2Fy0puz90ey1cgqjph__1080_790.jpg&w=1000&q=75,유니티 / 언리얼 전시 콘텐츠 개발자,더즈인터랙티브,"• 인터랙티브 전시 및 온라인 콘텐츠 개발
• 다양한 프로토타입 연구 및 분석","• 리얼타임 그래픽 엔진(Unity, Unreal 등), 미디어아트 프로그램(touch designer, processing, openframeworks 등)과 웹(JS,WebGL) 분야에 대한 지식
• 기업 및 국가 과제, 프로젝트 콘텐츠 개발에 대한 경험자","• 자율출근제 : 9시 ~ 11시, 일 8시간 근무 
• 근속 휴가비 지원 : 4년 8년 이상 장기근속자 대상, 해외여행 비용 지원 
• 리프레시 데이 : 근속 1년이상 대리급 대상, 3시간 조기퇴근 및 상품권 5만원권 지급 
• 팀 리프레시 여행 : 연간 1회, 1인 당 100만원 상당의 해외 여행 비용 지원 
• 직무수행에 필요한 컨퍼런스/교육/소프트웨어/도서구매비 지원 
• 운동 비용지원 : 월 1회 10만원 상당 (체력단련, 취미교육) 
• 사내 카페(electric sheep) 월 무료음료 쿠폰 및 전 음료 50% 할인 
• 야근 시 교통비/식비/야근비용 제공 
• 건강검진 시 추가검진 지원 
• 경조휴가 및 경조금 지원",없음,없음,서울시 마포구 양화로23길 36 더즈빌딩,3995,41,,인터 랙티브 전시 온라인 콘텐츠 다양하다 프로토타입 연구 분석,0.53125
그래픽스 엔지니어,https://www.wanted.co.kr/wd/83967,https://image.wanted.co.kr/optimize?src=https%3A%2F%2Fstatic.wanted.co.kr%2Fimages%2Fcompany%2F2569%2Fesaq2zt11khcj0fx__1080_790.jpg&w=1000&q=75,[미리캔버스] 웹 그래픽 에디터 엔진 개발,미리디,"웹기반 그래픽 에디터인 미리캔버스의 엔진 개발을 합니다. 

• 그래픽 에디터(미리캔버스)의 엔진 개선 및 개발
• DOM, SVG, 폰트 렌더링 엔진 개선 및 개발

※ 모든 영역을 다 하실 필요는 없습니다.","• 개발 경력 2년 이상 (언어 및 플랫폼 무관)
• 객체 지향 프로그래밍에 대한 이해 
• 아래 우대 사항 중 하나 이상 해당","• 그래픽 에디터나 워드프로세스등의 저작툴(오쏘링 툴) 개발 경력 
• MVC (MVP, MVVM) 패턴에 대한 고민과 그 패턴하에서 테스트 코드 작성 경험
• 폰트(TTF, OTF) 포맷에 대한 이해 
• SVG 포맷에 대한 이해
• PDF 포맷에 대한 이해 
• DOM 렌더링 엔진(WEBKIT, BLINK)를 다루어본 경험

**보유 기술별 Skill Level을 명시한 이력서를 제출해주세요.
(1) - Novice 
- 해당 능력/지식이 무엇인지 알고는 있지만, 관련 업무 수행 경험이 충분치 않고 도움이 필요한 수준
(2) - Developing 
- 능숙하진 않지만 기본적인 업무 수행 가능한 수준, 관련 업무 경험이 있지만 때때로 도움이 필요할 수 있음
(3) - Proficient 
- 관련 지식과 경험이 풍부하여 능숙하게 업무 수행이 가능함, 도움은 필요 없는 수준
(4) - Advanced 
- 관련 지식과 경험에 전문적이며 다른 사람을 리드하고 교육할 수 있는 정도의 수준
ex) Java(4), JavaScript(3), Node.js(2), AWS(1),,,","미리디는 복지를 통해 나눔의 경영을 실현하고 있습니다.""

[자율과 책임의 근무환경을 제공합니다.]
• 자율적 출퇴근 제도 - 유연근무(1~3시간), 재택근무(주1~3회)
• 원격 근무 제도
• 자유로운 휴가 사용
• 경조사 휴가지원
• 3년 근속시 리프레시 휴가 제공


[배움과 성장, 행복을 지원합니다.]
• 업무 관련 비용 100% 지원
• 업무 도서 비용 무제한 지원
• 직원의 행복을 위한 행복개발비 지원
• 경조사비 지원
• 청년내일채움공제 지원

 
“열일하는 미리인 굶길 수 없다! 삼시세끼 지원”
• 아침, 점심, 저녁 식사비 지원
• 제휴 카페 포인트 지원

""미리인의 회사 적응과 단합을 지원합니다.""
• 신입사원 OJT, 적응프로그램 지원
• 미리인 동호회 지원
• 분기별 문화이벤트 회식 지원","Git
AWS
PostgreSQL
Oracle Database
Atlassian JIRA","디지털로31길 12, 8층 (구로동, 태평양물산)",3735,170,OJT 미리 복지 나눔 경영 실현 자율 책임 자율 유연 재택근무 원격 자유롭다 휴가 경조사 휴가 리프 레시 휴가 배움 성장 행복 비용 도서 비용 무제한 행복 행복 사비 청년 내일 채우다 공제 미리 굶다 시세 아침 점심 저녁 식사 제휴 카페 포인트 미리 적응 단합 신입사원 적응 미리 동호회 분기 이벤트 회식,DOM SVG 그래픽 에디터 미리 캔버스 엔진 그래픽 에디터 미리 캔버스 엔진 개선 폰트 렌더링 엔진 개선 영역 필요,0.4966755319148936
그래픽스 엔지니어,https://www.wanted.co.kr/wd/95967,https://image.wanted.co.kr/optimize?src=https%3A%2F%2Fstatic.wanted.co.kr%2Fimages%2Fcompany%2F21717%2Fgslmcdptii86lfqv__1080_790.jpg&w=1000&q=75,AI Research(디지털 휴먼/아바타 생성을 위한 face expression / 음성 변환 기술 연구 개발),에프엑스기어,"• 디지털 휴먼/아바타 생성을 위한 face expression 연구 개발
• 디지털 휴먼/아바타 생성을 위한 음성 변환 기술 연구 개발","• Computer vision 및 AI 관련 전공 석사 이상
• Deep Learning 프레임 워크(python, pytorch등) 사용에 익숙한 분","• 음성 변환 모델 관련 프로젝트 경험 
• Audio To Face expression 모델 관련 프로젝트 경험  
• 음성입력 감정분석 모델 개발 경험

코딩테스트가 진행될 수 있으며, github, kaggle 등의 프로그래밍 이력 제출시, 심사 후 코딩테스트를 면제 받을 수 있습니다","• 사진이 부착된 이력서 및 포트폴리오(or 경력사항, 논문 등) 제출 必
• 채용형태 : 3개월 수습 후, 정규직 전환검토
                or 병역특례(전문연구요원) 복무 가능

• 인심 좋은 동료들
• 웰컴 키트 제공
• 자사 단독 사옥
• 지하철 강남구청역 인근
• 4대보험, 퇴직금 외 다양한 보상
• 주 5일 근무, 법정 휴가 지원, 창립기념일 휴무, 자유로운 연차 사용
• 경조휴가, 경조금 지급, 자녀(출산,돌,입학)축하금 지급
• 장기 근속자 포상
• 스톡 옵션 지급
• 점심 식대 지원, 야근 시 식대/교통비 지원
• 다양한 간식 지원 및 원두커피 구비
  → 복리후생은 계속 추가 중","디자인 관리
Confluence
JIRA
Slack
Pytorch
Unreal Engine
C#
Python
NLP
AR
VR
디자인
C++
소프트웨어 공학
컴퓨터 공학
소프트웨어 품질
감정
컴퓨터 능력
알고리즘 설계
알고리즘 개발
음성 인식
휴먼 머신 인터페이스
3D 그래픽
소프트웨어 검증
Unity3D",서울 강남구 학동로46길 25,3505,65,or or 사진 부착 이력서 포트폴리오 경력 논문 형태 수습 전환 검토 병역 특례 요원 복무 인심 좋다 웰컴 키트 자사 단독 지하철 강남구청역 인근 보험 퇴직금 다양하다 보상 법정 휴가 창립 기념일 휴무 자유롭다 연차 조휴 자녀 출산 입학 축하 장기 근속 포상 스톡 옵션 점심 식대 야근 식대 교통비 다양하다 간식 원두 커피 구비 복리 후생 계속 추가,face 디지털 휴먼 아바타 연구 디지털 휴먼 아바타 음성 변환 연구,0.4660904255319149
그래픽스 엔지니어,https://www.wanted.co.kr/wd/95963,https://image.wanted.co.kr/optimize?src=https%3A%2F%2Fstatic.wanted.co.kr%2Fimages%2Fcompany%2F21717%2Fgslmcdptii86lfqv__1080_790.jpg&w=1000&q=75,Computer Graphics Research,에프엑스기어,• 디지털 휴먼/아바타 생성을 위한 face/body expression 연구,• Computer graphics/vision 관련 전공 석사 이상,"• Face/body retargeting 개발 경험
• VR/XR 관련 프로젝트 진행 경험
• OpenGL 사용 개발 경험
• Deep Learning 프레임 워크 사용에 익숙한 분","• 채용형태 : 3개월 수습 후 정규직 검토 
                or 병역특례(전문연구요원) 복무가능

• 인심 좋은 동료들
• 웰컴 키트 제공
• 자사 단독 사옥
• 지하철 강남구청역 인근
• 4대보험, 퇴직금 외 다양한 보상
• 주 5일 근무, 법정 휴가 지원, 창립기념일 휴무, 자유로운 연차 사용
• 경조휴가, 경조금 지급, 자녀(출산,돌,입학)축하금 지급
• 장기 근속자 포상
• 스톡 옵션 지급
• 점심 식대 지원, 야근 시 식대/교통비 지원
• 다양한 간식 지원 및 원두커피 구비
  → 복리후생은 계속 추가 중","디자인 관리
Confluence
JIRA
Slack
Pytorch
Unreal Engine
C#
Python
NLP
AR
VR
디자인
C++
소프트웨어 공학
컴퓨터 공학
소프트웨어 품질
감정
컴퓨터 능력
알고리즘 설계
알고리즘 개발
음성 인식
휴먼 머신 인터페이스
3D 그래픽
소프트웨어 검증
Unity3D",서울 강남구 학동로46길 25,3505,65,or 형태 수습 검토 병역 특례 요원 복무 인심 좋다 웰컴 키트 자사 단독 지하철 강남구청역 인근 보험 퇴직금 다양하다 보상 법정 휴가 창립 기념일 휴무 자유롭다 연차 조휴 자녀 출산 입학 축하 장기 근속 포상 스톡 옵션 점심 식대 야근 식대 교통비 다양하다 간식 원두 커피 구비 복리 후생 계속 추가,face body 디지털 휴먼 아바타 연구,0.4660904255319149
그래픽스 엔지니어,https://www.wanted.co.kr/wd/78247,https://image.wanted.co.kr/optimize?src=https%3A%2F%2Fstatic.wanted.co.kr%2Fimages%2Fcompany%2F21717%2Fgslmcdptii86lfqv__1080_790.jpg&w=1000&q=75,Graphics Development,에프엑스기어,"• XR 메타버스 플랫폼 개발
• Unity3D 기반 모바일 XR 앱 개발","• C# 또는 C++에 익숙하신 분
• 다양한 자료구조와 알고리즘에 대한 관심있으신 분
• 학사(4년제) 이상","• Unity3D/Unreal 개발 경험자
• 컴퓨터 그래픽스 기초 이론에 대한 이해
• 3D 그래픽 툴 사용 경험
• 배우고자 하는 열정
• 원활한 의사소통 및 협업툴 경험
• 새로운 기술 학습에 거부감이 없으신 분","• 채용형태 : 정규직 (3개월 수습 적용)
                or 병역특례(전문연구요원)복무 가능

• 인심 좋은 동료들
• 자사 단독 사옥
• 지하철 강남구청역 인근
• 4대보험, 퇴직금 외 다양한 보상
• 주 5일근무, 법정 휴가 지원, 창립기념일 휴무, 자유로운 연차 사용
• 경조휴가, 경조금 지급, 자녀(출산,돌,입학)축하금 지급
• 스톡 옵션 지급
• 점심 식대 지원, 야근 시 식대/교통비 지원
• 다양한 간식 지원 및 원두커피 구비
  → 복리후생은 계속 추가 중","디자인 관리
Confluence
JIRA
Slack
Pytorch
Unreal Engine
C#
Python
NLP
AR
VR
디자인
C++
소프트웨어 공학
컴퓨터 공학
소프트웨어 품질
감정
컴퓨터 능력
알고리즘 설계
알고리즘 개발
음성 인식
휴먼 머신 인터페이스
3D 그래픽
소프트웨어 검증
Unity3D",서울 강남구 학동로46길 25,3505,65,or 형태 수습 적용 병역 특례 요원 복무 인심 좋다 자사 단독 지하철 강남구청역 인근 보험 퇴직금 다양하다 보상 법정 휴가 창립 기념일 휴무 자유롭다 연차 조휴 자녀 출산 입학 축하 스톡 옵션 점심 식대 야근 식대 교통비 다양하다 간식 원두 커피 구비 복리 후생 계속 추가,XR Unity XR 메타 버스 플랫폼 모바일,0.4660904255319149
그래픽스 엔지니어,https://www.wanted.co.kr/wd/12850,https://image.wanted.co.kr/optimize?src=https%3A%2F%2Fstatic.wanted.co.kr%2Fimages%2Fcompany%2F141%2Fcxwgexqxqtfeyxyy__1080_790.jpg&w=1000&q=75,Unity 3D 개발자,어반베이스(Urbanbase),"• 가상 인테리어 관련 3D 그래픽스 라이브러리 및 SDK 개발
• 멀티플랫폼 환경에서 3D 그래픽스 최적화 및 유지 보수","• 3D 그래픽스 관련 수학, 물리 지식 보유하신 분 (신입, 경력 무관)
• 자료구조 및 알고리즘, OOP 등에 대한 이해와 활용능력이 있는 분
• 3D 그래픽스 엔진 및 라이브러리 중 하나 이상을 다룰 수 있는 분
(Unity, Unreal, three.js, Aframe, 기타 그래픽스 엔진 및 라이브러리)","• 유관 경력 2년 이상이신 분
• git을 이용한 형상관리 경험자
• 그래픽스 관련 오픈소스 컨트리뷰팅 가능하신 분","“어반베이스 일잘러의 일과 삶 모두를 응원합니다”

1. Work : 일에만 신경쓰게 해드릴께, 최고의 업무환경, 성장을 위한 지원
 - 일의 몰입과 성장
  * 자율 · 책임근무제 (월 기준 근무시간 자율결정 유연근무제)
  * 몰입을 위한 Focus Day (월 2회 원하는 곳에서 원격 근무)
  * 초과근무수당 지급
  * MacBook Pro, 그램 노트북, 듀얼모니터 제공
 - 성장을 위한 아낌없는 지원
  * 컨퍼런스 참가 및 교육비 지원
  * 13,000여개의 온라인 교육컨텐츠 수강 
  * 도서구입비 무제한 지원

2. Life : 잘쉬고, 잘놀고, 잘쓰는 어반베이스 life
 - 입사 첫날은 2시 출근! (유급 반차 제공)
 - 일은 밥심으로! 중식, 석식 지원
 - 안전한 귀가를 책임집니다. 야근교통비(택시비) 지원
 - 당신의 기쁨과 슬픔도 나누겠습니다. 경조사비, 경조휴가 지원
 - 열심히 일한 당신 떠나라! 프리미엄 리조트 지원
 - 휴가 지원금 제공
 - 직원건강은 어반베이스가 지킨다! 종합건강검진 제공
 - 장기근속 휴가 및 휴가비
 - 소중한 날은 여유롭게! 생일/결혼기념일 당일 유급휴가
 - 연말엔 충분한 휴식을! 연말 Refresh 휴가 운영

3. Culture : 함께하면 멀리 갈 수 있습니다
 - 나이나 직급 관계없이 모든 직원 '님' 호칭 및 존댓말 사용
 - 회사의 방향성과 의견을 공유하는 월간 '타운홀' 미팅 시행
 - 휴가 사용 시 눈치보는 직원이 더 이상한 회사,
 - 빌런 없는 근무 환경, 선한영향력을 지닌 동료들
 - 멜트in어반(신규 입사자 적응걱정 No No, 온보딩 제도)
 - 함께 밥먹고 소통하는, 월 1회 랜덤런치 제도
 - 놀때도 제대로 논다! 연 1회 팀별 플레이샵 지원
 - 회사 운영을 함께 토론하고 참여하는 ‘어반 자치단체’ 운영

어반베이스의 다양한 복지제도와 소통프로그램은 지금도 열심히 연구하고 기획되고 있습니다. : )


[어반베이스의 10가지 상식 - This is how we do it.]
1. 사회적 규범과 공동의 규칙을 준수합니다.
2. 생각과 감정은 자유롭게, 말과 행동, 결과에는 책임을 지는 사람들입니다.
3. 잘못된 일 일수록 빨리 보고합니다. 돌아가더라도 바른 길을 가는 것이 지름길입니다.
4. 일의 시작 전, 목적과 목표, 일의 책임자를 명확하게 기록하고 관련자들에게 전달합니다.
5. 자료는 쉽고 간결하게 정리하여 빠르게 공유합니다.
6. 문제는 발견한 사람이 해결자와 함께 해결합니다.
7. 침묵하지 않습니다. 모든 일에 반대 또는 찬성 그 외의 의견을 표시합니다.
8. 비교는 나의 과거와 하는 것이고, 경쟁은 나의 목표와 하는 것입니다.
9. 혼자 가면 빨리가지만, 함께 가면 멀리갑니다.
10. 일이 끝나면 내가 잘했던 것은 무엇인지 더 잘해야 할 것은 무엇인지 회고합니다.

[어반베이스 더 알아보기]
- 프롭테크의 선두주자 어반베이스 : ","Git
AngularJS
Pytorch
Tensorflow
VueJS
Unreal Engine
CSS
HTML
Java
JavaScript
PHP
Python
R
OOP
OpenCV
Unity3D
React Native",서울특별시 서초구 서초대로77길 17,4339,56,Work Focus Day MacBook Pro Life life Refresh Culture No No This is how do it 자르다 일과 응원 신경 최고 성장 몰입 성장 자율 책임 무제 기준 근무시간 자율 결정 유연근무제 몰입 원격 초과근무 수당 그램 노트북 듀얼모니터 성장 아낌없다 컨퍼런스 참가 교육비 여개 온라인 교육 컨텐츠 수강 도서 구입 무제한 쉬다 놀다 잘쓰다 첫날 유급 밥심 중식 석식 안전하다 귀가 책임지다 야근 교통비 택시 기쁨 슬픔 사비 조휴 프리미엄 리조트 휴가 원금 건강 지키다 종합 건강검진 장기 근속 휴가 휴가 소중하다 여유롭다 생일 결혼기념일 당일 유급 휴가 연말 충분하다 휴식 연말 휴가 멀리 나이 직급 호칭 존댓말 방향성 의견 공유 월간 타운 시행 휴가 눈치 이상하다 빌런 선하다 영향력 지니다 멜트 어반 신규 적응 걱정 온보딩 먹다 소통 랜덤 런치 놀때 놓다 팀별 플레이 토론 어반 자치 다양하다 복지 소통 연구 기획 가지 상식 사회 규범 공동 규칙 준수 감정 자유롭다 행동 책임 지다 들이다 빨리 돌아가다 바르다 지름길 시작 목적 목표 책임자 명확하다 기록 전달 자료 쉬다 간결하다 정리 빠르다 공유 문제 발견 해결 해결 침묵 반대 찬성 의견 표시 비교 과거 경쟁 목표 가면 빨리 가지 가면 멀리 끝나다 잘해야 회고 알아보다 프롭테크 선두 주자,SDK 가상 인테리어 그래픽스 라이브러리 멀티플랫폼 그래픽스 최적화 유지 보수,0.5769946808510639
그래픽스 엔지니어,https://www.wanted.co.kr/wd/80669,https://image.wanted.co.kr/optimize?src=https%3A%2F%2Fstatic.wanted.co.kr%2Fimages%2Fcompany%2F141%2Fcxwgexqxqtfeyxyy__1080_790.jpg&w=1000&q=75,테크니컬 아티스트 (TA),어반베이스(Urbanbase),"- Shader 개발 및 최적의 그래픽 효과를 위한 R&D
- 다양한 환경에서의 3D 그래픽스 및 컨텐츠 최적화 방법 제시","- 3D Graphics 관련 수학, 물리 지식 보유하신 분
- 3D 그래픽스 파이프라인의 이해와 활용능력이 있는 분
- GLSL, HLSL 등 고수준 Shader 제작 가능하신 분","- 테크니컬 아티스트 경력 2년 이상이신 분
- 3D 리소스 최적화 관련 지식 보유하신 분
- Shader 제작 및 상용화 경험이 있는 분
- 그래픽 최적화에 대한 높은 이해도","“어반베이스 일잘러의 일과 삶 모두를 응원합니다”

1. Work : 일에만 신경쓰게 해드릴께, 최고의 업무환경, 성장을 위한 지원
 - 일의 몰입과 성장
  * 자율 · 책임근무제 (월 기준 근무시간 자율결정 유연근무제)
  * 몰입을 위한 Focus Day (월 2회 원하는 곳에서 원격 근무)
  * 초과근무수당 지급
  * MacBook Pro, 그램 노트북, 듀얼모니터 제공
 - 성장을 위한 아낌없는 지원
  * 컨퍼런스 참가 및 교육비 지원
  * 13,000여개의 온라인 교육컨텐츠 수강 
  * 도서구입비 무제한 지원

2. Life : 잘쉬고, 잘놀고, 잘쓰는 어반베이스 life
 - 입사 첫날은 2시 출근! (유급 반차 제공)
 - 일은 밥심으로! 중식, 석식 지원
 - 안전한 귀가를 책임집니다. 야근교통비(택시비) 지원
 - 당신의 기쁨과 슬픔도 나누겠습니다. 경조사비, 경조휴가 지원
 - 열심히 일한 당신 떠나라! 프리미엄 리조트 지원
 - 휴가 지원금 제공
 - 직원건강은 어반베이스가 지킨다! 종합건강검진 제공
 - 장기근속 휴가 및 휴가비
 - 소중한 날은 여유롭게! 생일/결혼기념일 당일 유급휴가
 - 연말엔 충분한 휴식을! 연말 Refresh 휴가 운영

3. Culture : 함께하면 멀리 갈 수 있습니다
 - 나이나 직급 관계없이 모든 직원 '님' 호칭 및 존댓말 사용
 - 회사의 방향성과 의견을 공유하는 월간 '타운홀' 미팅 시행
 - 휴가 사용 시 눈치보는 직원이 더 이상한 회사,
 - 빌런 없는 근무 환경, 선한영향력을 지닌 동료들
 - 멜트in어반(신규 입사자 적응걱정 No No, 온보딩 제도)
 - 함께 밥먹고 소통하는, 월 1회 랜덤런치 제도
 - 놀때도 제대로 논다! 연 1회 팀별 플레이샵 지원
 - 회사 운영을 함께 토론하고 참여하는 ‘어반 자치단체’ 운영

어반베이스의 다양한 복지제도와 소통프로그램은 지금도 열심히 연구하고 기획되고 있습니다. : )


[어반베이스의 10가지 상식 - This is how we do it.]
1. 사회적 규범과 공동의 규칙을 준수합니다.
2. 생각과 감정은 자유롭게, 말과 행동, 결과에는 책임을 지는 사람들입니다.
3. 잘못된 일 일수록 빨리 보고합니다. 돌아가더라도 바른 길을 가는 것이 지름길입니다.
4. 일의 시작 전, 목적과 목표, 일의 책임자를 명확하게 기록하고 관련자들에게 전달합니다.
5. 자료는 쉽고 간결하게 정리하여 빠르게 공유합니다.
6. 문제는 발견한 사람이 해결자와 함께 해결합니다.
7. 침묵하지 않습니다. 모든 일에 반대 또는 찬성 그 외의 의견을 표시합니다.
8. 비교는 나의 과거와 하는 것이고, 경쟁은 나의 목표와 하는 것입니다.
9. 혼자 가면 빨리가지만, 함께 가면 멀리갑니다.
10. 일이 끝나면 내가 잘했던 것은 무엇인지 더 잘해야 할 것은 무엇인지 회고합니다.

[어반베이스 더 알아보기]
- 프롭테크의 선두주자 어반베이스 : ","Git
AngularJS
Pytorch
Tensorflow
VueJS
Unreal Engine
CSS
HTML
Java
JavaScript
PHP
Python
R
OOP
OpenCV
Unity3D
React Native",서울특별시 서초구 서초대로77길 17,4339,56,Work Focus Day MacBook Pro Life life Refresh Culture No No This is how do it 자르다 일과 응원 신경 최고 성장 몰입 성장 자율 책임 무제 기준 근무시간 자율 결정 유연근무제 몰입 원격 초과근무 수당 그램 노트북 듀얼모니터 성장 아낌없다 컨퍼런스 참가 교육비 여개 온라인 교육 컨텐츠 수강 도서 구입 무제한 쉬다 놀다 잘쓰다 첫날 유급 밥심 중식 석식 안전하다 귀가 책임지다 야근 교통비 택시 기쁨 슬픔 사비 조휴 프리미엄 리조트 휴가 원금 건강 지키다 종합 건강검진 장기 근속 휴가 휴가 소중하다 여유롭다 생일 결혼기념일 당일 유급 휴가 연말 충분하다 휴식 연말 휴가 멀리 나이 직급 호칭 존댓말 방향성 의견 공유 월간 타운 시행 휴가 눈치 이상하다 빌런 선하다 영향력 지니다 멜트 어반 신규 적응 걱정 온보딩 먹다 소통 랜덤 런치 놀때 놓다 팀별 플레이 토론 어반 자치 다양하다 복지 소통 연구 기획 가지 상식 사회 규범 공동 규칙 준수 감정 자유롭다 행동 책임 지다 들이다 빨리 돌아가다 바르다 지름길 시작 목적 목표 책임자 명확하다 기록 전달 자료 쉬다 간결하다 정리 빠르다 공유 문제 발견 해결 해결 침묵 반대 찬성 의견 표시 비교 과거 경쟁 목표 가면 빨리 가지 가면 멀리 끝나다 잘해야 회고 알아보다 프롭테크 선두 주자,Shader 최적 그래픽 효과 다양하다 그래픽스 컨텐츠 최적화 방법 제시,0.5769946808510639
그래픽스 엔지니어,https://www.wanted.co.kr/wd/76932,https://image.wanted.co.kr/optimize?src=https%3A%2F%2Fstatic.wanted.co.kr%2Fimages%2Fcompany%2F397%2F2tdkww0jvdcbcu5j__1080_790.jpg&w=1000&q=75,Computer Graphics/Visual Computing 연구자,맥스트(MAXST),"• Computer Graphics 연구 및 기술 개발
• Visual Computing 연구 및 기술 개발","• 박사 학위 소지자 또는 석사 후 3년 이상의 경력
• 대용량 메쉬, 렌더링, GPGPU 관련 연구 경험","• 원천 기술 개발 후 실제 제품에 탑재하신 분
• C/C++ 숙련자
• 쉐이더 능통자","• 업계 최고 대우
• 주 2일은 재택 근무합니다. (월,금: 재택 근무 / 화-목: 사무실 근무)
• 출근하는 날은 탄력 출퇴근 제도를 운영합니다. (8~11시 출근, 17~20시 퇴근)
• 복지몰을 운영하고 있으며 매월 복지비 10만원을 지원합니다.
• 점심 식대를 100% 지원합니다. (법인카드 전원 지급)
• 워케이션(Workation)을 운영합니다. (휴양지 리조트, 호텔에서 일도 하고 쉼도 하고)
• 간식바를 운영하며 음료와 다과를 무한 제공합니다.
• 생일날 축하금과 명절 선물을 제공합니다.
• 각종 경조금 및 경조사 휴가를 제공합니다.
• 매달 15일 추첨을 통해 100만원 상금과 당일 휴가 혜택을 드립니다.
• 아이디어에 대해 특허를 장려하고 업계 최고의 특허 보상금을 제공합니다.
• 3년/7년 근속시 포상금과 함께 리프레쉬 휴가가 제공됩니다.",없음,"강남구 남부순환로 351길 4, STAY 77 2층",5250,103,Workation 업계 최고 대우 재택 재택 탄력 복지 몰다 매월 복지 점심 식대 카드 케이 휴양지 리조트 호텔 일도 쉬다 간식 바르다 음료 다과 무한 생일 축하 명절 선물 경조사 휴가 매달 추첨 상금 당일 휴가 혜택 아이디어 특허 장려 업계 최고 특허 보상금 상금 리프 레쉬 휴가,Computer Graphics Visual Computing 연구 연구,0.6981382978723404
그래픽스 엔지니어,https://www.wanted.co.kr/wd/99397,https://image.wanted.co.kr/optimize?src=https%3A%2F%2Fstatic.wanted.co.kr%2Fimages%2Fcompany%2F397%2F2tdkww0jvdcbcu5j__1080_790.jpg&w=1000&q=75,Computer Graphics 연구자 (병역특례),맥스트(MAXST),"• 메타버스 아바타 기술 개발
• 현실기반 XR 공간 재구성 기술 개발","• 아래 연구 중 한 가지 이상 경험하신 분
 - 아바타 관련 연구
 - 3D Reconstruction 관련 연구
 - 대용량 메쉬 렌더링 연구
 - 그 외 CG 연구","• C/C++ 숙련자
• 쉐이더 능통자","• 복지몰을 운영하고 있으며 매월 복지비 10만원을 지원합니다.
• 점심 식대를 100% 지원합니다. (법인카드 전원 지급)
• 간식바를 운영하며 음료와 다과를 무한 제공합니다.
• 생일날 축하금과 명절 선물을 제공합니다.
• 각종 경조금 및 경조사 휴가를 제공합니다.
• 매달 15일 추첨을 통해 100만원 상금과 당일 휴가 혜택을 드립니다.
• 아이디어에 대해 특허를 장려하고 업계 최고의 특허 보상금을 제공합니다.
• 3년/7년 근속시 포상금과 함께 리프레쉬 휴가가 제공됩니다.",없음,"강남구 남부순환로 351길 4, STAY77",5250,103,복지 몰다 매월 복지 점심 식대 카드 간식 바르다 음료 다과 무한 생일 축하 명절 선물 경조사 휴가 매달 추첨 상금 당일 휴가 혜택 아이디어 특허 장려 업계 최고 특허 보상금 상금 리프 레쉬 휴가,XR 메타 버스 아바타 현실 공간 구성,0.6981382978723404
그래픽스 엔지니어,https://www.wanted.co.kr/wd/114856,https://image.wanted.co.kr/optimize?src=https%3A%2F%2Fstatic.wanted.co.kr%2Fimages%2Fcompany%2F7411%2Fixmlgvtcjwn7up0c__1080_790.jpg&w=1000&q=75,Three.js 3D 그래픽스 프로그래밍 개발자,웨인힐스벤처스,"• Three.js를 활용한 메타버스 공간구현
• Three.js, Unity3D 를 활용한 개발","• Javascript, CSS, HTML 에 능숙하신 분
• Git 사용이 가능하신 분
• AWS 웹서비스 개발 경험이 있으신 분
• 오픈소스 활용 경험이 있으신 분","• 경력 1년 이상
• Three.js 를 이용한 3D 그래픽스 프로그래밍 개발 경력","유연한 호칭체계 : 직급 없는 수평적 문화 (영어호칭 사용!)
워라밸 보장1 : 10시 출근, 5시 퇴근
워라밸 보장2 : 눈치 안보고 휴가사용
점심 제공 
수도권 오피스 (강남삼성동 코엑스, 압구정 사옥, 강서구 마곡 사옥) 여러개의 사무실로 자택에서 가까운 곳 출근 
[대표님원칙 :오피스 출/퇴근 매일 한두시간씩 허비가 싫어, 임직원 출퇴근 피로도를 낮추기위해 각 지역에 오피스 설립]
만다라트/오타니쇼헤이 형 목표설정과 수행: 업무에 대한 자기 주도적이고 책임감 있는 목표 설정과 실행을 통한 결과값 도출","CSS
HTML
JavaScript",서울 강서구 마곡중앙8로 5길 11 파인스퀘어 3차 2층(204~207호),0,없음,유연하다 호칭 체계 직급 수평 영어 호칭 눈치 안보 휴가 점심 수도권 오피스 강남 삼성동 코엑스 압구정 강서구 마곡 자택 가깝다 대표 원칙 오피스 매일 허비 싫다 피로 도르다 낮추다 지역 오피스 설립 말다 라트 쇼헤이 목표 설정 주도 책임감 목표 설정 실행 도출,Three js Three js Unity 메타 버스 공간 구현,0.0
그래픽스 엔지니어,https://www.wanted.co.kr/wd/86484,https://image.wanted.co.kr/optimize?src=https%3A%2F%2Fstatic.wanted.co.kr%2Fimages%2Fcompany%2F5068%2Fziteem9e3rdv1kdx__1080_790.jpg&w=1000&q=75,[전문연구요원 산업기능요원 가능] 웹 3D 그래픽 엔지니어,마인드로직 (Mindlogic Inc.),• 3D 아바타 시스템 웹 프론트엔드 개발,"• WebGL, Three.js 또는 Babylon.js 개발 경험
• HTML5, CSS3, JAVASCRIPT에 대한 깊은 이해","• 프론트엔드 개발 경력 3년 이상 
• Blender, Maya 등 3D 모델링 툴에 대한 관심
• Unity 등 게임 엔진에 대한 관심","• 구성원의 개인 생활 및 영역에 대한 존중
• 개개인의 상황을 최대한 배려하여 인사/복지에 적용
• 합리적이고, 서로를 존중하는 의사소통
• 워라벨 등 기타 당연한 사항들은 생략합니다. 인터뷰 중에 얼마든지 물어봐 주세요.",없음,서울시 중구 삼일대로 343 (위워크),0,없음,개인 생활 영역 존중 개개인 상황 최대한 배려 인사 복지 적용 합리 서로 존중 의사소통 라벨 당연하다 생략 물어보다 줄다,아바타 시스템 프론트엔드,0.0
그래픽스 엔지니어,https://www.wanted.co.kr/wd/91105,https://image.wanted.co.kr/optimize?src=https%3A%2F%2Fstatic.wanted.co.kr%2Fimages%2Fcompany%2F23381%2F7pbjte8j1kqhccmx__1080_790.png&w=1000&q=75,Web 3D 개발자,에르사츠,"• WebGL을 통한 3D가상공간 컨텐츠의 표현 개발 (인터랙션, 애니메이션, 셰이더 등)
• 올라의 3D가상공간 건축 컨텐츠의 추가 기능 개발 (컨피규레이터, 에디터 등)","• HTML5, CSS, DOM, JavaScript에 대한 이해
• 시연 가능한 WebAPI (WebGL, WebXR, Canvas 등) 포트폴리오
• 1년 이상의 JavaScript 3D (three.js, babylon.js, playcanvas…) 개발 경력 (혹은 타 언어를 활용한 3D 개발 경력)
• 온라인 웹 기술 트렌드에 대한 관심
• 결과물의 미적 완성도에 대한 고집","• GLSL경험
• 게임개발경력
• 게임엔진에 대한 이해","에르사츠와 함께 서비스 런칭과 성장 과정에서 주도적으로 업무를 리드하고 운영할 수 있습니다.

[조직문화]
• 유연근무제 운영 : 구성원의 출퇴근 편의를 위해 오전 9시부터 오전 11시 사이에 자율 출근
• 저녁이 있는 삶 : 정시퇴근확률 99%
• 생일기념 반차 사용

[근무환경]
• 스낵바 운영 : 업무 중 다양한 간식을 즐길 수 있는 스낵바 제공
• 자기 계발 지원 : 구성원의 성장을 위한 자기 계발 비용 (도서구입, 강의 수강 등) 지원

[채용 절차]
에르사츠는 지원해 주시는 지원자분들께 아래의 절차로 채용을 진행합니다.

서류 전형 ＞ 면접 전형 ＞ 최종 합격
* 면접 전형은 1차만 진행되며, 필요시 화상으로 진행할 수 있습니다.","WebGL
GLSL",구로구 디지털로 300 패스트파이브 12층,0,없음,에르사츠 런칭 성장 과정 주도 리드 유연근무제 편의 오전 오전 자율 저녁 정시 확률 생일 기념 스낵바 다양하다 간식 즐기다 스낵바 계발 성장 계발 비용 도서 구입 강의 수강 에르사츠 주시 원자 차만 필요시 화상,WebGL 가상공간 컨텐츠 표현 인터 랙션 애니메이션 셰이더 가상공간 건축 컨텐츠 추가 컨피규 레이 에디터,0.0
그래픽스 엔지니어,https://www.wanted.co.kr/wd/5780,https://image.wanted.co.kr/optimize?src=https%3A%2F%2Fstatic.wanted.co.kr%2Fimages%2Fcompany%2F667%2Fmfecpvb81hh1kovn__1080_790.jpg&w=1000&q=75,엔진/클라이언트 개발(Unreal Engine),올림플래닛(OLIM PLANET),"▷ 올림 엔진크루는 이런 기술 스택을 사용하고 있습니다!
- Language : C++, javascript
- Tool : Visual Studio, Unreal Engine 4.x
- VCS: Git

▷ 올림 엔진크루는 이런 개발 문화 속에 함께 하고 있습니다!
- Github PR을 통한 code review
- Daily scrum
- service 배포 후 post mortem
- 신기술 PoC


[이런 일을 함께 해요!]

• 실시간 그래픽 기술의 연구 개발
• 상용 3D 렌더링 엔진 기능 확장을 위한 플러그인 개발
   1. 3D 리얼타임 콘텐츠 서비스를 위한 플랫폼 구축
   2. 3D 리얼타임 콘텐츠 가공, 추출하여 웹에서 표현 가능한 형태로 컨버팅
• 3D 리얼타임 콘텐츠 제작 자동화 및 최적화를 위한 R&D","[이런 분을 찾고 있어요!]

• Unreal Engine이나 Unity 등 상용 게임엔진 사용 경험이 있는 분
• DirectX, OpenGL 등 그래픽스 라이브러리 활용 경험이 있는 분
• 실시간 렌더링(최적화, 라이팅)에 대한 이해가 있는 분
• 컴퓨터 과학에 대한 기본적인 이해가 있는 분
• Visual Studio 개발 환경을 능숙하게 사용할 수 있는 분
• Git을 이용한 협업 경험이 있는 분
• 상용엔진 분석 및 구현, 활용에 능숙한 분


★사전 인터뷰
[지원자님의 생각을 자유롭게 담아 지원 서류와 함께 제출해 주세요!]
1. 지원자님이 파악하고 있는 올림플래닛은 어떤 기업인가요?
2. 지원자님이 올림크루로서 함께 하고 싶은 이유와 꿈꾸는 미래는 무엇인가요?

※ 사전 인터뷰 제출 누락 시, 정상적인 서류 접수 처리가 되지 않을 수 있음을 유의 바랍니다.","[이런 분이라면 좋겠어요!]

• 개발부터 배포, 운영까지 진행한 경험이 있는 분
• Open Source Contribution 경험이 있는 분
• 새로운 개발 환경에 거부감이 없는 분
• 비효율적인 작업 환경에 대한 개선 의지가 있는 분
• 엔진 개발에 필요한 수학, 물리 지식이 있는 분
• 3D게임 개발 경험이 있는 분


★아래 항목을 함께 제출하시면 더 상세한 검토 및 피드백을 드릴 수 있습니다!
    - 공개 가능한 github / jsfiddle / StackOverflow 계정 및 유사 서비스 계정
    - 오픈소스 프로젝트 링크 및 설명
    - 개발 또는 개발에 기여한 공개된 웹페이지, 관련 산출물이 정리된 포트폴리오 등","♥ 오직 올림크루만을 위해 준비한 Benefit

1. 업무 몰입
   ⓐ 계절, 날씨 걱정 없는 삼성역 최고급 오피스 환경 구축
   ⓑ 최고 사양의 PC 및 노트북 등 IT 장비 지급
   ⓒ 중식 지원 및 커피 머신, 음료 제공
   ⓓ 하계 휴가 3일, 연말 휴가(12/24) 추가 부여
   ⓔ 장기 근속 휴가 및 여행비 지원(3년/5년/7년/10년)

2. 자기 발전
   ⓐ 업무 관련 도서 및 세미나, 컨퍼런스 참가비 지원
   ⓑ 직무 관련 자격증 취득 지원

3. 생활 안정
   ⓐ 주택 구입 관련 대출 이자 지원
   ⓑ 양육 수당 및 자녀 학자금 지원

4. 건강 및 가족 케어
   ⓐ 전문 검진기관을 통한 연 1회 종합건강검진 실시(본인, 배우자, 양가 부모님)
   ⓑ 생일 휴가(본인, 배우자, 자녀) 부여
   ⓒ 행복한 휴가를 위한 사계절 휴양소 운영
   ⓓ 명절 선물 및 상조 물품 등 각종 경조사 관련 비용, 휴가 지원","VueJS
Java
JavaScript
Golang
React.js","서울 강남구 테헤란로 521, 파르나스타워 7층",3793,71,Benefit PC 올리다 크루 준비 몰입 계절 날씨 걱정 삼성역 최고급 오피스 구축 최고 사양 노트북 장비 중식 커피 머신 음료 휴가 연말 휴가 추가 장기 근속 휴가 여행 발전 도서 세미나 컨퍼런스 참가 직무 자격증 취득 생활 안정 주택 구입 대출 이자 양육 수당 자녀 학자금 건강 가족 케어 전문 검진 기관 종합 건강검진 실시 배우자 양가 부모님 생일 휴가 배우자 자녀 행복하다 휴가 사계절 휴양 명절 선물 상조 물품 경조사 비용 휴가,Language Tool Visual Studio Unreal Engine VCS Git Github PR code review Daily scrum service post mortem PoC 올리다 엔진 크루 스택 올리다 엔진 크루 배포 실시간 그래픽 연구 상용 렌더링 엔진 확장 플러그인 리얼타임 콘텐츠 플랫폼 구축 리얼타임 콘텐츠 가공 추출 표현 형태 버팅 리얼타임 콘텐츠 제작 자동화 최적화,0.5043882978723404
그래픽스 엔지니어,https://www.wanted.co.kr/wd/115714,https://image.wanted.co.kr/optimize?src=https%3A%2F%2Fstatic.wanted.co.kr%2Fimages%2Fcompany%2F30696%2Fc9vmooue9ulsazi4__1080_790.jpg&w=1000&q=75,PC Application OpenGL엔지니어,스카이오토넷,"[AI Vision팀] PC Application OpenGL엔지니어

• 부서소개
AI Vision팀은 전방 객체를 인식하는 자동긴급제동장치 AEB/ ADAS 와 인공지능 기반 지능형 카메라시스템 AIV 기술 연구개발을 대표로 딥러닝 알고리즘 성능 고도화를 통해 자율주행에 한걸음 다가가고 있습니다.


• 담당업무
- Camera Calibration Application
- View 구성 및 편집
- Virtual camera render
- 3DS Max model loading

[주요 활용 스택 : C/C++, MFC, OpenGL 등 ]


• 채용절차
서류전형 ▷ 면접전형(1차례) ▷ 최종합격
(과장/책임급 이상의 경우 면접전형이 2차까지 발생될 수 있습니다.)","• 학력 : 무관
• 경력 : 광각 카메라 관련 개발 경험 보유하신 분 / or / 영상처리 경험 보유하신 분 (3년 이상)","• 4대보험 / 퇴직연금 가입
• 자유로운 연차 활용
• 맛있는 커피, 차류 구비
• 경조휴가 / 경조사비 지원
• 야근 발생 시 석식제공
• 청년내일채움공제 가입지원",없음,없음,서울특별시 서초구 논현로 153 스카이레이크빌딩 3층,4277,61,,AI Vision PC OpenGL AI Vision AEB ADAS AIV Camera View Virtual camera render DS Max model loading MFC OpenGL 엔지니어 소개 전방 객체 인식 자동 긴급 제동장치 오다 인공 지능 지능 카메라 시스템 연구개발 대표 러닝 알고리즘 성능 고도화 자율 주행 걸음 다가가다 구성 편집 주요 스택 차례 과장 책임 발생,0.56875
그래픽스 엔지니어,https://www.wanted.co.kr/wd/104458,https://image.wanted.co.kr/optimize?src=https%3A%2F%2Fstatic.wanted.co.kr%2Fimages%2Fcompany%2F22504%2Ffjwzfbmvnplelloe__1080_790.jpg&w=1000&q=75,Computer Graphics Engineer,카카오브레인,"- 1천만 이상의 최종사용자에게 제공될 Mobile AR/Vision SDK를 설계 및 구현
- 렌더링 엔진 및 이펙트 시스템 설계 및 구현
- 모바일 기기에서의 성능 최적화 및 트러블 슈팅","- 컴퓨터 공학에 대한 기본적인 지식을 갖추고 있는 사람
- C++의 기본기를 보유한 사람
- 컴퓨터 그래픽스에 대한 기본기를 보유한 사람","- Modern C++ 프로그래밍에 높은 숙련도를 가진 사람
- 그래픽스(DirectX, Metal, Vulkan, OpenGL) 프로그래밍 경험을 가진 사람
- 고급 그래픽스 기술을 구현한 경험을 가진 사람

영입 절차
- 서류 심사 → 1차 코딩테스트 → 온라인 인터뷰 → 2차 코딩테스트 → 최종 인터뷰 → 입사확정
(영입프로세스는 변경될 수 있으며 서류합격시 영입프로세스에 대해 별도로 안내해 드립니다)

기타 사항
- 남성의 경우 이력서에 병역사항을 반드시 작성해 주시기 바랍니다.","복지대출 이자지원
단체보험 가입 (+치과치료비)
건강검진 지원
경조금 지원
상조서비스 지원
임신 / 출산 선물 지원
어린이집 지원
명절 선물 지원
카카오 공동체 쇼핑몰
카카오 프렌즈샵 할인
카카오 통근버스
1시간 단위 휴가제도
경조 휴가","C#
C++","경기도 성남시 분당구 판교역로 152, 알파돔타워 12층 카카오브레인",6015,109,복지 대출 이자지 보험 가입 치과 치료 건강검진 상조 임신 출산 선물 어린이집 명절 선물 카카오 공동체 쇼핑몰 카카오 프렌즈 할인 카카오 통근 버스 단위 휴가 경조 휴가,Mobile AR Vision SDK 천만 사용자 설계 구현 렌더링 엔진 이펙트 시스템 설계 구현 모바일 기기 성능 최적화 트러블 슈팅,0.7998670212765958
그래픽스 엔지니어,https://www.wanted.co.kr/wd/110896,https://image.wanted.co.kr/optimize?src=https%3A%2F%2Fstatic.wanted.co.kr%2Fimages%2Fcompany%2F10384%2F3bzwwrpilsoddh5c__1080_790.jpg&w=1000&q=75,IT 개발 인프라 분야 연구개발직 및 전문연구요원,이마고웍스,"＜개발 Infra 구축 특화 역량＞
• azure 배포 pipeline 환경 최적화
• git 환경 최적화 및 버전관리 구축
• docker 환경 최적화
• wasm, js 빌드 환경 최적화","• 학사 (전문연구요원 지원자는 석사) 졸업 또는 졸업예정자
• 컴퓨터 공학 또는 관련 학과 전공자
• 개발 환경 구축에 능숙한 자
• js, docker, azure pipeline 사용이 가능한 자

*필수제출서류/자유양식*
1. 이력서
2. 자기소개서 (대학 이전은 기술하지 말 것)
3. 연구개발 포트폴리오",• Emscripten 관련 지식이 있는 자,"직원이 편해야 회사가 잘된다!
- 수평적인 조직 문화
- 자율 출퇴근제 운영
- 자유 복장 (반바지, 모자, 슬리퍼 등등 모두 OK!)
- 신논현역 도보 3분 거리 (강남역 7분)
- 듀오백, 듀얼 모니터, 모니터암 등 제공 
 
아낌없이 주는 회사!
- 중식 제공, 회사 근처 맛집 다수 보유
- 맛있는 스낵, 쿠키, 음료 등 간식 무한 제공
- 캡슐 커피 무한 제공
- 단백질 보충 식품 제공
- 생일 선물로 상품권 지급
- 장기 근속 휴가 제공 
 
Work Life Balance!
- 팀원의 성장은 팀의 성장! 도서, 온라인 강의 등 자기 계발 지원!
- 청년내일채움공제 지원
- 스포츠, 문화 생활 등 사내 동아리 활동 전폭 지원
- 팀웍 향상을 위한 팀별 컬쳐 데이 운영
- 건강검진 지원",없음,서울 서초구 서초대로77길 58 트라이랜드빌딩 10층,0,없음,OK Work Life Balance 편하다 수평 자율 자유 복장 반바지 모자 슬리퍼 신논현역 도보 거리 강남역 듀오 듀얼 모니터 모니터 아낌없이 주다 중식 근처 맛집 보유 맛있다 스낵 쿠키 음료 간식 무한 캡슐 커피 무한 단백질 보충 식품 생일 선물 상품권 장기 근속 휴가 성장 성장 도서 온라인 강의 계발 청년 내일 채우다 공제 스포츠 생활 동아리 팀웍 향상 팀별 컬쳐 데이 건강검진,Infra azure pipeline git docker wasm js 구축 특화 역량 배포 최적화 최적화 버전 구축 최적화 빌드 최적화,0.0
그래픽스 엔지니어,https://www.wanted.co.kr/wd/117928,https://image.wanted.co.kr/optimize?src=https%3A%2F%2Fstatic.wanted.co.kr%2Fimages%2Fcompany%2F26800%2Fmbpqjwww8uqbpdjf__1080_790.jpg&w=1000&q=75,3D CAD 및 관련 알고리즘 개발,큐브세븐틴,"• 디지털 치과 솔루션을 위한 3D 치아 CAD 개발
• 3D CAD 를 위한 알고리즘 개발",• 유니티 엔진 사용 경력자,• 3D CAD 알고리즘 개발 가능,"• 중식 실비 제공
• 4대보험
• 퇴직연금
• 경조사비 지원
• 명절선물
• 연차휴가
• (청년)재직자 내일채움공제 
• 종합건강검진 연1회(대기업 40세 이상 근로자 검진항목 기준 이상)
• 가족 건강검진비 지원",C#,"서울시 강남구 도곡로 133, 4층( 역삼동, 정호빌딩)",0,없음,중식 실비 보험 퇴직 연금 사비 명절 선물 연차 휴가 청년 재직 내일 채우다 공제 종합 건강검진 대기업 근로자 검진 항목 기준 가족 건강검진,CAD CAD 디지털 치과 솔루션 치아 알고리즘,0.0
그래픽스 엔지니어,https://www.wanted.co.kr/wd/28766,https://image.wanted.co.kr/optimize?src=https%3A%2F%2Fstatic.wanted.co.kr%2Fimages%2Fcompany%2F833%2F6dj5tdriwpwxqepm__1080_790.jpg&w=1000&q=75,[R&D] Software Engineer (전문연구요원),클로버추얼패션(CLOVirtualFashion),"• CLO 와 MarvelousDesigner를 사용하는 전 세계 유저들의 요구사항을 분석하여, 그에 맞는 새로운 기능을 만들어 나갑니다.
• 최첨단 의상 시뮬레이션 기술을 경험/연구하고, 최적화 해나가는 일을 합니다.
• 최신 렌더링 기술을 경험/연구하고, 의상에 최적화된 렌더링 기술을 개발합니다.
• QT Framework 을 사용하여 Windows와 Mac에서 cross-platform으로 동작하는 최적의 UI를 개발합니다.
• API/SDK를 개발하여, 다양한 게임엔진(Unity, Unreal) 과 연동되는 시스템을 구축합니다.

▶CLO 는 입사할 때 담당할 개발 업무를 확정하지 않습니다. 입사 후 3개월간의 온보딩 과정을 통해 신규 입사자의 관심과 역량에 가장 잘 맞는 업무를 찾아가도록 도와드릴게요!","• 전산 및 컴퓨터공학, 비전 관련 석사학위 이상 소지자로서 전문연구요원(대체복무제에 따른 연구직) 신규편입 대상자
   : 졸업예정자의 경우 2022년 2월까지 학위를 취득하셔야 합니다.
   : 기 복무 중이거나 만 35세 까지 복무를 마칠 수 없는 분은 지원이 불가합니다. 
• 일정 수준의 C/C++ 언어를 활용할 수 있어 소프트웨어 개발이 가능하신 분
• 프로그램 설계, 자료 구조, 알고리즘에 대한 이해가 가능하신 분
• 함께 배워나가며 발전해나가는 데 기쁨을 느끼고, 러닝 커브가 큰 분


[개발 환경]
- Window : Visual Studio 2017
- Mac : Xcode 8
- Qt Library 사용하여 cross-platform application 개발
- Python script
- 버전 관리 도구 : Git
- 빌드 자동화 : Teamcity","▶추가로 보유하고 있다면 더 좋을 스킬셋입니다 :
• OpenGL, GLSL, WebGL 등을 사용한 Graphics application의 개발 경험이 있으신 분
• QT를 통한 프로젝트 개발 경험이 있으신 분
• OpenCV, Cuda등의 GPU 프로그래밍 및 최적화에 경험이 있으신 분
• Mac 환경에서 Xcode를 통한 개발 경험이 있으신 분
• Vulkan, Metal 을 사용한 개발 경험이 있으신 분
• 게임엔진 (Unreal, Unity) 을 통한 게임 제작 경험이 있으신 분

▶이런 마인드셋을 가지고 계시다면 CLO에서의 생활이 더 즐거워 집니다:
• 옷을 좋아하고, 패션에 관심이 있으신 분
• 사용자와의 소통을 즐거워하고, 사용자의 만족을 중요하게 여기시는 분
• 실패를 두려워하지 않고, 끊임없는 창의적인 시도를 좋아하시는 분
• 동료들과 토론하며 더 나은 방향을 찾아나가는 것을 즐거워 하시는 분
• 비록 유창하지 않더라도 영어로 의사소통하는데 거부감이 없으신 분","• 개인장비: 듀얼 모니터와 데스크탑/랩탑 혹은 MacBook/iMac (2~3년마다 업그레이드)
• 자기계발: 자기계발 및 체력단련 비용, 도서 구입비, 최신 툴, 동아리 지원금
• 식사, 간식: 중식 제공, 고급 커피 제공, 간식
• 연차, 휴가: 경조사 휴가, 건강검진 휴가, 법정 연차휴가
• 근무 형태: 유연 근무제, AM 07 ~ 10 to PM 04 ~ 07
• 보험, 의료: 대형 병원 건강검진, 경조사비, 4대 보험
• 기타: 웰트리 복리후생(복지포인트, 명절 선물)


[Culture]

▶Flexible Work Schedule “우리 모두의 Working Time은 다 달라요.”
• 오전 7시 ~ 10시 내에 자유롭게 출근을 하는 문화를 갖고 있어요. 개인과 팀마다 업무에 집중할 수 있는 시간대는 다르므로, 자유롭게 출퇴근을 하고 있어요.
• 더불어, CLOver는 다양한 time zone에서 일을 하고 있어요. 만약 시차로 인해 밤에 미팅이 있다면, 다음 날은 늦게 출근을 하거나 일찍 퇴근을 하며 업무 시간을 자유롭게 조율해요.

▶Over Communication “항상 active하게 소통하고 공유해요.”
• 전세계 CLOver들과 Slack으로 업무를 공유하고 소통하고 있어요. 최대한 모든 Slack의 Channel은 공개적으로 운영하고 있기 때문에, 관심이 있거나 궁금한 Project가 논의되고 있는 Channel에 언제든지 참여할 수 있어요.
• 분기마다 모든 팀이 시도했던 업무와 성과, lesson learned을 공유하고 있어요. CLOver들은 전 세계에 있기때문에, 영상을 통해 공유를 하고 있어요. 
• Non hierarchy를 지향해요. 직급/직위로 소통하는 것이 아닌 각자의 영어 이름으로 소통을 하고 있고, 누구나 아이디어와 의견을 자유롭게 제시할 수 있어요.

▶No Limitation “CLO에서는 무엇이든 가능해요”
• CLO에서는 여러가지 시도와 도전을 해보는 것을 무한 응원해요. 그동안 해보지 않았던 일들을 CLO에서는 마음껏 재미있게 시도해볼 수 있어요.

▶Refresh “누구에게나 재충전과 휴식은 필요해요.”
• 휴가를 내실 때에 별도의 승인 절차가 없어요. 사전에 팀원들과 일정을 공유 및 조율하신다면, 언제든지 자유롭게 휴가를 사용할 수 있어요.
• 잠시 복잡한 서울을 떠나, 제주도 오피스에서 한 달동안 근무를 하실 수 있어요. 일명 ""제주 한 달 살기""에 나서실 때 가족끼리 머무시기에 부족함 없는 사택과 왕복 항공권 또한 지원해 드려요.
• 물론 제주도로 개인 휴가를 떠나실 때에도, 사택을 이용하실 수도 있어요.


[Benefit and Perks]
▶Keep growing “자기계발비와 업무에 필요한 리소스를 아낌없이 지원해드려요.”
CLO는 CLOver의 성장을 무한 응원해요. 직무 관련한 학습을 위한 자기계발비를 지원 드리고 있어요. 이 외에도, 업무에 필요한 tool도 최대한 아낌없이 지원해드리고 있어요.

▶Healthier Life “건강이 가장 중요해요.”
일도 중요하지만, 건강이 가장 중요해요. 매년 건강검진을 지원해드리고 있으며, 건강검진을 다녀오신 날에는 휴가(1day)를 드리고 있어요.

▶Meals & Snack “밥은 항상 잘 챙겨 먹어야 해요.”
아침 샐러드바, 점심 식사 및 간식비를 지원해드리고 있어요. 물론, 불가피하게 야근을 하게 되셨을 경우 저녁 식대 역시 당연히 지원해드리고 있어요.


클로버추얼패션 사내 활동 영상: ","Azure
Java
AWS
GCP
Spring Boot",서울 강남구 도산대로8길 17-4,4810,145,MacBook iMac AM PM Culture Flexible Work Schedule Working Time CLOver time zone Over active CLOver Slack Slack Channel Project Channel lesson learned CLOver Non hierarchy No CLO CLO CLO Refresh Benefit Perks Keep growing CLO CLOver tool Healthier Life day Meals Snack 개인 장비 듀얼 모니터 데스크탑 랩탑 업그레이드 자기계발 자기계발 체력 달다 비용 도서 구입 최신 동아리 원금 식사 간식 중식 고급 커피 간식 연차 휴가 경조사 휴가 건강검진 휴가 법정 연차 휴가 형태 유연 무제 보험 의료 대형 병원 건강검진 사비 보험 트리 복리 후생 복지 포인트 명절 선물 달라 오전 자유롭다 갖다 개인 집중 시간대 다르다 자유롭다 더불다 늘다 다양하다 인하다 늦다 거나 일찍 자유롭다 조율 항상 소통 공유 전세계 들다 공유 소통 최대한 공개 관심 궁금하다 논의 분기 시도 성과 공유 들다 세계 영상 공유 지향 직급 직위 소통 영어 이름 소통 아이디어 의견 자유롭다 제시 여러가지 시도 도전 해보다 무한 응원 해보다 마음껏 재미있다 시도 해보다 충전 휴식 휴가 별도 승인 사전 팀원 일정 공유 조율 자유롭다 휴가 복잡하다 서울 제주도 오피스 달동 일명 제주 살기 나서다 가족 끼리 머물다 부족함 사택 왕복 항공권 제주도 개인 휴가 사택 이용 수도 자기계발 리소스 아낌없이 늘다 성장 무한 응원 직무 학습 자기계발 최대한 아낌없이 건강 중요하다 일도 중요하다 건강 중요하다 매년 건강검진 건강검진 다녀오다 휴가 항상 자다 챙기다 먹다 아침 샐러드 점심 식사 간식 불가피하다 야근 저녁 식대 당연하다 클로버 추얼 패션 영상,CLO QT Framework Windows Mac cross platform UI API SDK Unity Unreal CLO 오다 세계 유저 요구사항 분석 새롭다 나가다 최첨단 의상 시뮬레이션 경험 연구 최적화 해나 최신 렌더링 경험 연구 의상 최적화 렌더링 오다 동작 최적 다양하다 게임엔진 연동 시스템 구축 늘다 확정 월간 온보딩 과정 신규 관심 역량 자다 찾아가다,0.6396276595744681
그래픽스 엔지니어,https://www.wanted.co.kr/wd/21920,https://image.wanted.co.kr/optimize?src=https%3A%2F%2Fstatic.wanted.co.kr%2Fimages%2Fcompany%2F833%2F6dj5tdriwpwxqepm__1080_790.jpg&w=1000&q=75,[R&D] Software Engineer(2년 이상),클로버추얼패션(CLOVirtualFashion),"• CLO 와 MarvelousDesigner를 사용하는 전 세계 유저들의 요구사항을 분석하여, 그에 맞는 새로운 기능을 만들어 나갑니다.
• 최첨단 의상 시뮬레이션 기술을 경험/연구하고, 최적화 해나가는 일을 합니다.
• 최신 렌더링 기술을 경험/연구하고, 의상에 최적화된 렌더링 기술을 개발합니다.
• QT Framework 을 사용하여 Windows와 Mac에서 cross-platform으로 동작하는 최적의 UI를 개발합니다.
• API/SDK를 개발하여, 다양한 게임엔진(Unity, Unreal) 과 연동되는 시스템을 구축합니다


▶CLO 는 입사할 때 담당할 개발 업무를 확정하지 않습니다. 입사 후 3개월간의 온보딩 과정을 통해 신규 입사자의 관심과 역량에 가장 잘 맞는 업무를 찾아가도록 도와드릴게요!","• C/C++ 언어를 이용하여 원활하게 개발이 가능하신 분
• 프로그램 설계, 자료 구조, 알고리즘에 대한 이해가 가능하신 분
• 함께 배워나가며 발전해나가는 데 기쁨을 느끼시는 분


[개발 환경]
- Window : Visual Studio 2017
- Mac : Xcode 8
- Qt Library 사용하여 cross-platform application 개발
- Python script
- 버전 관리 도구 : Git
- 빌드 자동화 : Teamcity","▶추가로 보유하고 있다면 더 좋을 스킬셋입니다 :
• OpenGL, GLSL, WebGL 등을 사용한 Graphics application의 개발 경험이 있으신 분
• QT를 통한 프로젝트 개발 경험이 있으신 분
• OpenCV, Cuda등의 GPU 프로그래밍 및 최적화에 경험이 있으신 분
• Mac 환경에서 Xcode를 통한 개발 경험이 있으신 분
• Vulkan, Metal 을 사용한 개발 경험이 있으신 분
• 게임엔진 (Unreal, Unity) 을 통한 게임 제작 경험이 있으신 분

▶이런 마인드셋을 가지고 계시다면 CLO에서의 생활이 더 즐거워 집니다:
• 옷을 좋아하고, 패션에 관심이 있으신 분
• 사용자와의 소통을 즐거워하고, 사용자의 만족을 중요하게 여기시는 분
• 실패를 두려워하지 않고, 끊임없는 창의적인 시도를 좋아하시는 분
• 동료들과 토론하며 더 나은 방향을 찾아나가는 것을 즐거워 하시는 분
• 비록 유창하지 않더라도 영어로 의사소통하는데 거부감이 없으신 분","• 개인장비: 듀얼 모니터와 데스크탑/랩탑 혹은 MacBook/iMac (2~3년마다 업그레이드)
• 자기계발: 자기계발 및 체력단련 비용, 도서 구입비, 최신 툴, 동아리 지원금
• 식사, 간식: 중식 제공, 고급 커피 제공, 간식
• 연차, 휴가: 경조사 휴가, 건강검진 휴가, 법정 연차휴가
• 근무 형태: 유연 근무제, AM 07 ~ 10 to PM 04 ~ 07
• 보험, 의료: 대형 병원 건강검진, 경조사비, 4대 보험
• 기타: 웰트리 복리후생(복지포인트, 명절 선물)


[Culture]

▶Flexible Work Schedule “우리 모두의 Working Time은 다 달라요.”
• 오전 7시 ~ 10시 내에 자유롭게 출근을 하는 문화를 갖고 있어요. 개인과 팀마다 업무에 집중할 수 있는 시간대는 다르므로, 자유롭게 출퇴근을 하고 있어요.
• 더불어, CLOver는 다양한 time zone에서 일을 하고 있어요. 만약 시차로 인해 밤에 미팅이 있다면, 다음 날은 늦게 출근을 하거나 일찍 퇴근을 하며 업무 시간을 자유롭게 조율해요.

▶Over Communication “항상 active하게 소통하고 공유해요.”
• 전세계 CLOver들과 Slack으로 업무를 공유하고 소통하고 있어요. 최대한 모든 Slack의 Channel은 공개적으로 운영하고 있기 때문에, 관심이 있거나 궁금한 Project가 논의되고 있는 Channel에 언제든지 참여할 수 있어요.
• 분기마다 모든 팀이 시도했던 업무와 성과, lesson learned을 공유하고 있어요. CLOver들은 전 세계에 있기때문에, 영상을 통해 공유를 하고 있어요. 
• Non hierarchy를 지향해요. 직급/직위로 소통하는 것이 아닌 각자의 영어 이름으로 소통을 하고 있고, 누구나 아이디어와 의견을 자유롭게 제시할 수 있어요.

▶No Limitation “CLO에서는 무엇이든 가능해요”
• CLO에서는 여러가지 시도와 도전을 해보는 것을 무한 응원해요. 그동안 해보지 않았던 일들을 CLO에서는 마음껏 재미있게 시도해볼 수 있어요.

▶Refresh “누구에게나 재충전과 휴식은 필요해요.”
• 휴가를 내실 때에 별도의 승인 절차가 없어요. 사전에 팀원들과 일정을 공유 및 조율하신다면, 언제든지 자유롭게 휴가를 사용할 수 있어요.
• 잠시 복잡한 서울을 떠나, 제주도 오피스에서 한 달동안 근무를 하실 수 있어요. 일명 ""제주 한 달 살기""에 나서실 때 가족끼리 머무시기에 부족함 없는 사택과 왕복 항공권 또한 지원해 드려요.
• 물론 제주도로 개인 휴가를 떠나실 때에도, 사택을 이용하실 수도 있어요.


[Benefit and Perks]
▶Keep growing “자기계발비와 업무에 필요한 리소스를 아낌없이 지원해드려요.”
CLO는 CLOver의 성장을 무한 응원해요. 직무 관련한 학습을 위한 자기계발비를 지원 드리고 있어요. 이 외에도, 업무에 필요한 tool도 최대한 아낌없이 지원해드리고 있어요.

▶Healthier Life “건강이 가장 중요해요.”
일도 중요하지만, 건강이 가장 중요해요. 매년 건강검진을 지원해드리고 있으며, 건강검진을 다녀오신 날에는 휴가(1day)를 드리고 있어요.

▶Meals & Snack “밥은 항상 잘 챙겨 먹어야 해요.”
아침 샐러드바, 점심 식사 및 간식비를 지원해드리고 있어요. 물론, 불가피하게 야근을 하게 되셨을 경우 저녁 식대 역시 당연히 지원해드리고 있어요.


클로버추얼패션 사내 활동 영상: ","Azure
Java
AWS
GCP
Spring Boot",서울 강남구 도산대로8길 17-4,4810,145,MacBook iMac AM PM Culture Flexible Work Schedule Working Time CLOver time zone Over active CLOver Slack Slack Channel Project Channel lesson learned CLOver Non hierarchy No CLO CLO CLO Refresh Benefit Perks Keep growing CLO CLOver tool Healthier Life day Meals Snack 개인 장비 듀얼 모니터 데스크탑 랩탑 업그레이드 자기계발 자기계발 체력 달다 비용 도서 구입 최신 동아리 원금 식사 간식 중식 고급 커피 간식 연차 휴가 경조사 휴가 건강검진 휴가 법정 연차 휴가 형태 유연 무제 보험 의료 대형 병원 건강검진 사비 보험 트리 복리 후생 복지 포인트 명절 선물 달라 오전 자유롭다 갖다 개인 집중 시간대 다르다 자유롭다 더불다 늘다 다양하다 인하다 늦다 거나 일찍 자유롭다 조율 항상 소통 공유 전세계 들다 공유 소통 최대한 공개 관심 궁금하다 논의 분기 시도 성과 공유 들다 세계 영상 공유 지향 직급 직위 소통 영어 이름 소통 아이디어 의견 자유롭다 제시 여러가지 시도 도전 해보다 무한 응원 해보다 마음껏 재미있다 시도 해보다 충전 휴식 휴가 별도 승인 사전 팀원 일정 공유 조율 자유롭다 휴가 복잡하다 서울 제주도 오피스 달동 일명 제주 살기 나서다 가족 끼리 머물다 부족함 사택 왕복 항공권 제주도 개인 휴가 사택 이용 수도 자기계발 리소스 아낌없이 늘다 성장 무한 응원 직무 학습 자기계발 최대한 아낌없이 건강 중요하다 일도 중요하다 건강 중요하다 매년 건강검진 건강검진 다녀오다 휴가 항상 자다 챙기다 먹다 아침 샐러드 점심 식사 간식 불가피하다 야근 저녁 식대 당연하다 클로버 추얼 패션 영상,CLO QT Framework Windows Mac cross platform UI API SDK Unity Unreal CLO 오다 세계 유저 요구사항 분석 새롭다 나가다 최첨단 의상 시뮬레이션 경험 연구 최적화 해나 최신 렌더링 경험 연구 의상 최적화 렌더링 오다 동작 최적 다양하다 게임엔진 연동 시스템 구축 늘다 확정 월간 온보딩 과정 신규 관심 역량 자다 찾아가다,0.6396276595744681
그래픽스 엔지니어,https://www.wanted.co.kr/wd/16234,https://image.wanted.co.kr/optimize?src=https%3A%2F%2Fstatic.wanted.co.kr%2Fimages%2Fcompany%2F833%2F6dj5tdriwpwxqepm__1080_790.jpg&w=1000&q=75,[R&D] Software Engineer (신입),클로버추얼패션(CLOVirtualFashion),"• CLO 와 MarvelousDesigner를 사용하는 전 세계 유저들의 요구사항을 분석하여, 그에 맞는 새로운 기능을 만들어 나갑니다.
• 최첨단 의상 시뮬레이션 기술을 경험/연구하고, 최적화 해나가는 일을 합니다.
• 최신 렌더링 기술을 경험/연구하고, 의상에 최적화된 렌더링 기술을 개발합니다.
• QT Framework 을 사용하여 Windows와 Mac에서 cross-platform으로 동작하는 최적의 UI를 개발합니다.
• API/SDK를 개발하여, 다양한 게임엔진(Unity, Unreal) 과 연동되는 시스템을 구축합니다.

▶CLO 는 입사할 때 담당할 개발 업무를 확정하지 않습니다. 입사 후 3개월간의 온보딩 과정을 통해 신규 입사자의 관심과 역량에 가장 잘 맞는 업무를 찾아가도록 도와드릴게요!","• 전산/컴퓨터공학/비전 관련 학위 보유 혹은 그에 준하는 교육/훈련 이수 (6개월 이상)
• 일정 수준의 C/C++ 언어를 활용할 수 있어 소프트웨어 개발이 가능하신 분
• 프로그램 설계, 자료 구조, 알고리즘에 대한 이해가 가능하신 분
• 함께 배워나가며 발전해나가는 데 기쁨을 느끼고, 러닝 커브가 큰 분


[개발 환경]
- Window : Visual Studio 2017
- Mac : Xcode 8
- Qt Library 사용하여 cross-platform application 개발
- Python script
- 버전 관리 도구 : Git
- 빌드 자동화 : Teamcity","▶추가로 보유하고 있다면 더 좋을 스킬셋입니다 :
• OpenGL, GLSL, WebGL 등을 사용한 Graphics application의 개발 경험이 있으신 분
• QT를 통한 프로젝트 개발 경험이 있으신 분
• OpenCV, Cuda등의 GPU 프로그래밍 및 최적화에 경험이 있으신 분
• Mac 환경에서 Xcode를 통한 개발 경험이 있으신 분
• Vulkan, Metal 을 사용한 개발 경험이 있으신 분
• 게임엔진 (Unreal, Unity) 을 통한 게임 제작 경험이 있으신 분

▶이런 마인드셋을 가지고 계시다면 CLO에서의 생활이 더 즐거워 집니다:
• 옷을 좋아하고, 패션에 관심이 있으신 분
• 사용자와의 소통을 즐거워하고, 사용자의 만족을 중요하게 여기시는 분
• 실패를 두려워하지 않고, 끊임없는 창의적인 시도를 좋아하시는 분
• 동료들과 토론하며 더 나은 방향을 찾아나가는 것을 즐거워 하시는 분
• 비록 유창하지 않더라도 영어로 의사소통하는데 거부감이 없으신 분","• 개인장비: 듀얼 모니터와 데스크탑/랩탑 혹은 MacBook/iMac (2~3년마다 업그레이드)
• 자기계발: 자기계발 및 체력단련 비용, 도서 구입비, 최신 툴, 동아리 지원금
• 식사, 간식: 중식 제공, 고급 커피 제공, 간식
• 연차, 휴가: 경조사 휴가, 건강검진 휴가, 법정 연차휴가
• 근무 형태: 유연 근무제, AM 07 ~ 10 to PM 04 ~ 07
• 보험, 의료: 대형 병원 건강검진, 경조사비, 4대 보험
• 기타: 웰트리 복리후생(복지포인트, 명절 선물)


[Culture]

▶Flexible Work Schedule “우리 모두의 Working Time은 다 달라요.”
• 오전 7시 ~ 10시 내에 자유롭게 출근을 하는 문화를 갖고 있어요. 개인과 팀마다 업무에 집중할 수 있는 시간대는 다르므로, 자유롭게 출퇴근을 하고 있어요.
• 더불어, CLOver는 다양한 time zone에서 일을 하고 있어요. 만약 시차로 인해 밤에 미팅이 있다면, 다음 날은 늦게 출근을 하거나 일찍 퇴근을 하며 업무 시간을 자유롭게 조율해요.

▶Over Communication “항상 active하게 소통하고 공유해요.”
• 전세계 CLOver들과 Slack으로 업무를 공유하고 소통하고 있어요. 최대한 모든 Slack의 Channel은 공개적으로 운영하고 있기 때문에, 관심이 있거나 궁금한 Project가 논의되고 있는 Channel에 언제든지 참여할 수 있어요.
• 분기마다 모든 팀이 시도했던 업무와 성과, lesson learned을 공유하고 있어요. CLOver들은 전 세계에 있기때문에, 영상을 통해 공유를 하고 있어요. 
• Non hierarchy를 지향해요. 직급/직위로 소통하는 것이 아닌 각자의 영어 이름으로 소통을 하고 있고, 누구나 아이디어와 의견을 자유롭게 제시할 수 있어요.

▶No Limitation “CLO에서는 무엇이든 가능해요”
• CLO에서는 여러가지 시도와 도전을 해보는 것을 무한 응원해요. 그동안 해보지 않았던 일들을 CLO에서는 마음껏 재미있게 시도해볼 수 있어요.

▶Refresh “누구에게나 재충전과 휴식은 필요해요.”
• 휴가를 내실 때에 별도의 승인 절차가 없어요. 사전에 팀원들과 일정을 공유 및 조율하신다면, 언제든지 자유롭게 휴가를 사용할 수 있어요.
• 잠시 복잡한 서울을 떠나, 제주도 오피스에서 한 달동안 근무를 하실 수 있어요. 일명 ""제주 한 달 살기""에 나서실 때 가족끼리 머무시기에 부족함 없는 사택과 왕복 항공권 또한 지원해 드려요.
• 물론 제주도로 개인 휴가를 떠나실 때에도, 사택을 이용하실 수도 있어요.


[Benefit and Perks]
▶Keep growing “자기계발비와 업무에 필요한 리소스를 아낌없이 지원해드려요.”
CLO는 CLOver의 성장을 무한 응원해요. 직무 관련한 학습을 위한 자기계발비를 지원 드리고 있어요. 이 외에도, 업무에 필요한 tool도 최대한 아낌없이 지원해드리고 있어요.

▶Healthier Life “건강이 가장 중요해요.”
일도 중요하지만, 건강이 가장 중요해요. 매년 건강검진을 지원해드리고 있으며, 건강검진을 다녀오신 날에는 휴가(1day)를 드리고 있어요.

▶Meals & Snack “밥은 항상 잘 챙겨 먹어야 해요.”
아침 샐러드바, 점심 식사 및 간식비를 지원해드리고 있어요. 물론, 불가피하게 야근을 하게 되셨을 경우 저녁 식대 역시 당연히 지원해드리고 있어요.


클로버추얼패션 사내 활동 영상: ","Azure
Java
AWS
GCP
Spring Boot",서울 강남구 도산대로8길 17-4,4810,145,MacBook iMac AM PM Culture Flexible Work Schedule Working Time CLOver time zone Over active CLOver Slack Slack Channel Project Channel lesson learned CLOver Non hierarchy No CLO CLO CLO Refresh Benefit Perks Keep growing CLO CLOver tool Healthier Life day Meals Snack 개인 장비 듀얼 모니터 데스크탑 랩탑 업그레이드 자기계발 자기계발 체력 달다 비용 도서 구입 최신 동아리 원금 식사 간식 중식 고급 커피 간식 연차 휴가 경조사 휴가 건강검진 휴가 법정 연차 휴가 형태 유연 무제 보험 의료 대형 병원 건강검진 사비 보험 트리 복리 후생 복지 포인트 명절 선물 달라 오전 자유롭다 갖다 개인 집중 시간대 다르다 자유롭다 더불다 늘다 다양하다 인하다 늦다 거나 일찍 자유롭다 조율 항상 소통 공유 전세계 들다 공유 소통 최대한 공개 관심 궁금하다 논의 분기 시도 성과 공유 들다 세계 영상 공유 지향 직급 직위 소통 영어 이름 소통 아이디어 의견 자유롭다 제시 여러가지 시도 도전 해보다 무한 응원 해보다 마음껏 재미있다 시도 해보다 충전 휴식 휴가 별도 승인 사전 팀원 일정 공유 조율 자유롭다 휴가 복잡하다 서울 제주도 오피스 달동 일명 제주 살기 나서다 가족 끼리 머물다 부족함 사택 왕복 항공권 제주도 개인 휴가 사택 이용 수도 자기계발 리소스 아낌없이 늘다 성장 무한 응원 직무 학습 자기계발 최대한 아낌없이 건강 중요하다 일도 중요하다 건강 중요하다 매년 건강검진 건강검진 다녀오다 휴가 항상 자다 챙기다 먹다 아침 샐러드 점심 식사 간식 불가피하다 야근 저녁 식대 당연하다 클로버 추얼 패션 영상,CLO QT Framework Windows Mac cross platform UI API SDK Unity Unreal CLO 오다 세계 유저 요구사항 분석 새롭다 나가다 최첨단 의상 시뮬레이션 경험 연구 최적화 해나 최신 렌더링 경험 연구 의상 최적화 렌더링 오다 동작 최적 다양하다 게임엔진 연동 시스템 구축 늘다 확정 월간 온보딩 과정 신규 관심 역량 자다 찾아가다,0.6396276595744681
그래픽스 엔지니어,https://www.wanted.co.kr/wd/41140,https://image.wanted.co.kr/optimize?src=https%3A%2F%2Fstatic.wanted.co.kr%2Fimages%2Fcompany%2F833%2F6dj5tdriwpwxqepm__1080_790.jpg&w=1000&q=75,[CLO-SET] 웹 그래픽스 개발자 (3D Viewer),클로버추얼패션(CLOVirtualFashion),"• 3D 의상과 아바타를 웹 기반 Realtime PBR을 가능케 하는 엔진을 개발합니다.
• 패션 업체들의 커뮤니케이션과 워크 플로우를 개선하는 다양한 도구를 제공하며 지속적인 커뮤니케이션을 통해 제품을 개선합니다. 
• CLO-SET 서비스의 Front-end/Back-end 개발자, CLO3D 그래픽스 개발자들과 주로 협업합니다.","• (경력) 컴퓨터 그래픽스 관련 개발 경험이 있으신 분이나 게임 엔진을 능숙하게 다루시는 분
• (신입) 컴퓨터 그래픽스와 관련된 프로젝트, 과제, 또는 수업에 즐겁게 참여한 경험이 있는 분
• Front-end/Back-end Developer, UX Designer 및 Product Manager 등 다양한 직군과의 원활한 협업 능력이 있는 분
• 어려운 문제를 해결하거나 새로운 기술을 다루는데 흥미가 있는 분
• 자기 주도적으로 개발하며 스스로 동기 부여할 수 있는 분","• 컴퓨터 그래픽스 관련 학위 소지자 또는 논문 출판 경험
• WebGL, OpenGL, Vulkan, Metal 등을 활용하여 개발해 본 경험
• 웹 프레임워크(React, AngularJS, Vue.js 등) 기술 사용 경험
• TDD 경험
• 빌드/배포/테스트 자동화 및 CI 구축 경험
• 영문 자료를 참고하고 해외 커뮤니티에서 소통하며 문제를 해결할 수 있는 영어실력

[사용 중인 기술과 도구]
Typescript, three.js, RxJS를 사용하고 있습니다. 아래는 현재 사용 중인 기술과 도구 목록이며, 새로운 기술들도 팀원들과의 토론을 통해 도입할 수 있습니다.
• Typescript, three.js, Draco3D, RxJS, node.js, WebAssembly
• AWS, git, jira (with confluence), slack, WebStorm","• 개인장비: 듀얼 모니터와 데스크탑/랩탑 혹은 MacBook/iMac (2~3년마다 업그레이드)
• 자기계발: 자기계발 및 체력단련 비용, 도서 구입비, 최신 툴, 동아리 지원금
• 식사, 간식: 중식 제공, 고급 커피 제공, 간식
• 연차, 휴가: 경조사 휴가, 건강검진 휴가, 법정 연차휴가, Year-end Holiday (12/25~1/1) 
• 근무 형태: 유연 근무제, AM 07 ~ 10 to PM 04 ~ 07
• 보험, 의료: 대형 병원 건강검진, 경조사비, 4대 보험
• 기타: 웰트리 복리후생(복지포인트, 명절 선물)


[Culture]

▶Flexible Work Schedule “우리 모두의 Working Time은 다 달라요.”
• 오전 7시 ~ 10시 내에 자유롭게 출근을 하는 문화를 갖고 있어요. 개인과 팀마다 업무에 집중할 수 있는 시간대는 다르므로, 자유롭게 출퇴근을 하고 있어요.
• 더불어, CLOver는 다양한 time zone에서 일을 하고 있어요. 만약 시차로 인해 밤에 미팅이 있다면, 다음 날은 늦게 출근을 하거나 일찍 퇴근을 하며 업무 시간을 자유롭게 조율해요.

▶Over Communication “항상 active하게 소통하고 공유해요.”
• 전세계 CLOver들과 Slack으로 업무를 공유하고 소통하고 있어요. 최대한 모든 Slack의 Channel은 공개적으로 운영하고 있기 때문에, 관심이 있거나 궁금한 Project가 논의되고 있는 Channel에 언제든지 참여할 수 있어요.
• 분기마다 모든 팀이 시도했던 업무와 성과, lesson learned을 공유하고 있어요. CLOver들은 전 세계에 있기때문에, 영상을 통해 공유를 하고 있어요. 
• Non hierarchy를 지향해요. 직급/직위로 소통하는 것이 아닌 각자의 영어 이름으로 소통을 하고 있고, 누구나 아이디어와 의견을 자유롭게 제시할 수 있어요.

▶No Limitation “CLO에서는 무엇이든 가능해요”
• CLO에서는 여러가지 시도와 도전을 해보는 것을 무한 응원해요. 그동안 해보지 않았던 일들을 CLO에서는 마음껏 재미있게 시도해볼 수 있어요.

▶Refresh “누구에게나 재충전과 휴식은 필요해요.”
• 휴가를 내실 때에 별도의 승인 절차가 없어요. 사전에 팀원들과 일정을 공유 및 조율하신다면, 언제든지 자유롭게 휴가를 사용할 수 있어요.
• 잠시 복잡한 서울을 떠나, 제주도 오피스에서 한 달동안 근무를 하실 수 있어요. 일명 ""제주 한 달 살기""에 나서실 때 가족끼리 머무시기에 부족함 없는 사택과 왕복 항공권 또한 지원해 드려요.
• 물론 제주도로 개인 휴가를 떠나실 때에도, 사택을 이용하실 수도 있어요.


[Benefits and Perks]

▶Keep growing “자기계발비와 업무에 필요한 리소스를 아낌없이 지원해드려요.”
CLO는 CLOver의 성장을 무한 응원해요. 직무 관련한 학습을 위한 자기계발비를 지원 드리고 있어요. 이 외에도, 업무에 필요한 tool도 최대한 아낌없이 지원해드리고 있어요.

▶Healthier Life “건강이 가장 중요해요.”
일도 중요하지만, 건강이 가장 중요해요. 매년 건강검진을 지원해드리고 있으며, 건강검진을 다녀오신 날에는 휴가(1day)를 드리고 있어요.

▶Meals & Snack “밥은 항상 잘 챙겨 먹어야 해요.”
아침 샐러드바, 점심 식사 및 간식비를 지원해드리고 있어요. 물론, 불가피하게 야근을 하게 되셨을 경우 저녁 식대 역시 당연히 지원해드리고 있어요.

클로버추얼패션 사내 활동 영상: ","Azure
Java
AWS
GCP
Spring Boot",서울 강남구 도산대로8길 17-4,4810,145,MacBook iMac Year end Holiday AM PM Culture Flexible Work Schedule Working Time CLOver time zone Over active CLOver Slack Slack Channel Project Channel lesson learned CLOver Non hierarchy No CLO CLO CLO Refresh Benefits Perks Keep growing CLO CLOver tool Healthier Life day Meals Snack 개인 장비 듀얼 모니터 데스크탑 랩탑 업그레이드 자기계발 자기계발 체력 달다 비용 도서 구입 최신 동아리 원금 식사 간식 중식 고급 커피 간식 연차 휴가 경조사 휴가 건강검진 휴가 법정 연차 휴가 형태 유연 무제 보험 의료 대형 병원 건강검진 사비 보험 트리 복리 후생 복지 포인트 명절 선물 달라 오전 자유롭다 갖다 개인 집중 시간대 다르다 자유롭다 더불다 늘다 다양하다 인하다 늦다 거나 일찍 자유롭다 조율 항상 소통 공유 전세계 들다 공유 소통 최대한 공개 관심 궁금하다 논의 분기 시도 성과 공유 들다 세계 영상 공유 지향 직급 직위 소통 영어 이름 소통 아이디어 의견 자유롭다 제시 여러가지 시도 도전 해보다 무한 응원 해보다 마음껏 재미있다 시도 해보다 충전 휴식 휴가 별도 승인 사전 팀원 일정 공유 조율 자유롭다 휴가 복잡하다 서울 제주도 오피스 달동 일명 제주 살기 나서다 가족 끼리 머물다 부족함 사택 왕복 항공권 제주도 개인 휴가 사택 이용 수도 자기계발 리소스 아낌없이 늘다 성장 무한 응원 직무 학습 자기계발 최대한 아낌없이 건강 중요하다 일도 중요하다 건강 중요하다 매년 건강검진 건강검진 다녀오다 휴가 항상 자다 챙기다 먹다 아침 샐러드 점심 식사 간식 불가피하다 야근 저녁 식대 당연하다 클로버 추얼 패션 영상,Realtime PBR CLO SET Front end Back end CLO 의상 아바타 엔진 패션 업체 커뮤니케이션 크다 플로우 개선 다양하다 도구 지속 커뮤니케이션 개선 개발자 그래픽스 개발자 주로 협업,0.6396276595744681
그래픽스 엔지니어,https://www.wanted.co.kr/wd/54058,https://image.wanted.co.kr/optimize?src=https%3A%2F%2Fstatic.wanted.co.kr%2Fimages%2Fcompany%2F10384%2F3bzwwrpilsoddh5c__1080_790.jpg&w=1000&q=75,의료/치과용 3차원 소프트웨어 연구개발직 및 전문연구요원,이마고웍스,"＜인공지능 특화 역량＞
• 치과용 3차원 소프트웨어 개발
• 3차원 의료데이터 활용 알고리즘 개발

＜CAD&그래픽스 특화 역량＞
• 치과용 3차원 소프트웨어 개발
• Polygon mesh processing 알고리즘 개발
• Medical imaging processing 알고리즘 개발","• 석사 이상 경력 무관 (연구개발직 및 전문연구요원)
• 학사 졸업 후 경력 2년 이상 (연구개발직)
• 컴퓨터공학, 기계공학 또는 그래픽스 관련학과 학위 소지자
• C++ 프로그래밍이 능숙한 자
• 프로그래밍 library 사용 및 개발에 능숙한 자

*필수제출서류/자유양식*
1. 이력서
2. 자기소개서 (대학 이전은 기술하지 말 것)
3. 연구개발 포트폴리오","＜인공지능 특화 역량＞
• 딥러닝 프레임워크(pytorch, tensorflow 등) 사용 능숙한 자
• 최신 논문을 읽고 구현하는데 능숙한 자
• 3차원 데이터 (Polygon mesh, DICOM image) 처리 경험

＜CAD&그래픽스 특화 역량＞
• 그래픽스 관련 S/W 개발 경험
• 의료데이터 처리 경험","* 직원이 편해야 회사가 잘된다!
- 수평적인 조직 문화
- 자율 출퇴근제 운영
- 자유 복장 (반바지, 모자, 슬리퍼 등등 모두 OK!)
- 신논현역 도보 3분 거리 (강남역 7분)
- 듀오백, 듀얼 모니터, 모니터암 등 제공

* 아낌없이 주는 회사!
- 중식 제공, 회사 근처 맛집 다수 보유
- 맛있는 스낵, 쿠키, 음료 등 간식 무한 제공
- 캡슐 커피 무한 제공
- 단백질 보충 식품 제공
- 생일 선물로 상품권 지급
- 장기 근속 휴가 제공

* Work Life Balance!
- 팀원의 성장은 팀의 성장! 도서, 온라인 강의 등 자기 계발 지원!
- 청년내일채움공제 지원
- 스포츠, 문화 생활 등 사내 동아리 활동 전폭 지원
- 팀웍 향상을 위한 팀별 컬쳐 데이 운영
- 건강검진 지원",없음,서울 서초구 서초대로77길 58 트라이랜드빌딩 10층,0,없음,OK Work Life Balance 편하다 수평 자율 자유 복장 반바지 모자 슬리퍼 신논현역 도보 거리 강남역 듀오 듀얼 모니터 모니터 아낌없이 주다 중식 근처 맛집 보유 맛있다 스낵 쿠키 음료 간식 무한 캡슐 커피 무한 단백질 보충 식품 생일 선물 상품권 장기 근속 휴가 성장 성장 도서 온라인 강의 계발 청년 내일 채우다 공제 스포츠 생활 동아리 팀웍 향상 팀별 컬쳐 데이 건강검진,CAD Polygon mesh Medical imaging 인공 지능 특화 역량 치과 차원 소프트웨어 차원 의료 데이터 알고리즘 그래픽스 특화 역량 치과 차원 소프트웨어 알고리즘 알고리즘,0.0
그래픽스 엔지니어,https://www.wanted.co.kr/wd/57696,https://image.wanted.co.kr/optimize?src=https%3A%2F%2Fstatic.wanted.co.kr%2Fimages%2Fcompany%2F17970%2Fnif15q6g7v9rker4__1080_790.jpg&w=1000&q=75,Data Scientist (머신러닝/딥러닝 엔지니어),펄핏,"• 측정 및 분석 엔진 개발
    - 2D Image
        - DL 모델을 활용하여 발 사이즈 측정 기술 개발
        - 사이즈 추천에 사용 할 feature extraction
    - 3D Object 측정 및 분석
        - 3D 추정 DL 모델을 활용하여 발 사이즈 측정 기술 개발
        - LiDAR센서를 활용하여 발 사이즈 측정 기술 개발
        - 3D 결과물로 부터 사이즈 추천에 사용 할 feature extraction
• 추천 엔진 개발
    - 사이즈 추천 엔진을 위한 데이터 분석 및 분류(예측)을 위한 DL 모델 개발
    - 고객 데이터 분석을 통한 가설 검증 및 Insight 도출, 결과 해석","• knowledge
    - computer vision, image processing 관련 개발 경험
    - 논문 기반 deep learning 모델 개발 경험
• skill
    - python, deep learning framework 1가지 이상(tensorflow, pytorch, caffe 등)","• LiDAR 센서 활용 경험
• 모바일 경량화 개발 경험
• DL모델 serving 환경 개발, 모델 자동 업데이트, CI/CD 등 MLOps 직무 경험
• linux 환경, docker, pycham 사용 경험
• 3D point cloud 데이터 전처리 경험
• 통계, 산업공학, 컴퓨터공학 등 데이터 분석 관련 전공자 또는 데이터 분석 실무 경력 1년 이상이신 분
• 비즈니스 모델과 서비스 요구사항을 데이터 관점으로 이해하고 분석 적용이 가능하신 분
• 통계적 분석과 기계학습을 이용한 분석을 통해 데이터에 대한 Insight 도출이 가능하신 분
• 대용량 데이터에 대한 전처리 및 Feature Engineering 경험이 있으신 분
• Tensorflow, Keras, Torch, Caffe 등 Deep Learning Framework를 활용한 프로젝트 경험이 있으신 분","• 생산적으로 일하기 위해 하이브리드 근무제(시범적용)와 탄력근무제를 지원합니다. (기본 10-19) 사무실 출근과 재택 근무를 자유롭게 선택하여 근무할 수 있습니다.
• 휴가는 눈치보지 않고 30분 단위로 쓸 수 있습니다. (시간 단위 연차 운영)
• 수평적인 분위기 (서열 파괴, 호칭 파괴)
• 최고의 인재를 위한 최고 수준의 업무용 장비(맥북 프로 혹은 동급 사양 + QHD 모니터)를 지원합니다.
• 업무 관련 비용 100% 지원
• 생일자 조기퇴근 (생일 축하해요)
• 빈브라더스 커피를 무한 제공합니다","ExpressJS
MongoDB
JavaScript
Kotlin
Node.js
Swift
MVVM
AWS
jQuery
React.js
Figma","역삼로17길 51(미드타운센터 역삼), 3층 펄핏",4381,30,QHD 생산 하이브리드 무제 시범 적용 오다 탄력 무제 재택 자유롭다 휴가 눈치 단위 쓸다 단위 연차 수평 분위기 서열 파괴 호칭 파괴 최고 최고 수준 장비 맥북 프로 사양 모니터 비용 생일 조기 생일 축하 브라더스 커피 무한,Image DL feature Object DL LiDAR feature DL Insight 측정 분석 엔진 모델 사이즈 측정 사이즈 추천 측정 분석 추정 모델 사이즈 측정 센서 사이즈 측정 결과물 사이즈 추천 추천 엔진 사이즈 추천 엔진 데이터 분석 분류 예측 모델 데이터 분석 가설 검증 도출 해석,0.5825797872340426
그래픽스 엔지니어,https://www.wanted.co.kr/wd/96651,https://image.wanted.co.kr/optimize?src=https%3A%2F%2Fstatic.wanted.co.kr%2Fimages%2Fcompany%2F833%2F6dj5tdriwpwxqepm__1080_790.jpg&w=1000&q=75,[CLO-SET] 웹 그래픽스 개발자 (전문연구요원),클로버추얼패션(CLOVirtualFashion),"메타버스 웹 플랫폼을 구현하는 그래픽스 엔진을 개발합니다. 3D 의상과 아바타를 사실적으로 렌더링하는 기술을 연구합니다. 다양한 디지털 에셋을 편집하고 가상 공간 내에 배치하는 편집 도구를 제공합니다. 고객들의 요청에 따라 워크 플로우를 개선하는 다양한 도구를 서비스합니다. 최신 논문을 참고하여 새로운 알고리즘을 구현하거나 새로운 기술을 도입하여 기존 알고리즘을 최적화합니다.
 
• WebGL을 활용한 3D 그래픽스 엔진 개발
• 웹 기반 그래픽스 알고리즘 개발 및 최적화
• 유저와의 지속적인 커뮤니케이션을 통한 신규 기능 개발 및 제품 개선","• (경력) 웹 기반 애플리케이션 또는 컴퓨터 그래픽스 관련 개발 경험이 있는 분 
• (신입) 컴퓨터 그래픽스와 관련된 프로젝트, 과제, 또는 수업에 즐겁게 참여한 경험이 있는 분
• Front-end/Back-end Developer, UX Designer 및 Product Manager와의 원활한 협업 능력이 있는 분
• 어려운 문제를 해결하거나 새로운 기술을 다루는데 흥미가 있는 분
• 자기 주도적으로 개발하며 스스로 동기 부여할 수 있는 분","• 컴퓨터 그래픽스 관련 학위 소지자 또는 논문 출판 경험
• WebGL, OpenGL, Valkun, Metal 등을 활용하여 개발해 본 경험
• 웹 프레임워크(React, AngularJS, Vue.js 등) 기술 사용 경험
• TDD 및 배포 자동화 경험



[사용 중인 기술과 도구]
Typescript, three.js, RxJS를 사용하고 있습니다. 아래는 현재 사용 중인 기술과 도구 목록이며, 새로운 기술들도 팀원들과의 토론을 통해 도입할 수 있습니다.
• Typescript, three.js, Draco3D, RxJS, node.js, WebAssembly
• AWS, git, jira (with confluence), slack, WebStorm","• 개인장비: 듀얼 모니터와 데스크탑/랩탑 혹은 MacBook/iMac (2~3년마다 업그레이드)
• 자기계발: 자기계발 및 체력단련 비용, 도서 구입비, 최신 툴, 동아리 지원금
• 식사, 간식: 중식 제공, 고급 커피 제공, 간식
• 연차, 휴가: 경조사 휴가, 건강검진 휴가, 법정 연차휴가
• 근무 형태: 유연 근무제, AM 07 ~ 10 to PM 04 ~ 07
• 보험, 의료: 대형 병원 건강검진, 경조사비, 4대 보험
• 기타: 웰트리 복리후생(복지포인트, 명절 선물)


[Culture]

▶Flexible Work Schedule “우리 모두의 Working Time은 다 달라요.”
• 오전 7시 ~ 10시 내에 자유롭게 출근을 하는 문화를 갖고 있어요. 개인과 팀마다 업무에 집중할 수 있는 시간대는 다르므로, 자유롭게 출퇴근을 하고 있어요.
• 더불어, CLOver는 다양한 time zone에서 일을 하고 있어요. 만약 시차로 인해 밤에 미팅이 있다면, 다음 날은 늦게 출근을 하거나 일찍 퇴근을 하며 업무 시간을 자유롭게 조율해요.

▶Over Communication “항상 active하게 소통하고 공유해요.”
• 전세계 CLOver들과 Slack으로 업무를 공유하고 소통하고 있어요. 최대한 모든 Slack의 Channel은 공개적으로 운영하고 있기 때문에, 관심이 있거나 궁금한 Project가 논의되고 있는 Channel에 언제든지 참여할 수 있어요.
• 분기마다 모든 팀이 시도했던 업무와 성과, lesson learned을 공유하고 있어요. CLOver들은 전 세계에 있기때문에, 영상을 통해 공유를 하고 있어요. 
• Non hierarchy를 지향해요. 직급/직위로 소통하는 것이 아닌 각자의 영어 이름으로 소통을 하고 있고, 누구나 아이디어와 의견을 자유롭게 제시할 수 있어요.

▶No Limitation “CLO에서는 무엇이든 가능해요”
• CLO에서는 여러가지 시도와 도전을 해보는 것을 무한 응원해요. 그동안 해보지 않았던 일들을 CLO에서는 마음껏 재미있게 시도해볼 수 있어요.

▶Refresh “누구에게나 재충전과 휴식은 필요해요.”
• 휴가를 내실 때에 별도의 승인 절차가 없어요. 사전에 팀원들과 일정을 공유 및 조율하신다면, 언제든지 자유롭게 휴가를 사용할 수 있어요.
• 잠시 복잡한 서울을 떠나, 제주도 오피스에서 한 달동안 근무를 하실 수 있어요. 일명 ""제주 한 달 살기""에 나서실 때 가족끼리 머무시기에 부족함 없는 사택과 왕복 항공권 또한 지원해 드려요.
• 물론 제주도로 개인 휴가를 떠나실 때에도, 사택을 이용하실 수도 있어요.


[Benefit and Perks]
▶Keep growing “자기계발비와 업무에 필요한 리소스를 아낌없이 지원해드려요.”
CLO는 CLOver의 성장을 무한 응원해요. 직무 관련한 학습을 위한 자기계발비를 지원 드리고 있어요. 이 외에도, 업무에 필요한 tool도 최대한 아낌없이 지원해드리고 있어요.

▶Healthier Life “건강이 가장 중요해요.”
일도 중요하지만, 건강이 가장 중요해요. 매년 건강검진을 지원해드리고 있으며, 건강검진을 다녀오신 날에는 휴가(1day)를 드리고 있어요.

▶Meals & Snack “밥은 항상 잘 챙겨 먹어야 해요.”
아침 샐러드바, 점심 식사 및 간식비를 지원해드리고 있어요. 물론, 불가피하게 야근을 하게 되셨을 경우 저녁 식대 역시 당연히 지원해드리고 있어요.



클로버추얼패션 사내 활동 영상: ","Azure
Java
AWS
GCP
Spring Boot",서울 강남구 도산대로8길 17-4,4810,145,MacBook iMac AM PM Culture Flexible Work Schedule Working Time CLOver time zone Over active CLOver Slack Slack Channel Project Channel lesson learned CLOver Non hierarchy No CLO CLO CLO Refresh Benefit Perks Keep growing CLO CLOver tool Healthier Life day Meals Snack 개인 장비 듀얼 모니터 데스크탑 랩탑 업그레이드 자기계발 자기계발 체력 달다 비용 도서 구입 최신 동아리 원금 식사 간식 중식 고급 커피 간식 연차 휴가 경조사 휴가 건강검진 휴가 법정 연차 휴가 형태 유연 무제 보험 의료 대형 병원 건강검진 사비 보험 트리 복리 후생 복지 포인트 명절 선물 달라 오전 자유롭다 갖다 개인 집중 시간대 다르다 자유롭다 더불다 늘다 다양하다 인하다 늦다 거나 일찍 자유롭다 조율 항상 소통 공유 전세계 들다 공유 소통 최대한 공개 관심 궁금하다 논의 분기 시도 성과 공유 들다 세계 영상 공유 지향 직급 직위 소통 영어 이름 소통 아이디어 의견 자유롭다 제시 여러가지 시도 도전 해보다 무한 응원 해보다 마음껏 재미있다 시도 해보다 충전 휴식 휴가 별도 승인 사전 팀원 일정 공유 조율 자유롭다 휴가 복잡하다 서울 제주도 오피스 달동 일명 제주 살기 나서다 가족 끼리 머물다 부족함 사택 왕복 항공권 제주도 개인 휴가 사택 이용 수도 자기계발 리소스 아낌없이 늘다 성장 무한 응원 직무 학습 자기계발 최대한 아낌없이 건강 중요하다 일도 중요하다 건강 중요하다 매년 건강검진 건강검진 다녀오다 휴가 항상 자다 챙기다 먹다 아침 샐러드 점심 식사 간식 불가피하다 야근 저녁 식대 당연하다 클로버 추얼 패션 영상,WebGL 메타 버스 플랫폼 구현 그래픽스 엔진 의상 아바타 렌더링 연구 다양하다 디지털 편집 가상 공간 배치 편집 도구 요청 크다 플로우 개선 다양하다 도구 최신 논문 새롭다 알고리즘 구현 거나 새롭다 도입 기존 알고리즘 최적화 그래픽스 엔진 그래픽스 알고리즘 최적화 유저 지속 커뮤니케이션 신규 개선,0.6396276595744681
그래픽스 엔지니어,https://www.wanted.co.kr/wd/120176,https://image.wanted.co.kr/optimize?src=https%3A%2F%2Fstatic.wanted.co.kr%2Fimages%2Fcompany%2F8794%2Fg31chd0vrmwf724w__1080_790.jpg&w=1000&q=75,Map Matching Engineer,포티투닷(42dot),"• 맵매칭 엔진 및 서비스 개발 (자동차, Personal Mobility, 대중교통 )
• 앱미터링 솔루션을 위한 기능 개발 (자동차, Personal Mobility )
• 모빌리티 서비스에 필요한 다양한 기술요소 발굴 및 구체화
• 모빌리티 서비스에 필요한 기술 사양 설계
• 모빌리티 서비스 운영 및 유지보수","• 3년 이상의 경력 맵매칭 및 내비게이션 개발 경험
• 지도관련 기술에 대한 이해
• backend 서비스 개발 경험 
• 다양한 조직과 원활한 커뮤니케이션 및 협업 능력","• 데이터 분석 및 분석 시스템 개발 경험 
• 실시간 데이터 처리 개발 경험
• 대규모 서비스 운영 경험
• geospatial 기반 데이터 fusion 기술 개발 경험
• python, java, golang 을 통한 서비스 개발 경험","42dot Employee Benefits

• 근무제도: 유연근무제를 통해 임직원이 효율적으로 근무시간을 활용할수 있도록 지원합니다.
• 단체 상해보험: 본인 및 배우자, 직계가족의 상해보험 가입을 지원합니다.
• 경조사 지원: 본인 및 가족의 경조사 발생시 지원합니다.
• 명절선물: 설/추석 명절에 각 200,000원의 명절선물을 지급합니다.
• 건강검진: 임직원의 건강검진을 매년 지원합니다.
• 저금리 대출지원: 회사와 협약을 맺은 시중은행을 통해 저금리 대출을 지원합니다.
• 복지카드: 연간 2,400,000원을 지급하며 자기계발, 문화/여가 활동 등의 목적으로 사용 가능합니다. (중도 입사 시 당해 년도 재직일수 기준으로 일할 계산 후 부여) 
• 휴양시설: 별도의 직원 전용 프라이빗 휴양시설(아난티 리조트)을 이용하실 수 있도록 지원합니다. 



42dot Way

Influence with trust not with authority.
직급과 권한이 아닌 신뢰와 건강한 영향력을 토대로 업무하고 서로를 성장시켜라.

Only hire competent self-motivated team player with humble leadership.
서로를 성장시킬수 있고 자체 무한동력을 가진 누구에게나 배울 수 있는 겸손한 리더쉽을 가진 팀 플레이어를 채용하라.

Disagree now but align.
결정되기 전 자신의 의견을 충분히 내고 결정 후에는 공동의 목표에 align 하라.

Execution is our strategy. Deliver, deliver, deliver.
축구는 책으로 배울 수 있는 것이 아니듯이 실행하지 않으면 모른다. 보여주기가 아닌 시장에서 의미있는 결과물들을 지속적으로 내어라.

Be aware that all the benefits & perks are for faster execution & delivery.
회사의 모든 혜택들은 즐기라고 있는 것이 아니고 업무의 몰입을 극대화해서 빠르게 좋은 결과물을 내기 위해서 이다.

Work extremely cleverly, but no cutting corners.
지독하게 스마트하게 일하라. 여기는 연구하는 곳이 아니다. 여러가지 다 해보고 잘 되는 거 고를 시간이 주어지지 않는다. 가장 잘 되는 방법을 찾고 가장 빠르게 실행해야 한다. 가장 잘 되는 방법을 빠르게 찾는 것도 실력이다. 대신 대충하지 마라. 결코 현재의 결과물에 만족하지 말아라.

Collaborate & communicate transparently beyond team boundary.
투명하게 정보와 지식을 공유하고 팀이 없는 것처럼 협업하라. 협업의 시작은 투명한 정보 공유이다.

Be prepared to be totally transparent. A pennie you spent or even your entry / exit time will be open to everyone.
사내의 많은 것들이 투명하게 공유된다. 투명함은 몰입에 방해되는 많은 요소들을 없애기 때문이다.

Never stop learning! Never stop changing! Never stop dreaming!","Java
Python
GIS
Golang","서울특별시 강남구 남부순환로 2621 (도곡동, 서브원 강남빌딩) 9층",5697,160,dot Employee Benefits dot Way Influence trust not authority Only hire competent self motivated team player humble Disagree now but align align Execution is strategy Deliver deliver deliver Be aware that all benefits perks for faster execution delivery Work extremely cleverly but no cutting corners beyond team boundary Be prepared be totally pennie you spent or even your entry exit time will be open everyone Never stop learning Never stop changing Never stop dreaming 유연근무제 효율 근무시간 상해 보험 배우자 직계 가족 상해 보험 가입 경조사 가족 경조사 발생 명절 선물 추석 명절 명절 선물 건강검진 건강검진 매년 금리 대출 협약 맺다 시중 은행 금리 대출 복지 카드 연간 자기계발 여가 목적 중도 당하다 재직 일수 기준 계산 휴양 시설 별도 전용 프라이 휴양 시설 아난 리조트 이용 직급 권한 신뢰 건강하다 영향력 토대 서로 성장 서로 성장 자체 무한 동력 가지다 배우다 겸손하다 리더쉽 가지다 플레이어 결정 의견 충분하다 결정 공동 목표 하라 축구 배우다 실행 모르다 보여주다 시장 의미 결과물 지속 혜택 즐기다 몰입 극대 화하다 빠르다 좋다 결과물 내기 지독하다 스마트 하라 여기다 연구 여러가지 해보다 자다 고르다 주어지다 자다 방법 찾다 빠르다 실행 자다 방법 빠르다 찾다 실력 대신 마르다 결코 결과물 만족하다 말다 투명하다 정보 지식 공유 협업 협업 시작 투명하다 정보 공유 많다 투명하다 공유 투명하다 몰입 방해 많다 요소 없애다,Personal Mobility Personal Mobility 매칭 엔진 자동차 대중교통 솔루션 자동차 모빌리티 다양하다 요소 발굴 구체화 모빌리티 사양 설계 모빌리티 유지 보수,0.7575797872340425
그래픽스 엔지니어,https://www.wanted.co.kr/wd/94529,https://image.wanted.co.kr/optimize?src=https%3A%2F%2Fstatic.wanted.co.kr%2Fimages%2Fcompany%2F25239%2Fnz3o8tus9lav8ows__1080_790.jpg&w=1000&q=75,백엔드 개발자,스튜디오랩(STUDIO LAB),• 현재 베타 서비스 중인 셀러캔버스 (,"• Django 또는 Node.js REST framework에 대한 개념과 개발경험 보유
• 중상급 이상의 Python 또는 JavaScript 언어 활용 가능자","• 문서자동화 편집 툴, 이미지/동영상 편집 툴 개발 경험이 있으신 분
• 캐싱을 통한 대용량 트래픽 분산 구현을 해보신 분 
• 아키텍쳐 설계에 능숙하신 분 
• AWS 등 클라우드 개발에 익숙하신 분
• 프론트엔드 개발을 경험해보셨거나 이해도가 높으신 분","[팀 문화]
• 상호 존중 및 배려 
• 직원의 러닝 및 자기계발 존중
• 수평적 문화 및 토론을 통한 의사결정 
• 최고 사양의 업무용 기기 (PC 등) 제공
• 온라인 교육비 , 도서 구입 지원 
• 점심 식비 지원 
• 새로운 것을 제안하고 추진하는 열린 분위기","React
Tensorflow
JavaScript
Data Analysis
AWS","서울시 강남구 강남대로 62길 31 (예원빌딩, 역삼동)",4278,4,PC 상호 존중 배려 러닝 자기계발 존중 수평 토론 의사결정 최고 사양 기기 온라인 교육비 도서 구입 점심 식비 새롭다 제안 추진 열리다 분위기,베타 중인 셀러 캔버스,0.5688829787234043
그래픽스 엔지니어,https://www.wanted.co.kr/wd/35039,https://image.wanted.co.kr/optimize?src=https%3A%2F%2Fstatic.wanted.co.kr%2Fimages%2Fcompany%2F3809%2Flowjig63ldguuedc__1080_790.jpg&w=1000&q=75,영상 처리 개발,씨드로닉스,"• 이미지 변환, 노이즈 제거 등의 전처리 알고리즘 개발
• SW 디버깅 및 최적화","• C/C++ 개발 능력
• OpenCV 기반의 SW 개발 경험
• 원활한 커뮤니케이션 능력","• 3차원 영상 서비스 개발 경험
• 광학계 분석 경험
• 영상처리 알고리즘의 이론적 배경지식","• 자율출퇴근제(13시~17시 집중근로시간을 제외한 자율출퇴근)
• 최고사양의 개발환경 구축
• 학회, 세미나, 교육 프로그램, 도서 구매 등 직무관련교육 지원
• 내일채움공제 지원(적금형 제도)
• 휴가비 지원(휴가지원 사업)
• 식대 지원
• 건강검진 제휴 할인","Git
OpenGL
Node.js
AWS
C++
OpenCV
ROS
React.js",강남구 테헤란로20길 20,0,없음,자율 집중 근로시간 제외 자율 최고 사양 구축 학회 세미나 교육 도서 구매 직무 교육 내일 채우다 공제 적금 휴가 휴가 식대 건강검진 제휴 할인,SW 이미지 변환 노이즈 제거 알고리즘 디버깅 최적화,0.0
그래픽스 엔지니어,https://www.wanted.co.kr/wd/102856,https://image.wanted.co.kr/optimize?src=https%3A%2F%2Fstatic.wanted.co.kr%2Fimages%2Fcompany%2F14411%2Fhrps21hcwwgqgcdd__1080_790.png&w=1000&q=75,Unity Developer,플라스크,"• iOS, Android 개발자와 협력하여 모바일 상에서의 3D 댄스 애니메이션 콘텐츠 제작 기능 개발","• 유니티 경력 3년 이상 혹은 그에 준하는 실력을 보유한 분
• 3D Geometry에 대한 이해도가 높은 분
• 상용 서비스 출시를 직접 끝까지 경험 해보신 분
• 긍정적이며 자기 주도적인 성장이 가능한 분
• 협업에 어려움이 없으신 분","• 오픈소스 프로젝트 경험이 있으신 분
• iOS, Android 개발 경험 또는 Unity As A Library 형식의 개발 경험이 있으신 분
• 단위 테스트 / UI 자동화 테스트 작성 경험이 있으신 분","• 주도적인 업무환경 및 성장 기회
• 주 5일 자율출퇴근/유연근무 (주 40시간 근무)
• 주 2회 재택근무
• 전 팀원 전문기관에서의 건강검진 지원
• 400만원 상당의 노트북/PC 및 주변기기 제공
• 업무 관련 자기계발 비용, 도서구입비 지원
• 중식, 석식, 음료 및 다과 제공 
• 입사 2년, 4년 후 리프레시 유급휴가 지급
• 글로벌 업무 환경 및 영어 교육 지원
• 기타 혜택 관련 직원 의견 적극 반영
• 4주에 한번 리드와의 1on1 미팅 및 피드백 타임
• 결혼, 출산, 사망, 입학, 졸업, 자녀 돌 등 다양한 경조사 휴가 및 경조금 및 화환 지급
• 청년내일채움공제, 근로자 휴가지원사업 등 청년/근로자 지원제도 참여


[채용상세]
• 채용절차: 서류전형 -  인터뷰(1,2차) - 근무조건 협의
• 제출 서류: 프로젝트 위주의 이력서 혹은 포트폴리오 1부
• 서류를 통해 기본적인 역량과 진행하셨던 경험과 프로젝트를 작성해주시길 바랍니다.
• 인터뷰는 최대 2차 인터뷰까지 진행됩니다. 30~40분간 진행되는 1차 인터뷰에서는 개별 역량 및 프로젝트에 대한 질문 위주로 진행되며, 2차 인터뷰에서는 업무성향, 팀 문화적인 핏 인터뷰가 이루어 집니다.","Github
Android
iOS
React
JavaScript
Kotlin
MVVM
AWS
NodeJS
RESTful WebServices
Unity3D
3D 시각화","서울특별시 서초구 서초대로 396, 강남빌딩 17층",4235,24,PC 주도 성장 기회 자율 유연 재택근무 기관 건강검진 상당 노트북 주변기기 자기계발 비용 도서 구입 중식 석식 음료 다과 리프 레시 유급 휴가 글로벌 영어 교육 혜택 의견 반영 리드 피드백 타임 결혼 출산 사망 입학 졸업 자녀 다양하다 경조사 휴가 화환 청년 내일 채우다 공제 근로자 휴가 청년 근로자 상세 프로젝트 위주 이력서 포트폴리오 역량 경험 프로젝트 작성 해주다 바라다 최대 분간 개별 역량 프로젝트 질문 위주 성향 이루다 지다,iOS Android 개발자 협력 모바일 댄스 애니메이션 콘텐츠 제작,0.5631648936170213
그래픽스 엔지니어,https://www.wanted.co.kr/wd/100056,https://image.wanted.co.kr/optimize?src=https%3A%2F%2Fstatic.wanted.co.kr%2Fimages%2Fcompany%2F3731%2Flimlyt6b9ojg9dlo__1080_790.jpg&w=1000&q=75,3D Graphics 개발(3D 그래픽 엔진 개발 및 최적화),이에이트,"이에이트는 디지털 트윈으로 연결하는 메타버스의 시작을 향해 나아가는 플랫폼 개발 기업입니다. '디지털 세상에서 기존 문제를 재설정하여 사회에 새로운 해결방안을 제시한다'라는 기업 미션을 바탕으로 국내 최초 순수 국내 기술로 개발된 입자기반 시뮬레이션 소프트웨어 NFLOW 및 디지털 트윈 플랫폼 NDX PRO를 제공하고 있습니다. 

스마트시티, 수자원 관리, 항공 우주, 바이오 헬스케어, 스마트 제조, 신재생 에너지 시뮬레이션과 디지털 트윈 융합이 필요한 모든 산업분야에서 최고의 파트너가 되고자 국내 최고수준의 인재들과 함께 연구개발에 매진하고 있습니다. 

모든 것이 디지털화 되어 가는 세상에서, 이에이트가 가지고 있는 기술을 통해 우리 사회가 직면한 문제들에 대한 새로운 해법을 제시하고, 이에이트의 기술을 어떻게 사회에 유익한 방향으로 활용할 수 있을지를 고민합니다. 

이에이트의 모든 구성원들은 서로를 '존중'하고, 업무와 관련한 모든 것을 '공유'하며, 각자의 생각을 자유롭게 '소통'하면서 함께 회사를 발전시켜 나가고 있습니다. 

이에이트의 핵심가치를 함께 지향할 수 있는 뛰어난 인재를 적극적으로 환영합니다.","• 대졸(4년제) 이상
• 신입 및 경력 
•  공통
 - C, C++ or C# or Script 언어
 - 협업 및 커뮤니케이션이 원활한 분
• 신입
 - 포트폴리오 첨부
 - 3D 그래픽 개발 경험자
• 경력
 - OpenGL, Bulkan, DirectX 중 1개 환경 개발 숙련자
 - 경력기술서 필수 첨부","• 3D Viewer 개발 프로젝트 경험자 
• 3D 기하 정보 처리 능력 보유자
• 선형대수학에 대한 이해
• 프로그래밍 관련 학과
• 관련 자격증 소지자","• 롯데월드타워 인근 쾌적한 근무 환경
• 교육비 및 도서구입비 지원
• 우수 논문 포상, 직무 발명 보상, 인재 추천 포상
• 장기근속포상, 리프레시 휴가 
• 패밀리데이 조기퇴근 및 선물 지급, 생일 선물 지급
• 경조휴가 및 경조사비 지원
• 운동시설 등록비, 임직원 건강검진 제공
• 청년내일채움공제 지원
• 중석식 제공, 무제한 스낵바","Unreal Engine
AR
VR
3D
UI 디자인
Unity3D",서울시 송파구 올림픽로 300 롯데월드타워 28F,4145,84,롯데 월드 타워 인근 쾌적하다 교육비 도서 구입 우수 논문 포상 직무 발명 보상 추천 포상 장기 포상 리프 레시 휴가 패밀리 데이 조기 선물 생일 선물 조휴 사비 운동 시설 등록 건강검진 청년 내일 채우다 공제 중석 무제한 스낵바,NFLOW NDX PRO 에이트 디지털 트윈 연결하다 메타 버스 시작 나아가다 플랫폼 디지털 세상 기존 문제 설정 사회 새롭다 해결 방안 시한 미션 바탕 국내 최초 순수 국내 입자 시뮬레이션 소프트웨어 디지털 트윈 플랫폼 스마트 시티 수자원 항공 우주 바이오 스케 스마트 제조 재생 에너지 시뮬레이션 디지털 트윈 융합 산업 분야 최고 파트너 국내 최고 수준 연구개발 매진 디지털화 세상 에이트 가지 사회 직면 문제 새롭다 해법 제시 에이트 사회 유익하다 방향 에이트 서로 존중 공유 자유롭다 소통 발전 나가다 에이트 핵심 가치 지향 뛰어나다 환영,0.5511968085106383
그래픽스 엔지니어,https://www.wanted.co.kr/wd/56817,https://image.wanted.co.kr/optimize?src=https%3A%2F%2Fstatic.wanted.co.kr%2Fimages%2Fcompany%2F20313%2Fpefnpgiepgodkvpr__1080_790.jpg&w=1000&q=75,딥러닝 엔지니어,아비커스,"[수행업무]
 • ML detection/segmentation 모델 성능 개선을 위한 네트워크 구조 설계 및 최적화
 • Inference 모델의 임베디드 환경 메모리 최적화
 • Machine learning 데이터 파이프라인 설계 및 최적화
 • CSP(AWS,Azure)기반 데이터 수집, 배포 플랫폼 구축

[필요역량]
 • Computer vision 및 image processing 기초 지식
 • ML model 이론 및 code-level에서의 이해 
 • 모델 최적화 기법들의 원리에 대한 이해","[자격요건]
 • 학력 : 학사 이상
 • 전공 : 컴퓨터 공학, 전자, 기계 공학 관련
 • C/C++, Python, CUDA 기반의 실 구현 능력
 • Data structure, Algorithm, OS 관련 과목 이수","[우대사항]
 • Nvidia 플랫폼 기반의 개발 경험, NPU/FPGA레벨의 개발 경험
 • 딥러닝 기반 실제 서비스 개발 경험
 • 클라우드 컴퓨팅, CSP 서비스 기반 솔루션 개발 경험","• 서울 강남 근무 (강남역 FastFive 4호점)
• 동종업계 최고 수준의 급여
• 대기업 복지(자녀 학자금, 의료비, 종합검진 지원 등)
• 연봉 외 성과급 지급, 200만원의 복지포인트 지급
• 도서, 세미나, 교육 등의 자기개발 지원
• 탄력적인 출퇴근 시간 (재량근무제), 자유로운 재택 근무
• 연차 외 5일의 리프레시 휴가 제공
• 깨끗하고 쾌적한 카페 같은 인테리어의 사무실
• 최고사양 PC 또는 노트북 + 모니터 지원
• 해외 세미나/학회 참석 지원
• 중식비, 야식비 지원
• 기타 당연한 복지 및 당연하지 않은 복지가 생기는 중 :)","Git
Linux
React
JavaScript
Python
TypeScript
Go
C++
Docker","서울특별시 강남구 강남대로94길 10, 9층 901호(역삼동, 케이스퀘어)",5661,30,FastFive PC 서울 강남 강남역 호점 종업 최고 수준 대기업 복지 자녀 학자금 의료 종합 검진 연봉 성과급 복지 포인트 도서 세미나 교육 자기개발 탄력 재량 무제 자유롭다 재택 연차 리프 레시 휴가 깨끗하다 쾌적하다 카페 인테리어 최고 사양 노트북 모니터 해외 세미나 학회 참석 식비 야식 당연하다 복지 당연하다 복지 생기다,ML detection Inference Machine learning CSP AWS Azure Computer vision image ML model code level 모델 성능 개선 네트워크 구조 설계 최적화 모델 임베디드 메모리 최적화 데이터 파이프라인 설계 최적화 데이터 수집 배포 플랫폼 구축 필요 역량 기초 지식 이론 이해 모델 최적화 기법 원리 이해,0.7527925531914894
그래픽스 엔지니어,https://www.wanted.co.kr/wd/114212,https://image.wanted.co.kr/optimize?src=https%3A%2F%2Fstatic.wanted.co.kr%2Fimages%2Fcompany%2F505%2Fq1ves0yxjny6xqzt__1080_790.jpg&w=1000&q=75,Visual SLAM Engineer,버넥트,"- Develop Monocular Visual SLAM framework
- Develop algorithms regarding 6-DoF camera pose detection and tracking","- BS, MS, or Ph.D. degree in Computer Science or related fields
- Experience with developing computer vision applications (e.g., 6-DoF Object detection and tracking, 3D Reconstruction, SLAM, Machine Learning)
- Proficiency in 3D geometry and Linear Algebra
- Strong experience in developing and debugging in Modern C++
- Excellent understanding of software design, data structures, and algorithms
- Great communication and analytical skills
- Experience with GIT","- Experience with OpenGL / GPU programming
- Experience with SIMD-based code acceleration
- Experience with calibration of a variety of sensors (RGB, depth cameras, IMU, lidar)
- Experience in designing CNN architectures for Computer Vision-related applications
- Scientific track record at journals/conferences such as CVPR, ICCV, IJCV, PAMI, RAL, SIGGRAPH, 3DV, ISMAR, ICML, NIPS, ICRA, IROS, etc.","1. 버넥트만의 주요 혜택
- 합격된 분께는 대기업 IT개열 회사 수준의 연봉을 제공합니다.
    - 연구직군은 5,500만원, 개발직군은 5,000만원, 그 외 직군은 4,000만원을
      보장합니다.
- 전직원 스톡옵션을 부여합니다.
- 연간 360만원의 복지포인트를 제공하며, 식비, 교육, 건강검진 등 자유롭게 사용 가능합니다.
- 추천된 지원자께서 요청된 과제를 수행 하면, 과제 수행 인센티브를 제공합니다.
- 버넥트 유럽 법인(비엔나)으로 순환 근무 기회가 주어집니다. (항공권, 숙소 지원)

2. 유연한 업무 시간과 워라밸을 위해
- 자율 출퇴근제를 운영합니다. (08:00 ~ 10:30 사이 자율 출근)
- 월1회 본인이 희망하는 날 조기 퇴근 합니다.
- 야근 시 발생하는 비용(식사, 교통)을 전액 지원하고, 불가피한 초과 근무는 휴가로 보상합니다.
- 장기근속자에게 유급휴가와 휴가지원금을 제공합니다.
    - 3년 근속 : 유급휴가 3일, 휴가지원금 200만원
    - 5년 근속 : 유급휴가 5일, 휴가지원금 200만원
    - 7년 근속 : 유급휴가 7일, 휴가지원금 300만원
    - 10년 근속 : 유급휴가 10일, 휴가지원금 500만원

3. 업무에 몰입할 수 있는 환경을 위해
- 신규입사자 분들께 웰컴 키트를 제공합니다.
- 최신의 업무 장비 지원합니다. 
- 최신 IT 장비(홀로렌즈2, HMD etc) 활용이 가능합니다.
- 업무효율 향상을 위해 다양한 협업 Tool 을 활용합니다. (Teams, Notion, JIRA, Salesforce etc)
- 스낵바를 운영하며, 다양한 간식과 음료, 커피를 무제한 제공합니다.
- 쾌적한 사무실에서 근무합니다.
    - 서울 중심. 트리플 역세권. 한강까지 걸어서 10분 거리에 위치
    - 근처 노들섬/용산공원/국립 중앙박물관 등 방문 가능
- 모성 보호 휴게실과 운동 기구(미니 농구대, 철봉, 샌드백 등), 샤워실이 준비되어 있습니다.

4. 소통과 협업을 잘 하기 위해
- 편한 소통과 존중하는 문화를 지향합니다.
- 매주 금요일 전사 세미나를 통해 회사 주요 사항을 공유하고 적극 소통합니다.
- 팀 활동 비용을 지원합니다. (1인당 월 2만원)
- 타 팀과의 소통을 지원합니다. (2주에 한 번, 타 팀과 2시간 식사/티타임 가능)
- 스포츠, 문화 등 동호회 활동을 지원합니다.

5. 역량 개발을 위해
- 국내/해외에서 열리는 산업계 전시회, XR 관련 전시/학회/세미나 참여를 지원합니다.
- 연간 지급되는 복지포인트를 활용한 직무 교육과 도서 구매를 지원합니다.
- 스터디 소모임을 지원합니다.

6. 경조사/명절/기념일을 위해
- 각종 경조사에 휴가, 경조금, 화환, 상조용품 지원합니다.
- 설과 추석에는 선물을 제공하고, 해당 연휴 전날 조기 퇴근합니다.
- 생일을 맞은 직원에게 상품권(10만원)을 지급하고, 당일 조기 퇴근 합니다.
- 회사 창립일에 기념 선물을 제공합니다.

7. 기타 지원
- 건강검진일에는 반일휴가를, 코로나 백신 접종 시에는 백신휴가를 제공합니다.
- 멘토링 제도 운영을 통해 신규 입사자의 정착을 지원합니다.
- 버넥트와 함께 버넥트가 지향하는 다양한 ESG 활동에 참여 가능합니다.

8. 기타 사항
- 국가유공자 및 장애인 등 취업보호대상자는 관계 법령에 따라 우대합니다.","Github
Android
OpenGL
C / C++
C++
컴퓨터 비전
머신 비전
OpenCV","서울특별시 용산구 서빙고로 17, 용산 센트럴파크 해링턴스퀘어 3층",4891,172,HMD etc Tool Teams Notion JIRA etc XR ESG 버넥트 주요 혜택 불다 대기업 개열 수준 연봉 구직 스톡옵션 연간 복지 포인트 식비 교육 건강검진 자유롭다 추천 요청 과제 과제 인센티브 버넥트 유럽 비엔나 순환 기회 주어지다 항공권 숙소 유연하다 자율 자율 희망 조기 야근 발생 비용 식사 교통 전액 불가피하다 초과 휴가 보상 장기 근속 유급 휴가 휴가 원금 근속 유급 휴가 휴가 원금 근속 유급 휴가 휴가 원금 근속 유급 휴가 휴가 원금 근속 유급 휴가 휴가 원금 몰입 신규 웰컴 키트 최신 장비 최신 장비 홀로 렌즈 효율 향상 다양하다 협업 스낵바 다양하다 간식 음료 커피 무제한 쾌적하다 서울 중심 트리플 역다 한강 걸다 거리 근처 노들섬 용산 공원 국립 중앙 박물관 방문 모성 보호 휴게실 운동 기구 미니 농구 철봉 샌드백 샤워실 준비 소통 협업 자다 편하다 소통 존중 지향 매주 금요일 세미나 주요 공유 소통 비용 소통 식사 티타임 스포츠 동호회 역량 국내 해외 열리다 산업 전시회 전시 학회 세미나 연간 복지 포인트 직무 교육 도서 구매 스터디 모임 경조사 명절 기념일 경조사 휴가 화환 상조 용품 추석 선물 해당 연휴 전날 조기 생일 상품권 당일 조기 창립 기념 선물 건강검진 휴가 코로나 백신 접종 휴가 멘토링 신규 정착 버넥트 버넥트 지향 다양하다 국가 유공 장애인 취업 보호대 상자 관계 법령 우대,Develop Monocular Visual SLAM framework Develop regarding DoF camera pose detection tracking,0.6503989361702128
그래픽스 엔지니어,https://www.wanted.co.kr/wd/59901,https://image.wanted.co.kr/optimize?src=https%3A%2F%2Fstatic.wanted.co.kr%2Fimages%2Fcompany%2F1993%2F8lraraqqzspnyufa__1080_790.png&w=1000&q=75,Unity 개발자,날비컴퍼니(NALBI),"• 자사 AI 솔루션을 활용한 Unity 3D 개발
• Unity 3D 엔진 클라이언트 및 라이브러리, SDK 제작
• Pose Estimation 알고리즘 R&D","• 유관경력 3년 이상 또는 그에 준하는 실력 
• 3D Graphics(좌표계 변환, 행렬, 벡터)에 대한 경험
• 엔진 최적화 기법 운용 경험
• 오픈소스 프로젝트 운용 경험","• 디자인패턴에 대한 이해
• C#과 객체 지향에 대한 이해
• Realtime rendering에 대한 이해
• Rendering pipeline 및 shader에 대한 이해
• 유니티 최신 기술에 대한 이해 또는 경험(URP, DOTS, Timeline, Cinemachine등)
• 모바일 환경에서 Unity 3D를 활용하여 완료한 프로젝트 경험
• Android / iOS / Unity hybrid 앱 개발 경험","• 경쟁력 있는 연봉
• 점심 식대 제공
• 간식 및 커피 제공
• 자유로운 휴가 사용
• 삼성중앙역 도보 3분 거리 사무실
• 업무 관련 도서 및 강의 등 교육 지원",없음,서울시 강남구 삼성로 555 (삼성동) 알앤텍빌딩 4층,5179,18,경쟁력 연봉 점심 식대 간식 커피 자유롭다 휴가 삼성 중앙 도보 거리 도서 강의 교육,AI Unity Unity SDK Pose 자사 솔루션 엔진 클라이언트 라이브러리 제작 알고리즘,0.6886968085106383
그래픽스 엔지니어,https://www.wanted.co.kr/wd/76184,https://image.wanted.co.kr/optimize?src=https%3A%2F%2Fstatic.wanted.co.kr%2Fimages%2Fcompany%2F20579%2Fy17jojyeca172i3g__1080_790.jpg&w=1000&q=75,[AR스튜디오] 프론트엔드 개발자,위에이알,- Spark AR을 사용하여 인스타그램 필터 콘텐츠 제작합니다.,"- 순수 TypeScript만을 사용하여 개발을 할 수 있는 분
- 객체 지향 개발, 디자인 패턴 및 활용에 대한 기본 지식을 가지신 분","- React에 대한 이해도가 높으신 분
- OOP를 효율적으로 사용하실 수 있는 분이면 좋습니다.
- 서비스에 대한 개선이나 문제에 대해서 끝까지 논쟁하여 개선을 했던 경험이 있으신분이면 좋습니다.
- 새로운 기술을 습득하고 업무에 적용하는 것을 좋아하는 분이면 좋습니다.",없음,없음,성동구 성수일로 19 유한타워 4층,0,없음,,Spark AR 인스타그램 필터 콘텐츠 제작,0.0
그래픽스 엔지니어,https://www.wanted.co.kr/wd/113430,https://image.wanted.co.kr/optimize?src=https%3A%2F%2Fstatic.wanted.co.kr%2Fimages%2Fcompany%2F8171%2Femgtepwiiy4mxgew__1080_790.jpg&w=1000&q=75,영상 AI 개발,바텍,"[담당 업무]
• 컴퓨터 비전 모델 분석 및 설계
• 모델 실험과 분석을 통한 최적 모델 서비스 적용
• 데이터 전/후처리, Augmentation 등의 인과관계 분석
• 데이터 추출, 분석, 모델링

[개발 환경]
• 프레임워크 : Tensorflow/Pytorch, Deep learning",• 컴퓨터 비전/머신러닝 프로젝트 수행 경험자,"• 석사 이상 학위 소지자
• 컴퓨터공학, 소프트웨어 계열 관련 전공자","• 야근, 회식 강요 없음
• 간식 리필
• 매월 마지막 주 목요일 점심 뷔페 & 특식 제공
• 명절, 창립기념일, 생일 선물 지급
• 재택 근무, 양재역/판교역 인근 오피스 근무 가능
• 강남/분당/수원/오산 지역 출근 셔틀버스 운행
• 트레이너 상주하는 사내 헬스장 운영
• 사내 어린이집 운영","Confluence
JIRA
GraphQL
Spark
Node.js
AWS
Docker
ElasticSearch",양재역 인근 사무실 or 판교역 인근 공유 오피스 or 경기도 화성 동탄 (근무지 선택 가능),5729,289,야근 회식 강요 간식 리필 매월 마지막 목요일 점심 뷔페 특식 명절 창립 기념일 생일 선물 재택 양재역 판교역 인근 오피스 강남 분당 수원 오산 지역 셔틀버스 운행 트레이너 상주 헬스장 어린이집,Pytorch Deep learning 컴퓨터 모델 분석 설계 모델 실험 분석 최적 모델 적용 데이터 인과관계 분석 데이터 추출 분석 모델링 프레임워크,0.7618351063829787
그래픽스 엔지니어,https://www.wanted.co.kr/wd/78238,https://image.wanted.co.kr/optimize?src=https%3A%2F%2Fstatic.wanted.co.kr%2Fimages%2Fcompany%2F14550%2Fix7ooweiaj6lwc5w__1080_790.png&w=1000&q=75,"3D 시뮬레이션 엔지니어 (C++, FEM, collision detection, GPU)",지이모션,"This is a R&D position developing industry level cloth simulation engine. So, the candidate must feel comfortable to read the latest technical papers and implement them. 

• Understanding mathematical theory and implementation for high-quality cloth simulation
• Developing state-of-the-art simulation code for cloth and deformable objects
• Researching unified methods to simulate cloth, deformable objects and rigid-body in the same solver. 
• Improving the quality and performance of collision detection and its resolution for complex triangular mesh.","• Minimum qualification is master’s degree on Computer Science, Mechanical Engineering, or similar fields. Ph. D is preferred. 
• 3+ years in physical simulation professional work or research on cloth, deformable objects, rigid-body and/or fluids. 
• Hand-on coding experience with implicit integration solver or collision detection. 
• C++ 
• Strong linear algebra and 3D math","• SIMD (SSE, AVX)
• GPU acceleration (OpenCL or CUDA)
• Qt 
• Multithreading (TBB or C++11/14/17)
• Multi-platform like Windows and Linux
• 3D graphics rendering (OpenGL, Vulkan or DX11/12)
• Computational Geometry
• 2D/3D CAD related programming
• Hair simulation","• 자율적업무환경
• 수평적 구조 및 편안한 소통
• 자유로운 연차사용
• 업무에 필요한 장비 최대 지원
• 외부 세미나 및 교육비 지원
• 설/추석 명절 선물 지급
• 생일자 선물 지급
• 집중을 위한 커피와 간식 제공 (멈추지 않는 무한 스낵 공급!)","Git
C / C++
AWS
Visual Studio",서울 강남구 강남대로 302,4743,31,자율 수평 구조 편안하다 소통 자유롭다 연차 장비 최대 외부 세미나 교육비 추석 명절 선물 생일 선물 집중 커피 간식 멈추다 무한 스낵 공급,This is position industry level cloth engine So candidate must feel read latest technical papers implement them theory for high quality cloth state art code for cloth objects unified methods simulate cloth objects rigid body same solver Improving quality collision detection its for complex mesh,0.6307180851063829
그래픽스 엔지니어,https://www.wanted.co.kr/wd/86219,https://image.wanted.co.kr/optimize?src=https%3A%2F%2Fstatic.wanted.co.kr%2Fimages%2Fcompany%2F1906%2Flozt2qgcywoqjftr__1080_790.jpg&w=1000&q=75,시니어 그래픽 엔지니어,요쿠스(Jocoos),"• 동영상 그래픽 엔진 요구사항 분석
• 동영상 그래픽 엔진 기획 및 개발","• OpenGL(OpenGL|ES, Vulkan, WebGL) 또는 Metal을 사용한 개발 경험이 있고 기술에 대한 이해가 깊으신분
• Shader 개발 경험이 있으신 분
• 그래픽 작업하는데에 동영상을 소스 혹은 타겟으로 개발한 경험이 있으신 분
• 영상처리에 대한 기본 이해가 있으신 분","• 기본기 탄탄하게 잘 다져진 컴퓨터 관련 전공자
• 그래픽과 관련된 다양한 경험이 있으신 분
• 동영상 기술에 관심 있으신 분
• 영상처리 알고리즘에 관심 많으신 분","• 업계최고 대우
• 인센티브 지급 가능
• 10시 출근, 7시 퇴근 (8시, 9시 유연근무제 시행)
• 스낵바, 캡슐 커피등 무제한 지원
• 도서구입비 무제한 지원
• 유료건강검진 지원
• 웰컴키트 제공 (신규입사자 분들을 위한 반차사용권, 택시이용권, 커피쏘기권 포함)
• 자유식사시간
• 장비도 마음껏!
  (MacBook Pro 16인치 또는 그에 준하는 장비 제공, 보조 모니터 추가 제공)
• 야근 지양
______________

＜일하기 좋은 환경 지원＞

• 휴게공간, 회의실 제공
• 오락시설(오락기, TV 제공)(아무때나 시청, 사용 가능)
• 합정역 3번 출구
• 우리 회사에 와서 복지 좀 늘려주세요~:)","Android
iOS
MongoDB
MySQL
React
Redis
Java
Kotlin
Node.js
ObjectiveC
Swift
AWS
SASS
Spring Boot","마포구 양화로 8길 16-12, 2층",4300,22,MacBook Pro TV 업계 최고 대우 유연근무제 시행 스낵바 캡슐 커피 무제한 도서 구입 무제한 유료 건강검진 웰컴 키트 신규 사용권 택시 이용권 커피 쏘다 기권 자유 식사 장비 마음껏 인치 장비 보조 모니터 추가 야근 좋다 휴게 공간 회의실 오락 시설 오락 시청 합정역 출구 오다 복지 늘리다,동영상 그래픽 엔진 요구사항 분석 동영상 그래픽 엔진 기획,0.5718085106382979
그래픽스 엔지니어,https://www.wanted.co.kr/wd/121219,https://image.wanted.co.kr/optimize?src=https%3A%2F%2Fstatic.wanted.co.kr%2Fimages%2Fcompany%2F550%2F10858_2_0.8872a273__1080_790.jpg&w=1000&q=75,렌더링 엔진 개발자,스노우(SNOW),"• 3D/2D 렌더링, AR, 이미지 필터, 뷰티 등의 렌더링 기술 개발
• 모바일 환경에서 고품질/고성능, 사용하기 쉬운 엔진 개발
• 신규 그래픽스 기술 파악 및 도입
•  신규 비전 기술 및 물리 엔진 통합","• OpenGL/Vulkan/Metal 개발 경력 1년 이상
• C++ 개발 경력 2년 이상
• Android NDK 또는 iOS C/C++ 응용 경험 및 이해
• Android 또는 iOS 개발 경험
• 코드 리뷰에 긍정적이고 원활한 커뮤니케이션 능력을 갖춘 분","• 3D 에디터나 게임엔진 활용/개발 경험
• 리팩토링, 디자인 패턴, ReactiveX 활용 경험
• Java, Swift(Objective C), Lua, Python 등 다양한 언어 경험
• Computer Graphics 이해
• Image Processing 이해
• ML 적용 경험 (Tensorflow 등)","전형 절차 및 기타 사항
 • 접수 기간 : 2022.07.12(화) ~ 2022.08.09(화) 18:00
 • 전형 절차 : 서류전형 ▶ 1차 면접 ▶ 채용 인성검사 & 2차 면접 ▶ 채용 건강검진 ▶ 입사
 • 전형 절차/일정은 상황에 따라 변동될 수 있습니다.
 • 진행 일정은 확정되는대로 지원자분들에게 개별 안내 예정입니다.

안내 사항
 • 지원서 내용 중 허위 사실이 있는 경우에는 합격이 취소될 수 있습니다.
 • 본 전형 지원 완료 시 사용한 이메일로 지원서 제출 확인 메일이 발송되고 있으며,
   서류 합격 여부는 결과와 상관없이 개인별 안내드리고 있습니다.
 • 국가유공자 및 장애인 등 취업보호대상자는 관계법령에 따라 우대합니다.
 • 문의사항은 SNOW 홈페이지 ▶ 지원문의로 접수해주시기 바랍니다.
 • 근무지: 경기도 성남시 분당구 (근무지는 상황에 따라 변경될 수 있음)","Tensorflow
Metal
OpenGL
Java
Lua
ObjectiveC
Python
Swift
C++","경기도 성남시 분당구 분당내곡로 117 8층 (백현동,크래프톤 타워)",4824,291,SNOW 접수 기간 인성 검사 건강검진 일정 상황 변동 일정 확정 원자 개별 예정 내용 허위 취소 완료 이메일 확인 메일 발송 상관없다 개인 국가 유공 장애인 취업 보호대 상자 관계 법령 우대 문의사항 홈페이지 문의 접수 해주다 바라다 경기도 성남시 분당구 상황 변경,AR 렌더링 이미지 필터 뷰티 렌더링 모바일 품질 고성능 쉽다 엔진 신규 그래픽스 파악 도입 신규 물리 엔진 통합,0.6414893617021277
그래픽스 엔지니어,https://www.wanted.co.kr/wd/71124,https://image.wanted.co.kr/optimize?src=https%3A%2F%2Fstatic.wanted.co.kr%2Fimages%2Fcompany%2F2057%2Fnleg3vjamchulwgs__1080_790.jpg&w=1000&q=75,가상 환경(Unity) 기반 AI 엔진 연구 개발 엔지니어,휴톰,"• Digital twin 환경에서의 AI 인식 기술 개발
• 3차원 모델과 실제 환경 사이의 semantic registration 및 Visual SLAM 문제 해결","• 3D 그래픽스에 대한 전반적인 이해
• Unity 등 게임 엔진에 대한 활용 경험
• Pytorch, TensorFlow 등 Deep learning 라이브러리 활용 경험
• Python/C/C++ 언어 기반 프로젝트 수행 경험
• 관련분야 석사학위 소지자 또는 2년 이상 경력
• 어려운 문제 해결에 적극적으로 임하실 분","• 관련 분야 박사학위 소지자 또는 5년 이상 경력자 우대
• Multiview geometry 등의 분야에 전문지식을 가진 분 우대
• 관련 분야 논문 저술 경험 우대 (CVPR, WACV, SIGGRAPH, Eurographics 등)","• 자기계발비 월 10만원 지급
• 설, 추석 상여 및 선물 지급(각 100 만원 + )
• 건강검진 지원
• 직무 교육 지원 
• 간식 제공","Github
Linux
Pytorch
React
Tensorflow
C#
JavaScript
Node.js
Python
R
데이터베이스
C++
데이터 분석
Docker
Unity3D",서울특별시 마포구 독막로 279 상장회사회관 6층,4130,73,자기계발 추석 상여 선물 건강검진 직무 교육 간식,Digital twin AI semantic Visual SLAM 인식 차원 모델 실제 문제 해결,0.5492021276595744
그래픽스 엔지니어,https://www.wanted.co.kr/wd/76798,https://image.wanted.co.kr/optimize?src=https%3A%2F%2Fstatic.wanted.co.kr%2Fimages%2Fcompany%2F2057%2Fnleg3vjamchulwgs__1080_790.jpg&w=1000&q=75,Unity 기반 수술 내비게이션 소프트웨어 개발,휴톰,"• 유니티 활용 자사 의료 서비스 개발
• 유니티 기술 R&D","• 컴퓨터 / 소프트웨어 관련 전공자
• 유니티 엔진으로 개발 실무 경험 1년 이상
• 유니티 엔진을 활용하여 3D 프로그램 개발 경험이 있으신 분
• 유니티 엔진에 대한 높은 이해를 가진 분
• 긍정적인 마인드를 가지고 원활한 의사소통이 가능한 분","• 3D 공간과 물리에 대한 이해도가 깊으신 분
• Physics based Simulation 등 물리 엔진 지식이 있으신 분
• 자체엔진 / 상용엔진(Unity, Unreal) 그래픽스 관련 경력이 있으신 분
• GPU 프로그래밍 및 최적화 경험이 있으신 분
• Shader 개발 경험이 있으신 분
• 의료 서비스에 대한 관심과 흥미가 있으신 분
• JIRA, GitHub 사용 경험","• 자기계발비 월 10만원 지급
• 설, 추석 상여 및 선물 지급(각 100 만원 + )
• 건강검진 지원
• 직무 교육 지원 
• 간식 제공","Github
Linux
Pytorch
React
Tensorflow
C#
JavaScript
Node.js
Python
R
데이터베이스
C++
데이터 분석
Docker
Unity3D",서울특별시 마포구 독막로 279 상장회사회관 6층,4130,73,자기계발 추석 상여 선물 건강검진 직무 교육 간식,유니티 자사 의료 유니티,0.5492021276595744
그래픽스 엔지니어,https://www.wanted.co.kr/wd/53854,https://image.wanted.co.kr/optimize?src=https%3A%2F%2Fstatic.wanted.co.kr%2Fimages%2Fcompany%2F136%2Fjhtqznnhtixesx0t__1080_790.jpg&w=1000&q=75,Unity Engineer,하이퍼커넥트,"• 유니티 엔진과 모바일 AR 솔루션을 기반으로 어플리케이션에서 사용가능한 framework 개발 및 컨텐츠 제작을 담당합니다.
• 서비스 개발자가 framework를 원활하게 사용할 수 있도록 문서를 작성하고 필요한 사항을 가이드합니다.","• 1년 이상의 유니티 엔진 개발 경험이 있는 분
• 새로운 기술에 대한 두려움이 없고 빠르게 배우며 일할 수 있는 분","• 유니티 성능 최적화에 대한 고민을 많이 하시는 분
• AR Foundation을 이용한 컨텐츠 개발 경험이 있는 분
• Unity as a library를 활용한 모바일 앱 개발 경험이 있는 분
• UGUI, C# 환경에서 2D 게임 개발을 해보신 분
• 3D 아바타 개발을 해보신 분


[유의사항]

• 하이퍼커넥트는 증명사진, 주민등록번호, 가족관계, 혼인여부 등 채용과 관계없는 개인정보를 요구하지 않습니다.
• 수습기간 중 급여 등 처우에 차등이 없습니다.
• 제출해 주신 내용 중 허위 사실이 있을 경우 채용이 취소될 수 있습니다.
• 필요 시 지원자의 동의 하에 평판조회 절차가 진행될 수 있으며, 평판조회 결과에 따라 채용이 취소될 수 있습니다.","[채용형태/근무시간]
• 고용형태: 정규직 (수습 3개월)
• 채용절차: 서류전형 ＞ 코딩테스트＞ 1차 면접 ＞ 2차 면접 ＞ 최종합격
• 근무 시간: 근무시간을 자율적으로 선택하는DIY(Do It Yourself) 근무제 (단, 병무청 복무규정에 따라 산업기능요원, 전문연구요원은 시차출근제 적용 - 오전 8시 ~ 11시 사이 출근)
• 지원서류: 1) 자유 양식의 상세 경력 기반 국문 또는 영문 이력서(PDF) 


하이퍼커넥트는
개인의 삶이 만족 스러워야 회사에서도 만족감을 찾을 수 있다고 믿습니다.
기업문화, 그리고 복리후생을 통해 개인의 생활에 걸림돌이 될 수 있는 문제들을 해결하고자 합니다.
당신의 건강과 삶, 그리고 행복한 회사생활을 위해 노력합니다.

[Work]
• DIY(Do It Yourself) 근무제 근무시간을 자율적으로 선택하고 신뢰 속에서 협업하는 근무제도 (단, 병무청 복무규정에 따라 산업기능요원, 전문연구요원은 시차출근제 적용 - 8am ~ 11am 사이 출근)
• 최고의 접근성과 근무환경 삼성동 아셈타워에 위치, 2호선 삼성역 및 9호선 봉은사역과 연결된 더블역세권에 다양한 버스노선, 도심공항터미널이 더해진 교통의 요충지
• 장비 및 소프트웨어 최고 수준의 업무용 장비 제공, 최신 기술 활용에 적극 투자
• 집중과 효율 업무 시간에 집중해서 일하고, 불필요한 야근과 주말근무를 지양하는 기업 문화
• 뛰어난 동료 전세계 18개국이상에서 모인 뛰어난 역량을 갖춘 훌륭한 동료들과 함께하며 배울 수 있는 기회
• 글로벌 서비스의 경험 글로벌 서비스 기반 대규모 데이터를 경험하고 분석 하여 실제 제품에 적용하는 기회
• 커리어 성장 개개인의 커리어 성장이 곧 회사의 성장으로도 이어진다는 믿음, 업무를 잘하기 위해 욕심내는 사람에게는 지원을 아끼지 않는 문화

[Life]
• 사내 카페(Hypresso) 바리스타가 직접 만들어주는 아메리카노, 카푸치노에서 그린티라떼, 얼그레이까지! 모든 메뉴는 무료로 이용
• 식사 및 무료 스낵바 제공 아침(과일, 김밥, 빵 등 간편식)/점심(식대 12천원 지원 및 사내에서 도시락/샐러드 제공)/저녁(야근시) 삼시세끼 제공 및 편의점 급 스낵바 보유
• 단체보험 가입 및 매년 건강검진 지원 직원 단체보험 및 건강검진 제공 (전액 회사 부담)
• 기숙사 지원 회사 기숙사 제공 (근속기간 충족 시)
• 사내 대출 제도 생활 안정 위한 저금리 대출 지원 (근속기간 충족 시)
• 휴식 공간 3천 권이 넘는 만화책과 당구대 등이 갖춰진 편안한 휴식공간
• 헬스키퍼 힐링존에서 사내 전문 안마사의 마사지를 통한 피로회복 서비스 제공
• 경조금/경조휴가 지급 경조휴가, 경조금 및 화환 지원
• 사내 동호회 지원 각종 동호회 운영 지원
• 명절 선물 설/추석 가족과 풍요로운 명절을 보내실 수 있도록 30만원 상당의 선물 제공

[Growth & Refresh]
• 사내 외국어 교육 지원 영어, 한국어, 일본어 사내 강의 제공
• 사외 교육 지원 직무 관련 사외교육 및 외국어 학습 비용 지원
• 세미나/컨퍼런스 지원 직무관련 역량 강화를 위한 최신 세미나/컨퍼런스 참가 비용 전액 지원
• 도서 지원 역사, 인문, 인물, 자기계발, 자연과학, 경제경영, IT모바일 관련 도서 무제한 신청 가능
• 장기근속자 휴가 및 휴가비 매 3년 근속시 휴가(10일) 및 휴가비(200만원) 제공
• 생일 축하 본인 생일 선물(상품권 20만원) 지급 + 생일 반차 제공, 가족 생일 반반차 제공(부모/배우자/자녀)","Git
Java
Kotlin",강남구 영동대로 517 아셈타워,5430,401,DIY Do It Yourself PDF Work DIY Do It Yourself am am Life Hypresso Growth Refresh 형태 근무시간 고용 형태 수습 테스트 근무시간 자율 무제 병무청 복무 규정 산업 요원 요원 적용 오전 자유 양식 상세 경력 국문 영문 이력서 하이퍼 커넥트 개인 만족 스럽다 만족감 찾다 믿다 복리 후생 개인 생활 걸리다 돌이 문제 해결 건강 행복하다 생활 노력 무제 근무시간 자율 신뢰 협업 병무청 복무 규정 산업 요원 요원 적용 최고 접근성 삼성동 아셈 타워 삼성역 봉은사 연결 더블 역다 다양하다 버스 노선 도심공항 터미널 더하다 교통 요충지 장비 소프트웨어 최고 수준 장비 최신 투자 집중 효율 집중 불필요하다 야근 주말 양하 뛰어나다 전세계 개국 모이다 뛰어나다 역량 갖추다 훌륭하다 배우다 기회 글로벌 경험 글로벌 대규모 데이터 경험 분석 실제 적용 기회 커리어 성장 개개인 커리어 성장 성장 이어지다 믿음 욕심 아끼다 카페 바리스타 직접 아메리카노 카푸치노 그린티 라떼 얼그레이 메뉴 무료 이용 식사 무료 스낵바 아침 과일 김밥 간편식 점심 식대 천원 도시락 샐러드 저녁 야근 시세 편의점 스낵바 보유 보험 가입 매년 건강검진 보험 건강검진 전액 부담 기숙사 기숙사 기간 충족 대출 생활 안정 금리 대출 기간 충족 휴식 공간 만화책 당구대 갖추다 편안하다 휴식 공간 헬스 키퍼 힐링 전문 안마 사의 마사지 피로 회복 조휴 조휴 화환 동호회 동호회 명절 선물 추석 가족 풍요 명절 보내다 상당 선물 외국어 교육 영어 한국어 일본어 강의 교육 직무 교육 외국어 학습 비용 세미나 컨퍼런스 직무 역량 강화 최신 세미나 컨퍼런스 참가 비용 전액 도서 역사 인문 인물 자기계발 자연과학 경제 경영 모바일 도서 무제한 신청 장기 근속 휴가 휴가 휴가 휴가 생일 축하 생일 선물 상품권 생일 가족 생일 부모 배우자 자녀,AR framework framework 유니티 엔진 모바일 솔루션 어플리케이션 컨텐츠 제작 개발자 원활하다 문서 작성 가이드,0.7220744680851064
그래픽스 엔지니어,https://www.wanted.co.kr/wd/120840,https://image.wanted.co.kr/optimize?src=https%3A%2F%2Fstatic.wanted.co.kr%2Fimages%2Fcompany%2F19861%2Fjsbtnoj1nrnp7cnd__1080_790.jpg&w=1000&q=75,Algorithm Engineer (알고리즘 엔지니어),아나토마지코리아,"• 이미지 혹은 3차원 데이터를 이용한 다양한 프로세싱 알고리즘 개발
• Point cloud, mesh, voxel, image등 다양한 데이터 타입을 효율적으로 처리하는 자료구조 및 알고리즘 개발
• 최신 연구 결과의 도입 및 검증을 위한 paper research및 구현","• C++사용이 능숙하신 분
• 이미지 처리 알고리즘 혹은 3D데이터 처리 알고리즘 개발 경험이 있으신 분
• 논리적이고 체계적인 문제해결 능력이 있으신 분
• 효과적인 의사전달 및 협업 능력이 있으신 분
• 이공학 석사 이상 학위 소지 또는 그에 준하는 연구/개발 경험이 있으신 분","• 데이터 처리 효율화를 위한 병렬처리 관련 개발 경험이 있으신 분
• 수치해석 등 수학적 알고리즘을 이해하고 개발한 경험이 있으신 분
• 3D point cloud/mesh타입의 데이터 및 응용 알고리즘에 대해 깊은 이해가 있는 분
• Image/voxel타입의 데이터 및 응용 알고리즘에 대해 깊은 이해가 있는 분
• FEA등 computing연산을 통한 simulation구현 경험이 있으신 분","•유연근무제(Flexible Working System) 운영
•고사양 업무 장비 지급
•다양한 간식 및 커피 무한 제공
•도서 구매, 온/오프라인 강의,컨퍼런스 비용 지원
•저녁근무시 저녁식대 지원
•개발 직군의 경우 하이브리드 형태 근무 적용(주 2회 재택근무)
•입사 첫해 휴가 16일 제공
•연차, 반차 사유 상관없이 자유롭게 사용 가능
•각종 경조사비 및 경조 휴가 지원
•Happy Hour 행사로 영화, 연극 등 다양한 문화생활 지원
•명절 상품권 지급
•근속기념 선물 지급
•출산휴가, 육아휴직 지원","OpenGL
Python
C++
CUDA
NumPy","서울특별시 강남구 테헤란로 84길 15 시몬타워 4층, 10층",3759,42,Flexible Working System Happy Hour 유연근무제 사양 장비 다양하다 간식 커피 무한 도서 구매 오프라인 강의 컨퍼런스 비용 저녁 무시 저녁 식대 하이브리드 형태 적용 재택근무 휴가 연차 사유 상관없다 자유롭다 사비 경조 휴가 행사 영화 연극 다양하다 문화생활 명절 상품권 기념 선물 출산휴가 육아휴직,Point cloud mesh voxel image paper research 이미지 차원 데이터 이용 다양하다 프로세싱 알고리즘 다양하다 데이터 타입 효율 자료구조 알고리즘 최신 연구 도입 검증 구현,0.49986702127659577
그래픽스 엔지니어,https://www.wanted.co.kr/wd/53092,https://image.wanted.co.kr/optimize?src=https%3A%2F%2Fstatic.wanted.co.kr%2Fimages%2Fcompany%2F18249%2Ftbdtobozbokskglp__1080_790.jpg&w=1000&q=75,Unity 클라이언트 개발,텐일레븐,• Unity 엔진을 이용한 실시간 건축설계 3D 시각화 편집 도구(자사서비스 BUILDIT DESIGNER) 개발,"ㆍUnity 엔진에 대한 전반적인 이해
ㆍC#활용 및 객체지향 언어에 대한 이해
ㆍUGUI 사용 경험
ㆍ영어 기술 문서를 읽고 이해할 수 있는 능력
ㆍ원활한 커뮤니케이션 능력
ㆍ건축관련 사전지식 필요없음","ㆍUnity를 팀 프로젝트 경험
ㆍUnity를 이용한 3D 프로그램 개발 및 서비스 출시 경험
ㆍUnity 런타임 최적화에 대한 지식 및 경험
ㆍUnity를 이용한 AR/VR 개발 경험
ㆍ컴퓨터 그래픽스와 3D에 대한 이해
ㆍ디자인 패턴 활용 SW 구조 설계 경험
ㆍ컴퓨터/게임/SW 등 관련 분야 전공자
ㆍ기술문서 작성 역량
ㆍ새로운 일에 러닝커브가 빠른 분
ㆍ적극적이고 긍정적인 자세","• 국내 최고의 인공지능 건축설계 플랫폼 서비스 개발 참여
• 근무시간에 집중하고 초과근무를 지양하는 문화, 워라벨
• 자율 출퇴근 제도와 눈치 안봐도 되는 휴가
• 우수한 동료들과의 협업
• 자율적인 분위기, 책임감있는 행동
• 일의 효율을 높여주는 듀얼 모니터
• 커피, 음료수 무한 제공, 생일 선물 제공
• 팀별 회식 지원, 회식 참석 자유, 술 강요 없음
• 식사 걱정 없도록 점심, 저녁 지원
• 아낌없는 성장 지원(도서 구매/세미나 참여/온라인 강의 등)
• 상여금 및 스톡옵션 제공(고 기여자에 대한 보상)
• 시원한 뷰의 사무실","Slack
React
TypeScript
AWS
API
Notion","서울 마포구 월드컵북로 396, 연구개발타워 10층 1001호",4349,45,국내 최고 인공 지능 건축 설계 플랫폼 근무시간 집중 초과근무 양하 라벨 자율 눈치 휴가 우수하다 협업 자율 분위기 책임감 행동 효율 높이다 듀얼 모니터 커피 음료수 무한 생일 선물 팀별 회식 회식 참석 자유 강요 식사 걱정 점심 저녁 아낌없다 성장 도서 구매 세미나 온라인 강의 상여금 스톡옵션 여자 보상 시원하다,Unity BUILDIT DESIGNER 엔진 이용 실시간 건축 설계 편집 도구 자사,0.5783244680851064
그래픽스 엔지니어,https://www.wanted.co.kr/wd/52585,https://image.wanted.co.kr/optimize?src=https%3A%2F%2Fstatic.wanted.co.kr%2Fimages%2Fcompany%2F18249%2Ftbdtobozbokskglp__1080_790.jpg&w=1000&q=75,건축설계 알고리즘 개발자,텐일레븐,• 건축설계 알고리즘 연구개발,"• Problem Solving 역량
• Geometry(Point, line, Polygon 등) 알고리즘 지식 및 개발 역량
• 기하학적, 수학적 사고 및 분석능력
• C++ 언어의 전반적인 이해
• 알고리즘 설계 및 기술문서 작성 역량
• 자료구조, OS 등 전산학 지식
• 건축관련 지식이 없어도 됨","• 알고리즘 대회 입상 경험
• 컴퓨터 그래픽스 및 물리기반 시뮬레이션 전공자
• 컴퓨터/게임/SW 등 관련 분야 전공자
• 새로운 일에 러닝커브가 빠른 분
• 영어 기술 문서를 읽고 이해할 수 있는 능력
• 기술의 장단점을 이해하며 활용하는 분
• 원활한 커뮤니케이션 능력
• 적극적이고 긍정적인 자세
• 동료들을 존중하며 그들의 가치를 폄훼하지 않는 분
• 자신의 의견과 의견에 대한 근거를 원활하게 표현할 수 있는 분","• 국내 최고의 인공지능 건축설계 플랫폼 서비스 개발 참여
• 근무시간에 집중하고 초과근무를 지양하는 문화, 워라벨
• 자율 출퇴근 제도와 눈치 안봐도 되는 휴가
• 우수한 동료들과의 협업
• 자율적인 분위기, 책임감있는 행동
• 일의 효율을 높여주는 듀얼, 트리플 모니터
• 커피, 음료수 무한 제공, 생일 선물 제공
• 팀별 회식 지원, 회식 참석 자유, 술 강요 없음
• 식사 걱정 없도록 점심, 저녁 지원
• 아낌없는 성장 지원(도서 구매/세미나 참여/온라인 강의 등)
• 상여금 및 스톡옵션 제공(고 기여자에 대한 보상)
• 시원한 뷰의 사무실","Slack
React
TypeScript
AWS
API
Notion","서울 마포구 월드컵북로 396, 연구개발타워 10층 1001호",4349,45,국내 최고 인공 지능 건축 설계 플랫폼 근무시간 집중 초과근무 양하 라벨 자율 눈치 휴가 우수하다 협업 자율 분위기 책임감 행동 효율 높이다 듀얼 트리플 모니터 커피 음료수 무한 생일 선물 팀별 회식 회식 참석 자유 강요 식사 걱정 점심 저녁 아낌없다 성장 도서 구매 세미나 온라인 강의 상여금 스톡옵션 여자 보상 시원하다,건축 설계 알고리즘 연구개발,0.5783244680851064
그래픽스 엔지니어,https://www.wanted.co.kr/wd/61749,https://image.wanted.co.kr/optimize?src=https%3A%2F%2Fstatic.wanted.co.kr%2Fimages%2Fcompany%2F2221%2Fqb3mjyiaeytoyc7x__1080_790.png&w=1000&q=75,AI엔지니어(컴퓨터 비전/그래픽스 개발자),넷마블,"게임 그래픽스 품질 향상을 위한 신규 비전 기술을 개발합니다. 또한, 넷마블에서 새로 추진하는 헬스 & 뷰티 사업을 위한 포즈 측정, 이미지 기반 얼굴 특징 분석 모델을 개발합니다.

- 감정기반 얼굴 애니메이션 생성
 · 얼굴 특징점 분석 및 3D 얼굴모형 생성

- 홈트레이닝 AI 보조
 · Single/Multi-view 영상정보 기반 자세 예측 모델 개발
 · Android/iOS 기반 SDK 및 APP 제작

- 이미지 기반 얼굴 분할 및 피부 분류 솔루션 개발
 · 얼굴 특징점 분석 모델 개발
 · Edge 상에서 진단 및 분류 시스템 개발","컴퓨터 비전/그래픽스 연구개발 및 서비스 개발 3년 이상
- 딥러닝 프레임워크(Tensorflow, PyTorch) 활용능력 보유
- 컴퓨터 비전 및 이미지 프로세싱을 위한 오픈소스 활용 능력 보유
- 언리얼/유니티 등 게임엔진 사용 경험
- On-device 탑재를 위한 경량화 기술 경험","- 컴퓨터공학 비전 전공 석사 이상
- 컴퓨터 비전, 이미지 프로세싱 혹은 그래픽스 연관 전공
- Vision 관련 주요학회 논문 제출자
- 전략적 사고를 바탕으로 프로젝트 리딩이 가능하신 분
- 영어(커뮤니케이션 가능 수준)","[Work Culture]
• 선택적 근로시간제 (10~16시 코어타임 외 월기본근로시간 내 자율출퇴근)
  *단, 코로나19 감염병 예방을 위해 현재는 전사 재택근무 실시(코어타임 해제)
• 시간 연차 제도 및 자유로운 연차 사용
• '님' 호칭 제도
• 수평적인 개발 문화

[Perks & Benefits]
• 연간 490만원 상당 복지성 포인트 지급
• 명절 효도비, 경조사 특별 휴가 및 경조금 지급
• 장기근속 휴가 및 포상금 지급
• 콘도 및 숙박시설 이용 지원
• 퇴근 교통비 지원
• 전 임직원 및 배우자 종합 검진 제공
• 의료비 지원, 단체 상해보험 지원
• 생일 쿠폰 지급
• 퇴근 교통비 지원
• 임산부 임신 전기간 단축 근무(일 6시간 근무) 실시
• 가족 돌봄 휴가","Hadoop
Linux
Spark
Google Analytics
AWS
GCP","서울특별시 구로구 디지털로 26길 38, G-Tower 넷마블, Netmarble Building, 38, Digital-ro 26-gil, Guro-Gu",7520,822,Work Culture Perks Benefits 시간제 코어 타임 근로시간 자율 코로나 감염병 예방 재택근무 실시 코어 타임 해제 연차 자유롭다 연차 호칭 수평 연간 상당 복지 포인트 명절 도비 경조사 특별 휴가 장기 근속 휴가 상금 콘도 숙박시설 이용 교통비 배우자 종합 검진 의료 상해 보험 생일 쿠폰 교통비 임산부 임신 기간 단축 실시 가족 돌보다 휴가,AI Single Multi view Android iOS SDK APP Edge 게임 그래픽스 품질 향상 신규 넷마블 새롭다 추진 헬스 뷰티 포즈 측정 이미지 얼굴 특징 분석 모델 감정 얼굴 애니메이션 얼굴 특징 분석 얼굴 모형 트레이닝 보조 영상 정보 자세 예측 모델 제작 이미지 얼굴 분할 피부 분류 솔루션 얼굴 특징 분석 모델 진단 분류 시스템,1.0
그래픽스 엔지니어,https://www.wanted.co.kr/wd/113916,https://image.wanted.co.kr/optimize?src=https%3A%2F%2Fstatic.wanted.co.kr%2Fimages%2Fcompany%2F8171%2Femgtepwiiy4mxgew__1080_790.jpg&w=1000&q=75,2D&3D 알고리즘 개발,바텍,"• 2D&3D 영상처리 알고리즘 개발
• 3D Geometry 개발
• 컴퓨터 비전 개발","• C++ 프로그래밍 가능
• 병렬 처리 프레임워크(CUDA, OpenCL 등) 사용 경험자","• 컴퓨터공학, 소프트웨어 관련 전공자
• 선형대수 이론 이해도 보유자","• 야근, 회식 강요 없음
• 매월 마지막 주 목요일 점심 뷔페 & 특식 제공
• 명절, 창립기념일, 생일 선물 지급
• 강남/분당/수원/오산 지역 출근 셔틀버스 운행
• 트레이너 상주하는 사내 헬스장 운영
• 사내 어린이집 운영","Confluence
JIRA
GraphQL
Spark
Node.js
AWS
Docker
ElasticSearch",경기도 화성시 삼성1로 2길,5729,289,야근 회식 강요 매월 마지막 목요일 점심 뷔페 특식 명절 창립 기념일 생일 선물 강남 분당 수원 오산 지역 셔틀버스 운행 트레이너 상주 헬스장 어린이집,Geometry 상처리 알고리즘 컴퓨터,0.7618351063829787
그래픽스 엔지니어,https://www.wanted.co.kr/wd/84324,https://image.wanted.co.kr/optimize?src=https%3A%2F%2Fstatic.wanted.co.kr%2Fimages%2Fcompany%2F14104%2Fxv0wznprlszdomqk__1080_790.jpg&w=1000&q=75,[위메이드 넥스트] 그래픽스 프로그래머,위메이드(WEMADE),• 게임 그래픽 개선 및 문제 수정,"• 각 직무별 3년이상 경력
• 프로그래밍 관련 학과 졸업 혹은 그에 준하는 경력. C++프로그래밍에 익숙하신 분","• HLSL, GLSL, UE4 Material Editor 수정 및 그래픽스 파이프라인 제작 경럼자 우대
• Android 개발 경험자, Java, Objective•C, C# 경험자 우대, Unreal Engine4 사용경력 우대","#조식제공 #중식제공 #건강검진 #단체보험 #사내카페 #복지카드 #요가룸 #수면실
#수유실 #스포츠센터 #휴양시설제휴 #장기근속포상

• 배려와 존중으로 함께 일하는 최고의 팀 동료들이 있어요
• 구내식당에서 한/중/일식 등 다양한 메뉴의 아침과 점심을 무료로 이용할 수 있어요
• 최상의 원두와 전문 바리스타가 있는 카페테리아에서 언제든 커피 혹은 음료는 무료로 마음껏 드세요
• 연간 200만원 지급되는 복지카드로 다양한 문화 혹은 취미 생활 누리세요
• 수면실, 샤워룸, 수유실, 스포츠센터 등 위메이드인들을 위한 다양한 편의시설도 있어요
• 열일 후 달콤한 휴식을 위해 대명레지던스, 한화리조트, 대명리조트 이용을 지원드려요
• 건강검진, 독감예방접종, 단체상해보험가입으로 건강도 챙기면서 일하세요
• 가족의 건강검진비, 자녀 대학교 학자금을 지원드려요
• 일과 생활의 균형을 위해 자유롭게 연차를 사용하세요
• 다양한 경조사에 대한 경조 지원금, 유급휴가가 지원돼요
• 위메이드에서 오래도록 기여해주신 장기근속 위메이드인에게는 포상금을 지급해요","Azure
Hadoop
MongoDB
MySQL
Redis
Java
Node.js
Python
TypeScript
AWS
Go
Jenkins
ETL
NoSQL
Powershell
Bash
RDBMS",경기도 성남시 분당구 대왕판교로 644번길 49 위메이드타워,0,없음,조식 중식 건강검진 보험 카페 복지 카드 가룸 수면 유실 스포츠 센터 휴양 시설 제휴 장기 포상 배려 존중 최고 구내식당 일식 다양하다 메뉴 아침 점심 무료 이용 최상 원두 전문 바리스타 카페테리아 커피 음료 무료 마음껏 들다 연간 복지 카드 다양하다 취미 생활 누리다 수면 샤워 유실 스포츠 센터 위메이드 다양하다 편의 시설 달콤하다 휴식 대명 레지던스 한화 리조트 대명 리조트 이용 건강검진 독감 예방접종 상해 보험 가입 건강 챙기다 가족 건강검진 자녀 대학교 학자금 일과 생활 균형 자유롭다 연차 다양하다 경조사 경조 원금 유급 휴가 돼다 위메이드 오래도록 기여 해주다 장기 근속 위메이드 상금,게임 그래픽 개선 문제 수정,0.0
그래픽스 엔지니어,https://www.wanted.co.kr/wd/116756,https://image.wanted.co.kr/optimize?src=https%3A%2F%2Fstatic.wanted.co.kr%2Fimages%2Fcompany%2F727%2F3486_2_0.02174f79__1080_790.jpg&w=1000&q=75,Graphics Rendering Engine 개발자,키네마스터,"• Android/iOS KineMaster의 Graphics Rendering Engine 유지/보수
• KineMaster의 영상 편집기능을 OpenGL을 통해서 구현.
• Designer가 제작한 특수효과들 구현.",• OpenGL 경험자,"• Computer Graphics 관련 지식 보유자.
• Graphics Application 개발 경험자.
• OpenGL, DirectX, METAL2 유경험자.
• Game Engine 개발 유경험자.
• Multimedia 관련 업무 지식 보유자.
• Mobile Application(Android/iOS) 개발 경험자.
• C/C++ 경험자.
• 동료들과의 의사소통 및 협업이 뛰어난분.
• 스마트하고 논리적인 업무태도를 지니신 분

** 기술적인 능력만을 갖춘 개발자 보다는 개발자로서의 논리적인 마인드와 스마트한 사고방식, 또한 관련 경력과 지식이 없더라도 스스로 배우고자 하는 열정을 지니신 개발자 분을 모십니다.","• 수평적 사내 문화
- 다국적 직원이 동등하게 영어 이름 또는 ‘님’ 호칭을 사용하고 있습니다.

• 유연 근무제
- 창사 이후 유연한 근무 시간을 위해 시차 출퇴근제도를 운영해왔고, 주 52시간 근무제를 시행하고 있습니다.

• 재택근무
- Linked Work도입 ( 주 2회 재택 or 100% 재택 실행)

• 개인별 도서구입 지원
- 분기마다 도서 포인트 지급을 통해 직원들의 도서구입비를 지원하고 있습니다.

• 매월 사내 파티 개최
- 사내 동영상 공모전 개최하여 직원들에게 포상하고 있습니다.

• 사내 편의시설 
- 언제든지 편하게 쉴 수 있는 최신안마의자와 여성전용휴게실이 마련 되어있습니다.

• 학자금 
- 유치원 초 중 고 및 대학교 자녀를 위해 학자금을 지원합니다.

• 건강검진 
- 직원들의 건강관리를 위해 연 1회 전문기관에서 전 직원의 건강검진을 실행하고 있습니다. 

• 경조금 
- 각종 경조금, 경조화환 경조휴가를 부여하고 있습니다. (결혼, 사망, 출산 등)

• 장기근속 
- 전 직원에게 청년내일채움공제 및 내일채움공제를 지원하고 있습니다. 
- 5년, 10년, 15년, 20년 장기근속자에게 포상과 장기 휴가를 부여하고 있습니다. 

• 병가시 유급휴가를 지원하고 있습니다.

• 임신기간 중 하루 2시간 유연/단축 근무 및 출산 전후 휴가, 육아휴직, 남성출산휴가제도가 있습니다.

• 점심 식대 제공 제공, 4대 보험 및 퇴직 연금",없음,"서울특별시 서초구 양재동 15-7 건영빌딩 3,4,5층",5436,108,Linked Work or 수평 다국적 동등 영어 이름 호칭 유연 무제 창사 유연하다 해오다 무제 시행 재택근무 도입 재택 재택 실행 개인 도서 구입 분기 도서 포인트 도서 구입 매월 파티 개최 동영상 공모전 개최 포상 편의 시설 편하다 쉬다 최신 안마 의자 전용 휴게실 마련 학자금 유치원 대학교 자녀 학자금 건강검진 건강 기관 건강검진 실행 화환 휴가 결혼 사망 출산 장기 근속 청년 내일 채우다 공제 내일 채우다 공제 장기 근속 포상 장기 휴가 가시 유급 휴가 임신 기간 하루 유연 단축 출산 휴가 육아휴직 남성 출산휴가 점심 식대 보험 퇴직 연금,Android iOS Graphics Rendering Engine OpenGL Designer 유지 보수 영상 편집 구현 제작 특수 효과 구현,0.722872340425532
그래픽스 엔지니어,https://www.wanted.co.kr/wd/105144,https://image.wanted.co.kr/optimize?src=https%3A%2F%2Fstatic.wanted.co.kr%2Fimages%2Fcompany%2F30968%2Frohoifvrkwebi2b2__1080_790.jpg&w=1000&q=75,VR/AR/3D 개발,크리에이츠,• UE4  기반 골프 시뮬레이터에 사용되는 배경 작업,"* 3D 그래픽 제작
* 배경 모델링 및 자연물 제작
* UE4 경험 있는 자","* 3D MAX, Photoshop 등 관련 3D툴 사용에 능숙하신 분
* 사실적인 재질표현을 바탕으로 실사 텍스처 제작이 가능하신 분
* UE4 Material, BP 능숙한자","• 우리사주 . 스톡옵션
• 성과 인센티브
• 경조사비 지원
• 휴양콘도 지원
• 자기개발비 지원","JIRA
Linux
Python
C
C++
Visual Studio",서울시 강남구 봉은사로 51길 31,0,없음,사주 스톡옵션 성과 사비 휴양 콘도 자기개발,UE 골프 시뮬레이터 배경 작업,0.0
그래픽스 엔지니어,https://www.wanted.co.kr/wd/108416,https://image.wanted.co.kr/optimize?src=https%3A%2F%2Fstatic.wanted.co.kr%2Fimages%2Fcompany%2F324%2Fbip8i0czqz1cvid8__1080_790.jpeg&w=1000&q=75,AR Graphics Engineer (OpenGL/Metal/DirectX),라인플러스(LINE Plus),"• iOS/Android/Desktop 크로스 플랫폼(C/C++) 그래픽스 엔진 개발 (Open GL/ES/Metal/Direct X/Vulkan)
• 쉐이더 이펙트 프로그래밍
• AR Engine 관련 연구","• Open GL/ES/Metal/Direct X와 같은 그래픽스 API를 직접 다루는 프로젝트를 하나 이상 출시해 본 경험이 있으신 분
• C/C++ 개발 경험 및 이해도가 높으신 분
• 해외 출장 및 근무에 결격 사유 없으신 분","■ 우대사항

• iOS/Android 동시 개발 경험이 있으신 분
• 게임 엔진 개발 경험이 있으신 분
• 영상 처리 이해도가 높으신 분


■ 기타

• LINE Plus 채용 전형 진행을 위해서는 자사 채용 시스템으로 별도 접수가 필요합니다. 전형 대상자에 한하여 입사 지원 링크를 이메일로 전달드릴 예정입니다.
• 서류전형 이후 사전과제 혹은 온라인 코딩테스트가 진행될 수 있습니다.
• 본 공고는 수시 모집으로 채용완료 시 조기 마감될 수 있습니다.
• 전형일정 및 결과는 지원서에 등록하신 이메일로 개별 안내드립니다.
• 지원서 내용 중 허위사실이 있는 경우, 합격이 취소될 수 있습니다.
• 본 채용공고를 통해 입사하시는 경우, 3개월의 수습기간을 적용합니다.


■ 보훈 취업지원 대상 및 장애인 서류 제출 안내

• 국가 유공자 및 장애인 등 취업보호대상자는 관계법령에 따라 우대합니다.
• 보훈 및 장애인 지원자에 해당되시는 경우, 자사 채용 시스템 입사지원 시 [포트폴리오/경력기술서] 첨부 란에 반드시 관련 증명원을 발급하여 첨부 바랍니다.
• 보훈 지원자 : '보훈취업지원대상자 증명서' 발급하여 첨부
• 장애인 지원자 : '장애인증명서 또는 복지카드' 첨부","■ 근무형태 (LINE Hybrid Work 1.0)

100% Remote Work부터 주 N일 오피스 근무까지 유연하게 혼합하여 근무 할 수 있는 LINE Hybrid Work 1.0 제도를 도입하여 시행하고 있습니다. 이에 따라 입사 시 배치 조직의 업무성격, 프로젝트 주기 및 글로벌 협업 정도 등을 고려하여 자율적으로 설정한 근무형태를 적용받게 됩니다. 아울러, 업무와 성과를 책임있게 자율관리 할 수 있고 최소 한 달 이상 체류할 수 있는 곳이라면, 자택 외 희망하는 지역에서 Remote Work가 가능합니다.

■ 근무지

LINE Hybrid Work 1.0에 따라 근무 가능한 장소에서 근무 (※ 오피스는 서현역 분당스퀘어에 있습니다.)

■ 근무시간

매월 Working Day에 따라 정해지는 기준근무시간 내에서 개인이 자유롭게 일/주별 근무하는 LINE Smart 근무제를 적용합니다. 또한, 해당 기준근무시간을 초과하여 근무할 경우 별도의 연장근무수당을 지급합니다.

■ 혜택 및 복지

[LINER의 성장을 지원합니다]

• 월 20만원 한도에서 어학 학습을 지원합니다. 
• 각종 워크샵, 직무능력향상 교육, 컨퍼런스 참석 등, 자기계발을 위해 아낌없이 지원합니다.

[LINER를 위해 최적의 업무환경을 지원합니다]

• 업무에 불편함이 없으시도록 가장 최고급 장비를 지급해드립니다.
• 업무 자세와 환경에서도 불편함이 없도록, 허먼밀러 에어론 의자, 아르테미드 스탠드, 스탠딩 데스크를 제공합니다. 
• 사내 카페, 사내 편의점, 은행, 안마의자 등 다양한 사내 편의 시설이 있습니다.

[LINER의 업무 몰입을 지원합니다]

• LINER의 건강하고 안정된 삶을 위해, 건강검진, 직원대출제도, 각종 경조사 지원, 상해 보험을 지원해 드립니다. 
• 입사 시, Benefit points (복리후생 포인트)를 지급합니다. 네이버페이 포인트, 통신비, 클래스 지원비 등 원하는 곳에 자유롭게 사용하실 수 있습니다. 
• 각종 경조사 지원, 휴양시설 운영, 직장 보육시설 등, 다양한 복리후생을 지원합니다. • 최초 입사 후 2년 만근 시점, 최초 발생일 기준 이후 매 3년 마다 Refresh 휴가를 제공합니다. 기본 연차에 추가로 Refresh 휴가 10일 및 Refresh points를 지급해 드립니다.

이 외, 더 많은 혜택 및 복지가 여러분을 기다리고 있습니다. 입사 후 더 자세히 만나보세요!",없음,"성남 분당구 황새울로360번길 42 (서현동, 분당스퀘어)",6082,1,LINE Hybrid Work Remote Work LINE Hybrid Work Remote Work LINE Hybrid Work Working Day LINE Smart LINER LINER LINER LINER Benefit points Refresh Refresh Refresh points 형태 오피스 유연하다 혼합 도입 시행 배치 성격 프로젝트 주기 글로벌 협업 정도 고려 자율 설정 형태 적용 받다 아우르다 성과 책임 자율 최소 체류 라면 자택 희망 지역 장소 오피스 서현역 분당 스퀘어 근무시간 매월 정해지다 기준 근무시간 개인 자유롭다 무제 적용 해당 기준 근무시간 초과 별도 연장 무수 혜택 복지 성장 한도 어학 학습 워크샵 직무 능력 향상 교육 컨퍼런스 참석 자기계발 아낌없이 최적 불편하다 최고급 장비 자세 불편하다 멀다 밀러 에어 의자 아르테 미드 스탠드 스탠딩 데스크 카페 편의점 은행 안마 의자 다양하다 편의 시설 몰입 건강하다 안정 건강검진 대출 경조사 상해 보험 복리 후생 포인트 네이버 페이 포인트 통신비 클래스 자유롭다 경조사 휴양 시설 직장 보육 시설 다양하다 복리 후생 최초 시점 최초 생일 기준 마다 휴가 연차 추가 휴가 많다 혜택 복지 기다리다 자세하다 만나다,iOS Android Desktop Open GL ES Metal Direct Vulkan AR Engine 크로스 플랫폼 그래픽스 엔진 쉐이더 이펙트 프로그래밍 연구,0.8087765957446809
그래픽스 엔지니어,https://www.wanted.co.kr/wd/118751,https://image.wanted.co.kr/optimize?src=https%3A%2F%2Fstatic.wanted.co.kr%2Fimages%2Fcompany%2F33131%2Fsmgvcqydnr6lyoyd__1080_790.jpg&w=1000&q=75,메타버스 3D 모델링 툴 프로그래머,컴투버스,- 3D 월드 제작을 위한 각종 지원 툴 제작,"- 컴퓨터공학/전산 관련 전공자
- C,C++,C# 등의 프로그래밍 가능한 분
- 컴퓨터 그래픽스 관련 업무 경력 보유
- 다양한 툴 제작 경험 보유","- 긍정적인 업무 마인드
- MMORPG 맵툴 제작 경험","- 200만원 상당의 복지포인트
- 삼시세끼 무상 지원 / 카페테리아 이용
- 임직원 건강검진 및 단체상해보험
- 포괄임금제 폐지","C#
C
C++
모델링
3D 모델링","서울특별시 금천구 가산디지털1로 131, 14층",5785,61,상당 복지 포인트 시세 무상 카페테리아 이용 건강검진 상해 보험 포괄 임금 폐지,월드 제작 제작,0.7692819148936171
그래픽스 엔지니어,https://www.wanted.co.kr/wd/113917,https://image.wanted.co.kr/optimize?src=https%3A%2F%2Fstatic.wanted.co.kr%2Fimages%2Fcompany%2F8171%2Femgtepwiiy4mxgew__1080_790.jpg&w=1000&q=75,응용 SW 개발,바텍,"• 의료기기 제어 SW 개발
• 3D Viewer SW 개발","• Windows 프로그래밍 가능
• GUI 프레임워크(MFC, QT 등) 사용 경험자
• 3D 프레임워크(OpenGL 등) 사용 경험자","• 컴퓨터공학, 소프트웨어 계열 관련 전공자
• 선형대수 이론 이해도 보유자","• 야근, 회식 강요 없음
• 매월 마지막 주 목요일 점심 뷔페 & 특식 제공
• 명절, 창립기념일, 생일 선물 지급
• 강남/분당/수원/오산 지역 출근 셔틀버스 운행
• 트레이너 상주하는 사내 헬스장 운영
• 사내 어린이집 운영","Confluence
JIRA
GraphQL
Spark
Node.js
AWS
Docker
ElasticSearch",경기도 화성시 삼성1로 2길,5729,289,야근 회식 강요 매월 마지막 목요일 점심 뷔페 특식 명절 창립 기념일 생일 선물 강남 분당 수원 오산 지역 셔틀버스 운행 트레이너 상주 헬스장 어린이집,SW Viewer SW 의료기기 제어,0.7618351063829787
그래픽스 엔지니어,https://www.wanted.co.kr/wd/110109,https://image.wanted.co.kr/optimize?src=https%3A%2F%2Fstatic.wanted.co.kr%2Fimages%2Fcompany%2F29986%2Fotsmykl3kkmb6bkr__1080_790.png&w=1000&q=75,웹 3D 그래픽 엔지니어,테아트룸,"• Three.js와 TypeScript, React를 활용한 웹 3D 그래픽 구현
• 캐릭터를 활용한 각종 공연 연출 기획 구현
• 다양한 기기에서도 무리 없는 시청 경험을 제공하기 위한 그래픽 성능 최적화

[채용절차]
서류 전형(자유형식) ＞ 기술 인터뷰(팀원) ＞ 컬처 핏 인터뷰(CEO) ＞ 채용 확정
* 지원자분의 경력에 따라 필요시 기술 인터뷰 전에 코딩 테스트 혹은 간소한 코딩 과제가 추가될 수 있습니다.

[제출서류 및 방법]
• (필수) 자유 양식의 이력서
• (선택) 이외 자신을 소개하는데 도움이 되는 자료
• 상시 채용을 진행하며, 채용 완료 시 본 채용 정보를 마감합니다.","• 3D 그래픽 개발에 대한 기본적인 이해를 갖춘 분
• React, JavaScript, TypeScript에 대한 기본적인 이해를 갖춘 분
• 새로운 분야에 관한 빠른 습득 능력, 고정된 틀에 매이지 않는 문제 해결 능력을 갖춘 분
• 높은 코드 퀄리티를 추구하며 개발 프로세스를 고도화해 나가실 수 있는 분","• 3D 그래픽 관련 개발 경험 (WebGL, Unity 등)
• 게임 엔진에 대한 관심과 이해","• 점심, 야근 식대가 매일 1만 원씩 지원됩니다. 야근시 저녁 식대도 동일하게 지원됩니다.
• 주 1회 원하는 장소에서 업무가 가능한 '집중의 날'을 운영합니다.
• 음악 레슨, 공연 관람 등 음악 문화 활동비를 연간 최대 120만원을 지원합니다.
• 개인의 성장이 곧 팀의 성장! 업무 연관 도서 구입비 또한 연간 최대 120만원을 지원합니다.
• 개발용 최신형 맥북 프로를 지원해 드립니다.","Github
React
Node.js
TypeScript
AWS
PostgreSQL
React Native",강남구 강남대로162길 41,3003,13,점심 야근 식대 매일 야근 저녁 식대 동일하다 장소 집중 음악 레슨 공연 관람 음악 연간 최대 개인 성장 성장 연관 도서 구입 연간 최대 최신 맥북 프로,Three js React CEO 오다 그래픽 구현 캐릭터 공연 연출 기획 구현 다양하다 기기 무리 시청 경험 그래픽 성능 최적화 자유형 컬처 확정 원자 경력 필요시 테스트 간소 과제 추가 방법 필수 자유 양식 이력서 이외 소개 도움 자료 상시 완료 정보 마감,0.39933510638297876
그래픽스 엔지니어,https://www.wanted.co.kr/wd/98098,https://image.wanted.co.kr/optimize?src=https%3A%2F%2Fstatic.wanted.co.kr%2Fimages%2Fcompany%2F28466%2Fvgg5i45a4vqkbpiw__1080_790.jpg&w=1000&q=75,AR/VR Unity 개발자,하이퍼클라우드,"• Unity AR/VR 개발
• Mobile Application 연동하여 통합 AR/VR개발","• 2년 이상 Unity 개발 경력 혹은 그에 준하는 역량을 갖추신 분
• Unity, ARKit, ARCore, Vuforia 등 AR/VR 관련 개발 경험을 가지신 분
• 서버 개발자, 디자인 직군 등 타팀과 원활히 소통이 가능하신 분
• 새로운 것을 배우고자 하는 열정이 있으신 분","• Android, iOS 기반 Unity 런칭 및 개발 경험
• 위치, 비젼기반 AR application 개발 경험
• Sensor Fusion에 대한 이해도 및 기술을 보유한 분
• 대용량 AR/VR 콘텐츠 관련 서버 개발 및 운영 경험
• 새로운 기술에 관심이 많고, 새로운 시도를 즐기시는 분","• 4대 보험, 퇴직금과 같은 당연한 ""기본 복지"" 탑재
• 반차와 연차, 개인 휴가 눈치 안보고 사용할 수 있는 문화
• 커피와 원하는 간식 언제든지 마음껏!
• 업무에 필요한 온,오프라인 교육지원 빵빵 (도서, 온라인 강의 신청 등)
• HYPER Vacation : 2,4년 장기 근속자 7,14일 유급휴가 + 근속 포상 
• HYPER Friday : 짝수달 4번째 금요일 2시 칼 퇴근~

하이퍼클라우드 멤버들을 위한 질 좋은 복지들은 지속적으로 생성중입니다....ing.....","Github
Android
iOS
MySQL
React
Tensorflow
Java
JavaScript
Kotlin
Node.js
Swift
TypeScript
AR
VR
AWS
C++
ARRT
ORM
iOS 개발
GPS
Maya
Unity3D
React.js
React Native",서울특별시 강남구 논현로95길24,4217,23,HYPER Vacation HYPER Friday ing 보험 퇴직금 당연하다 복지 탑재 연차 개인 휴가 눈치 안보 커피 간식 마음껏 오프라인 교육 빵빵 도서 온라인 강의 신청 장기 근속 유급 휴가 근속 포상 수달 금요일 하이퍼 클라우드 멤버 좋다 복지 지속,Unity AR VR Mobile AR VR 연동 통합,0.5607712765957447
그래픽스 엔지니어,https://www.wanted.co.kr/wd/21449,https://image.wanted.co.kr/optimize?src=https%3A%2F%2Fstatic.wanted.co.kr%2Fimages%2Fcompany%2F5390%2Fpcupgtnszsh0cktk__1080_790.jpg&w=1000&q=75,"프론트엔드, Angular/TypeScript, (병역특례 가능)",큐픽스,"• 웹 프론트엔드 개발
• WebGL/Canvas 활용한 3D/2D 모델의 인터랙티브 시스템 개발
• 웹에서 구동되는 계산 알고리즘 개발","• SPA 프레임워크 사용에 능숙하신 분 (Angular, React 등)
• HTML, CSS, SASS, Javascript에 대한 이해가 깊은 분
• 3D 그래픽스에 대한 이해가 있으신 분","• Module Library 개발 경험이 있으신 분
• 웹사이트 최적화 경험이 있으신 분
• 테스트 및 배포 자동화 경험이 있으신 분
• WebGL/OpenGL 경험이 있으신 분","채용프로세스
• 서류전형 ＞ 직무테스트 ＞ 인터뷰(1차/2차) ＞ 레퍼런스체크 ＞ 채용제안


혜택 및 복지
큐픽스는 자율적이고 업무에 몰입할 수 있는 환경을 만들려 노력하고 있습니다. 
 
[Work Environment]
• 선택적 자율근무 (코어타임 10am - 4pm) 
• 재택 근무
• 스톡옵션 (성과우수자)
• 자율복장 
• 업무 관련 필요 장비 지원 (노트북, 모니터 등) 
 
[Quality of life & Growth]
• 자기계발 또는 직무 역량 향상에 필요한 세미나, 교육, 도서구입 등 지원
• 종합건강검진
• 리프레시 휴가
• 점심식사 지원 및 간식 & 커피 무한 제공","Android
AngularJS
iOS
Ruby on Rails
Python
Swift
TypeScript
AWS
C++
Flutter","경기 성남시 분당구 대왕판교로 670, 유스페이스2 B동 605호",0,없음,Work am pm Quality life Growth 프로세스 직무 테스트 레퍼런스 체크 제안 혜택 복지 픽스 자율 몰입 노력 자율 코어 타임 재택 스톡옵션 성과 우수 자율 복장 필요 장비 노트북 모니터 자기계발 직무 역량 향상 세미나 교육 도서 구입 종합 건강검진 리프 레시 휴가 점심식사 간식 커피 무한,WebGL Canvas 프론트엔드 모델 인터 랙티브 시스템 구동 계산 알고리즘,0.0
