category,page_url,picture_url,title,company,work,qualification,favor,welfare,skill_stack,place,money,employee,first_cleaned_welfare,first_cleaned_works
VR 엔지니어,https://www.wanted.co.kr/wd/105810,https://image.wanted.co.kr/optimize?src=https%3A%2F%2Fstatic.wanted.co.kr%2Fimages%2Fcompany%2F10767%2Fy0puz90ey1cgqjph__1080_790.jpg&w=1000&q=75,유니티 / 언리얼 전시 콘텐츠 개발자,더즈인터랙티브,"• 인터랙티브 전시 및 온라인 콘텐츠 개발
• 다양한 프로토타입 연구 및 분석","• 리얼타임 그래픽 엔진(Unity, Unreal 등), 미디어아트 프로그램(touch designer, processing, openframeworks 등)과 웹(JS,WebGL) 분야에 대한 지식
• 기업 및 국가 과제, 프로젝트 콘텐츠 개발에 대한 경험자","• 자율출근제 : 9시 ~ 11시, 일 8시간 근무 
• 근속 휴가비 지원 : 4년 8년 이상 장기근속자 대상, 해외여행 비용 지원 
• 리프레시 데이 : 근속 1년이상 대리급 대상, 3시간 조기퇴근 및 상품권 5만원권 지급 
• 팀 리프레시 여행 : 연간 1회, 1인 당 100만원 상당의 해외 여행 비용 지원 
• 직무수행에 필요한 컨퍼런스/교육/소프트웨어/도서구매비 지원 
• 운동 비용지원 : 월 1회 10만원 상당 (체력단련, 취미교육) 
• 사내 카페(electric sheep) 월 무료음료 쿠폰 및 전 음료 50% 할인 
• 야근 시 교통비/식비/야근비용 제공 
• 건강검진 시 추가검진 지원 
• 경조휴가 및 경조금 지원",없음,없음,서울시 마포구 양화로23길 36 더즈빌딩,3995,41,,인터 랙티브 전시 온라인 콘텐츠 다양하다 프로토타입 연구 분석
VR 엔지니어,https://www.wanted.co.kr/wd/99397,https://image.wanted.co.kr/optimize?src=https%3A%2F%2Fstatic.wanted.co.kr%2Fimages%2Fcompany%2F397%2F2tdkww0jvdcbcu5j__1080_790.jpg&w=1000&q=75,Computer Graphics 연구자 (병역특례),맥스트(MAXST),"• 메타버스 아바타 기술 개발
• 현실기반 XR 공간 재구성 기술 개발","• 아래 연구 중 한 가지 이상 경험하신 분
 - 아바타 관련 연구
 - 3D Reconstruction 관련 연구
 - 대용량 메쉬 렌더링 연구
 - 그 외 CG 연구","• C/C++ 숙련자
• 쉐이더 능통자","• 복지몰을 운영하고 있으며 매월 복지비 10만원을 지원합니다.
• 점심 식대를 100% 지원합니다. (법인카드 전원 지급)
• 간식바를 운영하며 음료와 다과를 무한 제공합니다.
• 생일날 축하금과 명절 선물을 제공합니다.
• 각종 경조금 및 경조사 휴가를 제공합니다.
• 매달 15일 추첨을 통해 100만원 상금과 당일 휴가 혜택을 드립니다.
• 아이디어에 대해 특허를 장려하고 업계 최고의 특허 보상금을 제공합니다.
• 3년/7년 근속시 포상금과 함께 리프레쉬 휴가가 제공됩니다.",없음,"강남구 남부순환로 351길 4, STAY77",5250,103,복지 몰다 매월 복지 점심 식대 카드 간식 바르다 음료 다과 무한 생일 축하 명절 선물 경조사 휴가 매달 추첨 상금 당일 휴가 혜택 아이디어 특허 장려 업계 최고 특허 보상금 상금 리프 레쉬 휴가,XR 메타 버스 아바타 현실 공간 구성
VR 엔지니어,https://www.wanted.co.kr/wd/80669,https://image.wanted.co.kr/optimize?src=https%3A%2F%2Fstatic.wanted.co.kr%2Fimages%2Fcompany%2F141%2Fcxwgexqxqtfeyxyy__1080_790.jpg&w=1000&q=75,테크니컬 아티스트 (TA),어반베이스(Urbanbase),"- Shader 개발 및 최적의 그래픽 효과를 위한 R&D
- 다양한 환경에서의 3D 그래픽스 및 컨텐츠 최적화 방법 제시","- 3D Graphics 관련 수학, 물리 지식 보유하신 분
- 3D 그래픽스 파이프라인의 이해와 활용능력이 있는 분
- GLSL, HLSL 등 고수준 Shader 제작 가능하신 분","- 테크니컬 아티스트 경력 2년 이상이신 분
- 3D 리소스 최적화 관련 지식 보유하신 분
- Shader 제작 및 상용화 경험이 있는 분
- 그래픽 최적화에 대한 높은 이해도","“어반베이스 일잘러의 일과 삶 모두를 응원합니다”

1. Work : 일에만 신경쓰게 해드릴께, 최고의 업무환경, 성장을 위한 지원
 - 일의 몰입과 성장
  * 자율 · 책임근무제 (월 기준 근무시간 자율결정 유연근무제)
  * 몰입을 위한 Focus Day (월 2회 원하는 곳에서 원격 근무)
  * 초과근무수당 지급
  * MacBook Pro, 그램 노트북, 듀얼모니터 제공
 - 성장을 위한 아낌없는 지원
  * 컨퍼런스 참가 및 교육비 지원
  * 13,000여개의 온라인 교육컨텐츠 수강 
  * 도서구입비 무제한 지원

2. Life : 잘쉬고, 잘놀고, 잘쓰는 어반베이스 life
 - 입사 첫날은 2시 출근! (유급 반차 제공)
 - 일은 밥심으로! 중식, 석식 지원
 - 안전한 귀가를 책임집니다. 야근교통비(택시비) 지원
 - 당신의 기쁨과 슬픔도 나누겠습니다. 경조사비, 경조휴가 지원
 - 열심히 일한 당신 떠나라! 프리미엄 리조트 지원
 - 휴가 지원금 제공
 - 직원건강은 어반베이스가 지킨다! 종합건강검진 제공
 - 장기근속 휴가 및 휴가비
 - 소중한 날은 여유롭게! 생일/결혼기념일 당일 유급휴가
 - 연말엔 충분한 휴식을! 연말 Refresh 휴가 운영

3. Culture : 함께하면 멀리 갈 수 있습니다
 - 나이나 직급 관계없이 모든 직원 '님' 호칭 및 존댓말 사용
 - 회사의 방향성과 의견을 공유하는 월간 '타운홀' 미팅 시행
 - 휴가 사용 시 눈치보는 직원이 더 이상한 회사,
 - 빌런 없는 근무 환경, 선한영향력을 지닌 동료들
 - 멜트in어반(신규 입사자 적응걱정 No No, 온보딩 제도)
 - 함께 밥먹고 소통하는, 월 1회 랜덤런치 제도
 - 놀때도 제대로 논다! 연 1회 팀별 플레이샵 지원
 - 회사 운영을 함께 토론하고 참여하는 ‘어반 자치단체’ 운영

어반베이스의 다양한 복지제도와 소통프로그램은 지금도 열심히 연구하고 기획되고 있습니다. : )


[어반베이스의 10가지 상식 - This is how we do it.]
1. 사회적 규범과 공동의 규칙을 준수합니다.
2. 생각과 감정은 자유롭게, 말과 행동, 결과에는 책임을 지는 사람들입니다.
3. 잘못된 일 일수록 빨리 보고합니다. 돌아가더라도 바른 길을 가는 것이 지름길입니다.
4. 일의 시작 전, 목적과 목표, 일의 책임자를 명확하게 기록하고 관련자들에게 전달합니다.
5. 자료는 쉽고 간결하게 정리하여 빠르게 공유합니다.
6. 문제는 발견한 사람이 해결자와 함께 해결합니다.
7. 침묵하지 않습니다. 모든 일에 반대 또는 찬성 그 외의 의견을 표시합니다.
8. 비교는 나의 과거와 하는 것이고, 경쟁은 나의 목표와 하는 것입니다.
9. 혼자 가면 빨리가지만, 함께 가면 멀리갑니다.
10. 일이 끝나면 내가 잘했던 것은 무엇인지 더 잘해야 할 것은 무엇인지 회고합니다.

[어반베이스 더 알아보기]
- 프롭테크의 선두주자 어반베이스 : ","Git
AngularJS
Pytorch
Tensorflow
VueJS
Unreal Engine
CSS
HTML
Java
JavaScript
PHP
Python
R
OOP
OpenCV
Unity3D
React Native",서울특별시 서초구 서초대로77길 17,4339,56,Work Focus Day MacBook Pro Life life Refresh Culture No No This is how do it 자르다 일과 응원 신경 최고 성장 몰입 성장 자율 책임 무제 기준 근무시간 자율 결정 유연근무제 몰입 원격 초과근무 수당 그램 노트북 듀얼모니터 성장 아낌없다 컨퍼런스 참가 교육비 여개 온라인 교육 컨텐츠 수강 도서 구입 무제한 쉬다 놀다 잘쓰다 첫날 유급 밥심 중식 석식 안전하다 귀가 책임지다 야근 교통비 택시 기쁨 슬픔 사비 조휴 프리미엄 리조트 휴가 원금 건강 지키다 종합 건강검진 장기 근속 휴가 휴가 소중하다 여유롭다 생일 결혼기념일 당일 유급 휴가 연말 충분하다 휴식 연말 휴가 멀리 나이 직급 호칭 존댓말 방향성 의견 공유 월간 타운 시행 휴가 눈치 이상하다 빌런 선하다 영향력 지니다 멜트 어반 신규 적응 걱정 온보딩 먹다 소통 랜덤 런치 놀때 놓다 팀별 플레이 토론 어반 자치 다양하다 복지 소통 연구 기획 가지 상식 사회 규범 공동 규칙 준수 감정 자유롭다 행동 책임 지다 들이다 빨리 돌아가다 바르다 지름길 시작 목적 목표 책임자 명확하다 기록 전달 자료 쉬다 간결하다 정리 빠르다 공유 문제 발견 해결 해결 침묵 반대 찬성 의견 표시 비교 과거 경쟁 목표 가면 빨리 가지 가면 멀리 끝나다 잘해야 회고 알아보다 프롭테크 선두 주자,Shader 최적 그래픽 효과 다양하다 그래픽스 컨텐츠 최적화 방법 제시
VR 엔지니어,https://www.wanted.co.kr/wd/105206,https://image.wanted.co.kr/optimize?src=https%3A%2F%2Fstatic.wanted.co.kr%2Fimages%2Fcompany%2F13927%2Fv0j9sfnmepcq43xn__1080_790.jpg&w=1000&q=75,애플리케이션&솔루션 개발자,알파서클,"[주요업무]
[어플리케이션] 안드로이드/iOS/유니티 앱 프론트엔드, 백엔드 개발
                        (C++, C#, Swift, Kotlin, React-Native, JS)
[솔루션] VR 영상플레이어 로컬/스트리밍/라이브를 위한 주요 알고리즘 개발 및 적용
             (Java, Go, C/C++)
[솔루션] VR 영상 내 그래픽 증강기술 개발 및 VR 영상플레이어 연동 알고리즘 개발
             (C/C++, Java)


[채용절차]
서류 - 전화인터뷰 – 과제테스트 - 최종면접","1. 자연계열, 공학계열
2. 적극적이고 예의바른 태도, 친화적 성격","1. 전기전자, 컴퓨터공학 전공자
2. 안드로이드/유니티 경험자
3. 웹 서비스 및 App Run on Cloud 경험자
4. 3D Rendering / Modelling 경험자","• 점심, 저녁 식대 제공 (저녁은 원하는 경우)
• 탄력근무제 운용 (11~16시 집중근무!)
• 업무 관련 서적 무한 지원
• 청년내일채움공제 기본 가입
• 명절, 생일, 기념일(입사1주년) 상품권 등 지급
• 입사 1년차 시 연차(11일) 선 적용 (월차 X)
• 경영성과급 운영 (비정기, 신규 매출 확보 등)","OpenGL
C#
Java
JavaScript
Kotlin
Node.js
Swift
Go
C++
React Native","경기도 성남시 분당구 판교로289번길 20, 판교스타트업캠퍼스 2동 5층",4132,9,점심 저녁 식대 저녁 탄력 무제 집중 서적 무한 청년 내일 채우다 공제 가입 명절 생일 기념일 주년 상품권 년차 연차 적용 월차 경영 성과급 정기 신규 매출 확보,iOS Swift Kotlin React Native JS VR Java Go VR VR Java 어플리케이션 안드로이드 유니티 프론트엔드 백엔드 솔루션 영상 플레이어 로컬 스트리밍 라이브 주요 알고리즘 적용 솔루션 영상 그래픽 증강 영상 플레이어 연동 알고리즘 전화 과제 테스트
VR 엔지니어,https://www.wanted.co.kr/wd/5780,https://image.wanted.co.kr/optimize?src=https%3A%2F%2Fstatic.wanted.co.kr%2Fimages%2Fcompany%2F667%2Fmfecpvb81hh1kovn__1080_790.jpg&w=1000&q=75,엔진/클라이언트 개발(Unreal Engine),올림플래닛(OLIM PLANET),"▷ 올림 엔진크루는 이런 기술 스택을 사용하고 있습니다!
- Language : C++, javascript
- Tool : Visual Studio, Unreal Engine 4.x
- VCS: Git

▷ 올림 엔진크루는 이런 개발 문화 속에 함께 하고 있습니다!
- Github PR을 통한 code review
- Daily scrum
- service 배포 후 post mortem
- 신기술 PoC


[이런 일을 함께 해요!]

• 실시간 그래픽 기술의 연구 개발
• 상용 3D 렌더링 엔진 기능 확장을 위한 플러그인 개발
   1. 3D 리얼타임 콘텐츠 서비스를 위한 플랫폼 구축
   2. 3D 리얼타임 콘텐츠 가공, 추출하여 웹에서 표현 가능한 형태로 컨버팅
• 3D 리얼타임 콘텐츠 제작 자동화 및 최적화를 위한 R&D","[이런 분을 찾고 있어요!]

• Unreal Engine이나 Unity 등 상용 게임엔진 사용 경험이 있는 분
• DirectX, OpenGL 등 그래픽스 라이브러리 활용 경험이 있는 분
• 실시간 렌더링(최적화, 라이팅)에 대한 이해가 있는 분
• 컴퓨터 과학에 대한 기본적인 이해가 있는 분
• Visual Studio 개발 환경을 능숙하게 사용할 수 있는 분
• Git을 이용한 협업 경험이 있는 분
• 상용엔진 분석 및 구현, 활용에 능숙한 분


★사전 인터뷰
[지원자님의 생각을 자유롭게 담아 지원 서류와 함께 제출해 주세요!]
1. 지원자님이 파악하고 있는 올림플래닛은 어떤 기업인가요?
2. 지원자님이 올림크루로서 함께 하고 싶은 이유와 꿈꾸는 미래는 무엇인가요?

※ 사전 인터뷰 제출 누락 시, 정상적인 서류 접수 처리가 되지 않을 수 있음을 유의 바랍니다.","[이런 분이라면 좋겠어요!]

• 개발부터 배포, 운영까지 진행한 경험이 있는 분
• Open Source Contribution 경험이 있는 분
• 새로운 개발 환경에 거부감이 없는 분
• 비효율적인 작업 환경에 대한 개선 의지가 있는 분
• 엔진 개발에 필요한 수학, 물리 지식이 있는 분
• 3D게임 개발 경험이 있는 분


★아래 항목을 함께 제출하시면 더 상세한 검토 및 피드백을 드릴 수 있습니다!
    - 공개 가능한 github / jsfiddle / StackOverflow 계정 및 유사 서비스 계정
    - 오픈소스 프로젝트 링크 및 설명
    - 개발 또는 개발에 기여한 공개된 웹페이지, 관련 산출물이 정리된 포트폴리오 등","♥ 오직 올림크루만을 위해 준비한 Benefit

1. 업무 몰입
   ⓐ 계절, 날씨 걱정 없는 삼성역 최고급 오피스 환경 구축
   ⓑ 최고 사양의 PC 및 노트북 등 IT 장비 지급
   ⓒ 중식 지원 및 커피 머신, 음료 제공
   ⓓ 하계 휴가 3일, 연말 휴가(12/24) 추가 부여
   ⓔ 장기 근속 휴가 및 여행비 지원(3년/5년/7년/10년)

2. 자기 발전
   ⓐ 업무 관련 도서 및 세미나, 컨퍼런스 참가비 지원
   ⓑ 직무 관련 자격증 취득 지원

3. 생활 안정
   ⓐ 주택 구입 관련 대출 이자 지원
   ⓑ 양육 수당 및 자녀 학자금 지원

4. 건강 및 가족 케어
   ⓐ 전문 검진기관을 통한 연 1회 종합건강검진 실시(본인, 배우자, 양가 부모님)
   ⓑ 생일 휴가(본인, 배우자, 자녀) 부여
   ⓒ 행복한 휴가를 위한 사계절 휴양소 운영
   ⓓ 명절 선물 및 상조 물품 등 각종 경조사 관련 비용, 휴가 지원","VueJS
Java
JavaScript
Golang
React.js","서울 강남구 테헤란로 521, 파르나스타워 7층",3793,71,Benefit PC 올리다 크루 준비 몰입 계절 날씨 걱정 삼성역 최고급 오피스 구축 최고 사양 노트북 장비 중식 커피 머신 음료 휴가 연말 휴가 추가 장기 근속 휴가 여행 발전 도서 세미나 컨퍼런스 참가 직무 자격증 취득 생활 안정 주택 구입 대출 이자 양육 수당 자녀 학자금 건강 가족 케어 전문 검진 기관 종합 건강검진 실시 배우자 양가 부모님 생일 휴가 배우자 자녀 행복하다 휴가 사계절 휴양 명절 선물 상조 물품 경조사 비용 휴가,Language Tool Visual Studio Unreal Engine VCS Git Github PR code review Daily scrum service post mortem PoC 올리다 엔진 크루 스택 올리다 엔진 크루 배포 실시간 그래픽 연구 상용 렌더링 엔진 확장 플러그인 리얼타임 콘텐츠 플랫폼 구축 리얼타임 콘텐츠 가공 추출 표현 형태 버팅 리얼타임 콘텐츠 제작 자동화 최적화
VR 엔지니어,https://www.wanted.co.kr/wd/108110,https://image.wanted.co.kr/optimize?src=https%3A%2F%2Fstatic.wanted.co.kr%2Fimages%2Fcompany%2F11298%2Fensbpryxsf22or3x__1080_790.jpeg&w=1000&q=75,게임서버 개발자,뉴베이스,"• 의료 시뮬레이션 게임 개발 총괄
• 멀티플레이 네트워크 프로그래밍
• AWS 기반 개발환경 구축
• 기술개발팀 코드 리뷰","• 게임서버 및 Unity3D 개발 경력 10년 이상
• 게임 서비스의 구조에 대한 이해도
• Unity3D 모바일 게임 또는 VR 프로젝트 경험
• 개발 시작부터 라이브 운영 경험
• 명확한 피드백과 원활한 커뮤니케이션
• AWS 경험자
• Git을 통한 협업
• 원격근무 환경에서도 성과를 낼 수 있는 분","• C# 프로그래밍에 대한 이해도
• 스타트업에 대한 이해도가 있으신 분
• 일을 능동적으로 하시는 분","• 재택근무 가능 

• 정규직인 경우, 스톡옵션 및 상여금 지급

• 개인법인카드 제공 

• 업무에 필요한 노트북, 모니터 등 장비 제공 

• 생일휴가 

• 자유로운 연차 사용 

• 탄력근무제도 (오전 8시~10시 중 출근시간 선택 가능)","JIRA
Slack
Google Analytics
Figma
Notion",강남구 봉은사로 37길 37 리고빌딩 5층,3635,28,재택근무 스톡옵션 상여금 개인 카드 노트북 모니터 장비 생일 휴가 자유롭다 연차 탄력 오전 출근시간,AWS 의료 시뮬레이션 게임 멀티플레이 네트워크 프로그래밍 구축 코드 리뷰
VR 엔지니어,https://www.wanted.co.kr/wd/99388,https://image.wanted.co.kr/optimize?src=https%3A%2F%2Fstatic.wanted.co.kr%2Fimages%2Fcompany%2F9900%2F7ayrouesdrr3tcmi__1080_790.jpg&w=1000&q=75,SW 엔지니어/3D테크,카펜스트리트(에이콘3D),"자사 베타 서비스인 ‘에이블러(창작 전용 3D 모델 편집 툴)’ 관련 아래 업무들
• 콘텐츠 창작 방식을 리드할 수 있는, 3D와 관련된 다양한 연구 및 제품 개발 진행
• Unreal Engine, Unity, Blender등 각종 3D 엔진중 우선도에 따라 이를 기반으로 한 자사의 플러그인 및 어플리케이션 개발
• 회사 내 다양한 팀과 협업하여 서비스 런칭 후, 유저 피드백을 반영하여 서비스 유지보수","• 컴퓨터 공학, 그래픽스 관련 전공 학위를 보유하시거나, 유사한 분야의 교육과정을 이수하신 분
• C++/C# 또는 파이썬을 이용하여 원활하게 개발이 가능하신 분
• Git / Github 기반의 협업에 익숙하신 분
• 실패를 두려워하지 않고, 끊임없이 여러 시도를 하며 창의적인 문제해결을 좋아하시는 분
• 새로운 기술들을 사용하는 것에 관심이 많고, 자기개발을 좋아하시는 분","• 게임, CG업계에 대한 관심이 있으시거나 OpenGL활용 경험이 있으신 분
• Unreal Engine, Unity를 사용하여 규모와 관계없이 프로젝트 개발을 진행해보신 분
• 3년 이상 실무경험이 있으신 분
• 스타트업 및 IT 업계에서 서비스와 함께 해보셨거나 관심이 있으신 분
• 웹툰이나 게임 등 콘텐츠를 즐기시는 분","• 뷰가 좋고, 쾌적한 위워크 삼성2호점 공유 오피스 근무 (삼성역 1분 거리)
• 자율 원격 근무
• 식대 월 40만 원 (개인 법인카드 지급)
• PC/노트북, 모니터, 노트북 거치대 등 필요한 사무용품 신청 시 제공
• 업무에 필요한 도서, 교육, 세미나 지원
• 내년 휴가 당겨 쓰기 가능
• 시간 단위로 휴가 사용 가능
• 격주 금요일마다 카펜 랜덤 런치 (랜덤 4인과 점심 먹기) 점심 식대 12,000원
• 월 팀 회식비 인당 3만원 (분기 내 합치기 가능)
• 명절 선물
• Slack, Notion, Google 활용을 통한 효율적 업무 커뮤니케이션","Git
Azure
GraphQL
TypeScript",강남구 테헤란로 518 위워크 삼성2호점,3982,42,PC Slack Notion Google 좋다 쾌적하다 위워 크다 삼성 호점 공유 오피스 삼성역 거리 자율 원격 식대 개인 카드 노트북 모니터 노트북 거치 사무 용품 신청 도서 교육 세미나 휴가 당기다 쓰기 단위 휴가 격주 금요일 카펜 랜덤 런치 랜덤 인과 점심 먹기 점심 식대 회식비 분기 합치기 명절 선물 효율 커뮤니케이션,Unreal Engine Unity Blender 자사 베타 에이 블러 창작 전용 모델 편집 콘텐츠 창작 방식 리드 오다 다양하다 연구 엔진 자사 플러그인 어플리케이션 다양하다 협업 런칭 유저 피드백 반영 유지 보수
VR 엔지니어,https://www.wanted.co.kr/wd/119084,https://image.wanted.co.kr/optimize?src=https%3A%2F%2Fstatic.wanted.co.kr%2Fimages%2Fcompany%2F2930%2Fo2xppt04bh9epgsx__1080_790.jpg&w=1000&q=75,언리얼 엔진 개발자,포지큐브(POSICUBE),"- 언리얼 엔진을 활용한 콘텐츠 앱 개발
- 언리얼 엔진을 활용한 영상 기술 개발","- 3년 이상의 언리얼 엔진 개발 경험
- C++ 또는 Blueprint를 활용한 언리얼 엔진 개발 기술
- Socket/REST API 기반의 네트워크 프로그래밍 개발 기술
- 언리얼 엔진 리얼타임 오퍼레이션, 카메라 트래킹 및 크로마키 합성 기술
- 클라우드 환경에 대한 이해","- C++/자료구조/알고리즘 이해도가 높은 분
- 가상 프로덕션 경험이 있거나 이해도가 높은 분
- 실시간 컨텐츠 경험이 있는 분
- 언리얼 엔진으로 게임, VR/AR, 앱 등을 출시한 경험이 있는 분","[근무환경]
• 근무형태 : 정규직 (수습기간 3개월)
• 근무시간 : 주5일 (월~금)
• 근무지역 : 강남구 역삼동 포지큐브 본사

[혜택 및 복지]
• 저녁에 업무가 잘되는 당신, 선택적 자율출퇴근제
• 오늘은 혼자 있고 싶어요, 재택근무 가능
• 몸이 건강해야 마음이 건강하다! 매년 제공되는 건강검진
• 당신의 개성을 존중합니다. 개인별 맞춤 장비 제공
• 먹고 일하는 직원이 행복하다! 화수분처럼 쏟아지는 간식bar
• 근무시간에 탁구 경기 가능! 탁구대, 플스 구비
• 합법적 비상금 충당 가능! 매월 급여 외 식대 제공(비상금 충당 가능)
• 서로 윈윈하자! 자기계발비, 교육훈련비, 도서지원
• 160평 2개층 규모의 사무실과 카페테리아
• 스톡옵션, 퇴직연금, 성과급 제도 운영
(더 많은 복리후생을 제공하기 위해 HR팀 열일중입니다!)","Django
Flask
Java
JavaScript
TypeScript
AWS
Cisco
API
스위치
라우터
Docker
Juniper
NodeJS
Axure
Stateflow","서울특별시 강남구 역삼1동 823-30 라인빌딩 11층, 12층",4689,71,bar HR 형태 수습 기간 근무시간 지역 강남구 역삼동 포지 큐브 혜택 복지 저녁 자율 싶다 재택근무 건강하다 마음 건강하다 매년 건강검진 개성 존중 개인 맞춤 장비 먹다 행복하다 화수분 쏟아지다 간식 근무시간 탁구 경기 탁구 플스 구비 합법 비상 충당 매월 식대 비상 충당 서로 윈윈 자기계발 교육 훈련 도서 개층 규모 카페테리아 스톡옵션 퇴직 연금 성과급 많다 복리 후생,리얼 엔진 콘텐츠 리얼 엔진 영상
VR 엔지니어,https://www.wanted.co.kr/wd/117928,https://image.wanted.co.kr/optimize?src=https%3A%2F%2Fstatic.wanted.co.kr%2Fimages%2Fcompany%2F26800%2Fmbpqjwww8uqbpdjf__1080_790.jpg&w=1000&q=75,3D CAD 및 관련 알고리즘 개발,큐브세븐틴,"• 디지털 치과 솔루션을 위한 3D 치아 CAD 개발
• 3D CAD 를 위한 알고리즘 개발",• 유니티 엔진 사용 경력자,• 3D CAD 알고리즘 개발 가능,"• 중식 실비 제공
• 4대보험
• 퇴직연금
• 경조사비 지원
• 명절선물
• 연차휴가
• (청년)재직자 내일채움공제 
• 종합건강검진 연1회(대기업 40세 이상 근로자 검진항목 기준 이상)
• 가족 건강검진비 지원",C#,"서울시 강남구 도곡로 133, 4층( 역삼동, 정호빌딩)",없음,없음,중식 실비 보험 퇴직 연금 사비 명절 선물 연차 휴가 청년 재직 내일 채우다 공제 종합 건강검진 대기업 근로자 검진 항목 기준 가족 건강검진,CAD CAD 디지털 치과 솔루션 치아 알고리즘
VR 엔지니어,https://www.wanted.co.kr/wd/41140,https://image.wanted.co.kr/optimize?src=https%3A%2F%2Fstatic.wanted.co.kr%2Fimages%2Fcompany%2F833%2F6dj5tdriwpwxqepm__1080_790.jpg&w=1000&q=75,[CLO-SET] 웹 그래픽스 개발자 (3D Viewer),클로버추얼패션(CLOVirtualFashion),"• 3D 의상과 아바타를 웹 기반 Realtime PBR을 가능케 하는 엔진을 개발합니다.
• 패션 업체들의 커뮤니케이션과 워크 플로우를 개선하는 다양한 도구를 제공하며 지속적인 커뮤니케이션을 통해 제품을 개선합니다. 
• CLO-SET 서비스의 Front-end/Back-end 개발자, CLO3D 그래픽스 개발자들과 주로 협업합니다.","• (경력) 컴퓨터 그래픽스 관련 개발 경험이 있으신 분이나 게임 엔진을 능숙하게 다루시는 분
• (신입) 컴퓨터 그래픽스와 관련된 프로젝트, 과제, 또는 수업에 즐겁게 참여한 경험이 있는 분
• Front-end/Back-end Developer, UX Designer 및 Product Manager 등 다양한 직군과의 원활한 협업 능력이 있는 분
• 어려운 문제를 해결하거나 새로운 기술을 다루는데 흥미가 있는 분
• 자기 주도적으로 개발하며 스스로 동기 부여할 수 있는 분","• 컴퓨터 그래픽스 관련 학위 소지자 또는 논문 출판 경험
• WebGL, OpenGL, Vulkan, Metal 등을 활용하여 개발해 본 경험
• 웹 프레임워크(React, AngularJS, Vue.js 등) 기술 사용 경험
• TDD 경험
• 빌드/배포/테스트 자동화 및 CI 구축 경험
• 영문 자료를 참고하고 해외 커뮤니티에서 소통하며 문제를 해결할 수 있는 영어실력

[사용 중인 기술과 도구]
Typescript, three.js, RxJS를 사용하고 있습니다. 아래는 현재 사용 중인 기술과 도구 목록이며, 새로운 기술들도 팀원들과의 토론을 통해 도입할 수 있습니다.
• Typescript, three.js, Draco3D, RxJS, node.js, WebAssembly
• AWS, git, jira (with confluence), slack, WebStorm","• 개인장비: 듀얼 모니터와 데스크탑/랩탑 혹은 MacBook/iMac (2~3년마다 업그레이드)
• 자기계발: 자기계발 및 체력단련 비용, 도서 구입비, 최신 툴, 동아리 지원금
• 식사, 간식: 중식 제공, 고급 커피 제공, 간식
• 연차, 휴가: 경조사 휴가, 건강검진 휴가, 법정 연차휴가, Year-end Holiday (12/25~1/1) 
• 근무 형태: 유연 근무제, AM 07 ~ 10 to PM 04 ~ 07
• 보험, 의료: 대형 병원 건강검진, 경조사비, 4대 보험
• 기타: 웰트리 복리후생(복지포인트, 명절 선물)


[Culture]

▶Flexible Work Schedule “우리 모두의 Working Time은 다 달라요.”
• 오전 7시 ~ 10시 내에 자유롭게 출근을 하는 문화를 갖고 있어요. 개인과 팀마다 업무에 집중할 수 있는 시간대는 다르므로, 자유롭게 출퇴근을 하고 있어요.
• 더불어, CLOver는 다양한 time zone에서 일을 하고 있어요. 만약 시차로 인해 밤에 미팅이 있다면, 다음 날은 늦게 출근을 하거나 일찍 퇴근을 하며 업무 시간을 자유롭게 조율해요.

▶Over Communication “항상 active하게 소통하고 공유해요.”
• 전세계 CLOver들과 Slack으로 업무를 공유하고 소통하고 있어요. 최대한 모든 Slack의 Channel은 공개적으로 운영하고 있기 때문에, 관심이 있거나 궁금한 Project가 논의되고 있는 Channel에 언제든지 참여할 수 있어요.
• 분기마다 모든 팀이 시도했던 업무와 성과, lesson learned을 공유하고 있어요. CLOver들은 전 세계에 있기때문에, 영상을 통해 공유를 하고 있어요. 
• Non hierarchy를 지향해요. 직급/직위로 소통하는 것이 아닌 각자의 영어 이름으로 소통을 하고 있고, 누구나 아이디어와 의견을 자유롭게 제시할 수 있어요.

▶No Limitation “CLO에서는 무엇이든 가능해요”
• CLO에서는 여러가지 시도와 도전을 해보는 것을 무한 응원해요. 그동안 해보지 않았던 일들을 CLO에서는 마음껏 재미있게 시도해볼 수 있어요.

▶Refresh “누구에게나 재충전과 휴식은 필요해요.”
• 휴가를 내실 때에 별도의 승인 절차가 없어요. 사전에 팀원들과 일정을 공유 및 조율하신다면, 언제든지 자유롭게 휴가를 사용할 수 있어요.
• 잠시 복잡한 서울을 떠나, 제주도 오피스에서 한 달동안 근무를 하실 수 있어요. 일명 ""제주 한 달 살기""에 나서실 때 가족끼리 머무시기에 부족함 없는 사택과 왕복 항공권 또한 지원해 드려요.
• 물론 제주도로 개인 휴가를 떠나실 때에도, 사택을 이용하실 수도 있어요.


[Benefits and Perks]

▶Keep growing “자기계발비와 업무에 필요한 리소스를 아낌없이 지원해드려요.”
CLO는 CLOver의 성장을 무한 응원해요. 직무 관련한 학습을 위한 자기계발비를 지원 드리고 있어요. 이 외에도, 업무에 필요한 tool도 최대한 아낌없이 지원해드리고 있어요.

▶Healthier Life “건강이 가장 중요해요.”
일도 중요하지만, 건강이 가장 중요해요. 매년 건강검진을 지원해드리고 있으며, 건강검진을 다녀오신 날에는 휴가(1day)를 드리고 있어요.

▶Meals & Snack “밥은 항상 잘 챙겨 먹어야 해요.”
아침 샐러드바, 점심 식사 및 간식비를 지원해드리고 있어요. 물론, 불가피하게 야근을 하게 되셨을 경우 저녁 식대 역시 당연히 지원해드리고 있어요.

클로버추얼패션 사내 활동 영상: ","Azure
Java
AWS
GCP
Spring Boot",서울 강남구 도산대로8길 17-4,4810,145,MacBook iMac Year end Holiday AM PM Culture Flexible Work Schedule Working Time CLOver time zone Over active CLOver Slack Slack Channel Project Channel lesson learned CLOver Non hierarchy No CLO CLO CLO Refresh Benefits Perks Keep growing CLO CLOver tool Healthier Life day Meals Snack 개인 장비 듀얼 모니터 데스크탑 랩탑 업그레이드 자기계발 자기계발 체력 달다 비용 도서 구입 최신 동아리 원금 식사 간식 중식 고급 커피 간식 연차 휴가 경조사 휴가 건강검진 휴가 법정 연차 휴가 형태 유연 무제 보험 의료 대형 병원 건강검진 사비 보험 트리 복리 후생 복지 포인트 명절 선물 달라 오전 자유롭다 갖다 개인 집중 시간대 다르다 자유롭다 더불다 늘다 다양하다 인하다 늦다 거나 일찍 자유롭다 조율 항상 소통 공유 전세계 들다 공유 소통 최대한 공개 관심 궁금하다 논의 분기 시도 성과 공유 들다 세계 영상 공유 지향 직급 직위 소통 영어 이름 소통 아이디어 의견 자유롭다 제시 여러가지 시도 도전 해보다 무한 응원 해보다 마음껏 재미있다 시도 해보다 충전 휴식 휴가 별도 승인 사전 팀원 일정 공유 조율 자유롭다 휴가 복잡하다 서울 제주도 오피스 달동 일명 제주 살기 나서다 가족 끼리 머물다 부족함 사택 왕복 항공권 제주도 개인 휴가 사택 이용 수도 자기계발 리소스 아낌없이 늘다 성장 무한 응원 직무 학습 자기계발 최대한 아낌없이 건강 중요하다 일도 중요하다 건강 중요하다 매년 건강검진 건강검진 다녀오다 휴가 항상 자다 챙기다 먹다 아침 샐러드 점심 식사 간식 불가피하다 야근 저녁 식대 당연하다 클로버 추얼 패션 영상,Realtime PBR CLO SET Front end Back end CLO 의상 아바타 엔진 패션 업체 커뮤니케이션 크다 플로우 개선 다양하다 도구 지속 커뮤니케이션 개선 개발자 그래픽스 개발자 주로 협업
BI 엔지니어,https://www.wanted.co.kr/wd/115747,https://image.wanted.co.kr/optimize?src=https%3A%2F%2Fstatic.wanted.co.kr%2Fimages%2Fcompany%2F23372%2Fhbkita25x1h8ifb7__1080_790.jpg&w=1000&q=75,[이랜드그룹] BI 시스템 운영 및 개발,이랜드이노플,"⊙ BI 시스템 운영 및 개발          
⊙ 데이터 설계/ 모델링 구축          
⊙ 데이터 시각화 개발 및 서비스 지원","⊙ Power BI, Tableau, BI-Matrix 구축 및 운영 경력 2년 이상          
⊙ Web 서비스 운영 및 개발 경험           
⊙ 데이터 시각화 관심 있는 분","⊙ SAP BW 서비스 운영 및 개발          
⊙ 오픈소스를 이용한 데이터 시각화 레포트 운영 및 개발","• 시차출퇴근제 운영 (출근시간 자율선택) 
• 이랜드그룹 계열사 할인 제공
• 직원 경조사비용 지원
• 단체 상해보험
• 사내라운지 카페 무제한 이용
• 생일 반일휴가(오전 근무 후 퇴근)
• 학부모 특별 휴가(자녀 입학,졸업식, 운동회 사용가능)","SAP
ABAP
SAP SD","서울특별시 금천구 가산디지털1로 88 IT프리미어타워 17,18층",5139,185,출근시간 자율 이랜드 열사 할인 경조사 비용 상해 보험 라운지 카페 무제한 이용 생일 휴가 오전 학부모 특별 휴가 자녀 입학 졸업식 운동회,BI 시스템 데이터 설계 모델링 구축 데이터
VR 엔지니어,https://www.wanted.co.kr/wd/105593,https://image.wanted.co.kr/optimize?src=https%3A%2F%2Fstatic.wanted.co.kr%2Fimages%2Fcompany%2F7175%2Fuux8mtqqsx7mrmcq__1080_790.jpg&w=1000&q=75,XR 개발자(Unity/Unreal),나모웹비즈,"• 교육용 VR 컨텐츠 개발
• VR 기반 Data 연계 관제 시스템 개발
• CFD/FDS data 기반 시뮬레이터 개발
• 개발 결과물의 주요 시장 및 기술 분야
 - 스마트팜
 - XR 교육 시스템
 - 디지털트윈","필수 사항
• Unity3D/Unreal 개발 경력 2년 이상이신 분
• 게임/가상현실 프로젝트 경험자
• C, C++, C#, Python 가능자","• 3D Max / MAYA 프로그램에 대한 이해가 가능한 분
• 영어 가능하신 분","‘나모웹비즈’ 구성원의 Life & Benefit

• 시차출퇴근제 - 자유로운 출퇴근으로 업무의 효율을 상승시켜요.
• 자유로운 연차/반차 - 재충전 시간을 위해 복잡한 결재라인 없이 휴가를 사용해요.
• Manager/Master 님 - 상호 존중하는 수평문화와 함께 해요.
• 자유로운 복장 - 편안한 환경에서 능력을 발휘해요.
• 출·퇴근 교통비 - 원거리 구성원들의 출·퇴근 부담을 덜어드려요.
• 생일 축하 & 명절 선물 - 구성원들의 좋은 날 축하해 주고 싶어요.
• 도서 & 교육비 - 업무 역량 향상을 위해 노력하는 구성원을 언제나 응원해요.
• 회식 및 동호회비 - 원활한 협업을 위해 필요한 활동을 서포트 해요.","Github
Android
MySQL
Java
JavaScript
AWS
Spring Framework",송파구 법원로11길 7 현대지식산업센터 C동 905호,4067,23,Life Benefit Manager Master 웹비즈 자유롭다 효율 자유롭다 연차 충전 복잡하다 결재 라인 휴가 상호 존중 평문 자유롭다 복장 편안하다 능력 발휘 교통비 원거리 부담 덜다 생일 축하 명절 선물 좋다 축하 주다 싶다 도서 교육비 역량 향상 노력 언제나 응원 회식 동호 회비 원활하다 협업 포트,VR VR Data CFD FDS data XR 교육 컨텐츠 관제 시스템 시뮬레이터 결과물 주요 시장 분야 스마트 파다 교육 시스템 디지털 트윈
BI 엔지니어,https://www.wanted.co.kr/wd/110409,https://image.wanted.co.kr/optimize?src=https%3A%2F%2Fstatic.wanted.co.kr%2Fimages%2Fcompany%2F110%2F7008_2_1.__1080_790.jpg&w=1000&q=75,[네오위즈] DW/BI 엔지니어,네오위즈,"• Business 의사결정을 위한 Data Mart 설계/구축/운영
• 게임 서비스 성과 지표, 고객 활동 지표 설계/구축/운영/지표발굴
• 게임서비스와 분석DW 데이터 연동 Flow 구축/운영
• DW 운영 고도화/모니터링/자동화","[필수요건]

• 관련 업무 경력 3년 이상
• SQL 언어 사용에 능숙하신 분
• Linux환경에서 작업 가능하신 분
• DM/BI 구축 및 운영 경험이 있으신 분

[필수역량]

• 진취적이고 협력적인 마인드로 결과를 함께 만들어가실 분
• 활발한 소통 및 토론을 통한 의사결정이 가능하신 분
• 업무 History 및 노하우를 기록하고 이를 공유할 수 있는 분
• 도전과 변화에 유연하게 대응하며 빠르게 적응할 수 있는 분
• 안주하지 않고 끊임없이 성장/발전하고자 하는 자세를 갖추신 분
• 본인의 경험보다 데이터에 의한 판단 및 의사결정을 할 수 있는 분
• 데이터를 단순 수치의 등락보다 그 너머의 유저의 행동 심리를 이해하려고 하는 분
• 조직의 방향성과 목표에 공감하여 공헌할 수 있는 분","• 게임업계 경험이나 게임 도메인에 대한 이해도가 있으신 분
• Cloud환경(AWS, GCP)에서 DW 운영 경험이 있으신 분
• 쿼리 성능 튜닝 계획 수립 및 가이드가 가능하신 분
• Business 이해도를 바탕으로 DM 설계 및 BI 기획 경험이 있으신 분
• ETL에 대한 이해와 Tool사용 경험이 있으신 분(Informatica)
• 데이터 품질 모니터링/관리 경험이 있으신 분
• 수학적/통계적 지식을 보유하신 분","• 사내 카페테리아
• 본인 혹은 가족 기념일 휴가
• 장기근속 리프레시 휴가
• 사내 심리 상담가 상주
• 사내대출
• 자기개발 비용지원","MongoDB
MySQL
NoSQL
RDBMS",성남시 분당구 대왕판교로 645번길 14,7269,956,카페테리아 가족 기념일 휴가 장기 근속 리프 레시 휴가 심리 상담 상주 대출 자기개발 비용,Business Data Mart DW Flow DW 의사결정 설계 구축 게임 성과 지표 지표 설계 구축 지표 발굴 게임 분석 데이터 연동 구축 고도화 모니터링 자동화
VR 엔지니어,https://www.wanted.co.kr/wd/78768,https://image.wanted.co.kr/optimize?src=https%3A%2F%2Fstatic.wanted.co.kr%2Fimages%2Fcompany%2F24433%2F5si5ioozctfifykp__1080_790.jpg&w=1000&q=75,Robotics 엔지니어,모션투에이아이코리아,"- 물류창고내의 동적 관제를 위한 다양한 어플리케이션 개발
- 센서 융합 알고리즘 개발
- 임베디드 리눅스 기반 알고리즘 개발
- Test code 작성 및 코드 유지 보수","- 이학/공학 분야 학사 이상 소지자
- C/C++ 언어 개발 능숙
- 리눅스 환경 개발 경험","- 스타트업 유 경험
- 이학/공학 분야 석사 이상 소지자
- Test code 작성 경험
- 임베디드 리눅스 기반 어플리케이션 경험
- Arm 프로세서 기반 최적화 경험 보유","급여
- 신입 : 4,000만원
- 경력 : 협의

복리후생
- 중식비 지원
- 무제한 스낵바 운영
- 사내 도서관 운영
- 매년 정기 건강검진 지원(30만원 상당)

업무환경 
- 입사 시 개별 업무 장비 지원
- 허리 건강을 위한 전좌석 모션데스크 제공
- 안마의자 휴식공간 제공
- 프라이빗 폰부스 제공

자기계발비 지원(연간 100만원)
- 도서 구매 지원
- 체력단련 비용 지원
- 온라인 강의 비용 지원

근무시간
- 기본 근무 시간 주5일
- 유연 근무제 시행
- 일부 재택근무 가능

조직문화
- 수평적인 ‘님’ 호칭 제도
- 편안한 자율 복장
- 자유로운 연차 사용
- 생일자 조기 퇴근
- 전제 회식, 팀 회식비, 동호회 비용 지원

스톡옵션
- Motion2AI는 임직원에게 스톡옵션을 제공합니다.","C
C++","서울시 금천구 디지털로10길 78, 가산테라타워 3층 322호",없음,없음,Motion AI 신입 경력 복리 후생 식비 무제한 스낵바 도서관 매년 정기 건강검진 상당 개별 장비 허리 건강 좌석 모션 데스크 안마 의자 휴식 공간 프라이 폰부스 자기계발 연간 도서 구매 체력 달다 비용 온라인 강의 비용 근무시간 유연 무제 시행 일부 재택근무 수평 호칭 편안하다 자율 복장 자유롭다 연차 생일 조기 전제 회식 회식비 동호회 비용 스톡옵션 늘다 스톡옵션,Test code 물류 창고 내의 관제 다양하다 어플리케이션 센서 융합 알고리즘 임베디드 리눅스 알고리즘 작성 코드 유지 보수
VR 엔지니어,https://www.wanted.co.kr/wd/104791,https://image.wanted.co.kr/optimize?src=https%3A%2F%2Fstatic.wanted.co.kr%2Fimages%2Fcompany%2F24433%2F5si5ioozctfifykp__1080_790.jpg&w=1000&q=75,SLAM 엔지니어,모션투에이아이코리아,"- 물류창고내의 동적 관제를 위한 SLAM 알고리즘 개발
- 다양한 센서 퓨전을 통한 위치 추정 알고리즘 개발
- 센서 융합 알고리즘 개발
- 임베디드 리눅스 기반 알고리즘 개발
- Test code 작성 및 코드 유지 보수","- 이학/공학 분야 학사 이상 소지자
- C/C++ 언어 개발 능숙
- Computer vision/ Image processing 에 대한 이해","- 스타트업 유 경험
- 이학/공학 분야 석사 이상 소지자
- SLAM 기본 지식 보유
- Visual SLAM, Mapping, Localization 실무 경험
- Computer vision, SFM, MVG 등 3D vision 알고리즘에 대한 이해
- Test code 작성 경험
- 임베디드 리눅스 기반 어플리케이션 경험","급여
- 신입 : 4,000만원
- 경력 : 협의

복리후생
- 중식비 지원
- 무제한 스낵바 운영
- 사내 도서관 운영
- 매년 정기 건강검진 지원(30만원 상당)

업무환경 
- 입사 시 개별 업무 장비 지원
- 허리 건강을 위한 전좌석 모션데스크 제공
- 안마의자 휴식공간 제공
- 프라이빗 폰부스 제공

자기계발비 지원(연간 100만원)
- 도서 구매 지원
- 체력단련 비용 지원
- 온라인 강의 비용 지원

근무시간
- 기본 근무 시간 주5일
- 유연 근무제 시행
- 일부 재택근무 가능

조직문화
- 수평적인 ‘님’ 호칭 제도
- 편안한 자율 복장
- 자유로운 연차 사용
- 생일자 조기 퇴근
- 전제 회식, 팀 회식비, 동호회 비용 지원

스톡옵션
- Motion2AI는 임직원에게 스톡옵션을 제공합니다.","C
C++","서울시 금천구 디지털로10길 78, 가산테라타워 3층 322호",4806,20,Motion AI 신입 경력 복리 후생 식비 무제한 스낵바 도서관 매년 정기 건강검진 상당 개별 장비 허리 건강 좌석 모션 데스크 안마 의자 휴식 공간 프라이 폰부스 자기계발 연간 도서 구매 체력 달다 비용 온라인 강의 비용 근무시간 유연 무제 시행 일부 재택근무 수평 호칭 편안하다 자율 복장 자유롭다 연차 생일 조기 전제 회식 회식비 동호회 비용 스톡옵션 늘다 스톡옵션,SLAM Test code 물류 창고 내의 관제 알고리즘 다양하다 센서 퓨전 추정 알고리즘 센서 융합 알고리즘 임베디드 리눅스 알고리즘 작성 코드 유지 보수
VR 엔지니어,https://www.wanted.co.kr/wd/64959,https://image.wanted.co.kr/optimize?src=https%3A%2F%2Fstatic.wanted.co.kr%2Fimages%2Fcompany%2F663%2Fff10wrp7v1yywbsc__1080_790.jpg&w=1000&q=75,UNITY AR/VR 개발자,서커스컴퍼니,"- circus AR 앱 플랫폼 3D 콘텐츠 개발
- VR 앱 개발(Vive, Oculus Rift, GearVR, Hololens 등 관련 개발)
- 웨어러블 디바이스 활용 MR 솔루션, 플랫폼, 콘텐츠 개발
- API, 회원 DB, 결제 연동
- LBS 관련 콘텐츠 개발
- Unity 3D를 통한 게임 및 콘텐츠 개발
- AR·VR 연계 가능 기술 개발","- Unity3D 툴 활용 가능하신 분
- UGUI, NGUI 활용 가능하신 분
- C#에 대한 이해도가 있으신 분
- AR SDK를 활용한 앱 개발 경험을 보유하신 분
- 동종 및 관련 업계 앱, 콘텐츠 개발 경험자
- AR·VR, MR, Kinect 등 New Media Contents 개발에 대한 관심이 있으신 분
- 내부 커뮤니케이션과 협업이 원활하신 분
- 해외 여행 결격 사유 없는 자
※ 포트폴리오 필수(형식, 양식 관계없음)
**프로젝트 시연 영상 또는 이미지
**프로젝트 구현 코드 또는 개인 계정 Github 링크 기재","- 동종업계 및 관련 업계 앱, 콘텐츠 개발 경력이 있으신 분
- Computer Graphics 및 Unity Shader에 대한 전문적인 이해가 있으신 분
- OpenCV 활용 프로젝트 경험을 보유하신 분
- Vive, Google Cardboard 등 VR 프로젝트 경험이 있으신 분
- 컴퓨터, IT 등 관련 전공자 및 국가 공인 자격증 소지자
- AR/VR 콘텐츠, 플랫폼에 대한 관심도가 높으신 분","▶삶과 일의 균형을 생각합니다. 
- 우리는 주 35시간 근무를 해요.
- 리모트 근무로 어디서든 일할 수 있어요.
- 선택 시간 근무로 일과 삶의 시간을 효율적으로 관리해요.
- 그래서 자율과 책임이 아주 중요해요.

▶일에 몰입할 수 있는 환경을 제공해요.
- 넓은 듀얼모니터(27-32인치)로 업무 효율이 높아요.
- 업무 시 필요한 장비는 언제든 요청해주세요!
- AR 및 VR 기기 활용이 가능해요!
- 디자인팀은 전원 Mac PC를 사용해요.
- 넓고 튼튼한 원목 책상, 듀오백 의자에서 편안하게 일해요.

▶회사와 함께 성장해요!
- 자기 개발 및 성장에 필요한 비용을 지원해드려요. (도서, 세미나, 교육 등)
- 새로운 성장을 위해 재정비할 수 있도록 연말, 연시에는 회사 전체 휴무일로 크루 모두 refresh 휴가를 떠나요.(12월 25일 ~ 다음해 1월 1일 공동휴가_연차 차감)
- 개인의 성장이 곧 회사의 성장입니다. 그래서 우리는 크루가 함께 성장할 수 있는 주도적인 업무 환경과 다양한 성장 기회를 제공합니다.

▶기타 사항
• 연차
- 2년 미만 근무자 15일 지급 / 2년 이상 근무자 총 17일(15일 + 보너스 휴가2일)
- 2년 근무마다 1일 연차 누적 추가 
- 장기근속자 특별휴가 부여
• 경조사 
- 일반 경조사(경조휴가, 경조금) / 명절 선물 지급
• 인센티브 
- 연말 상여금(영업이익에 따라 다름) / 기타 성과급","Github
Android
iOS
C#
AR
VR
Unity3D","서울특별시 강남구 학동로82길 7, HYUN빌딩 2층 (삼성동)",2705,14,AR VR Mac PC refresh 균형 모트 서든 일과 효율 자율 책임 중요하다 몰입 넓다 듀얼모니터 인치 효율 장비 요청 해주다 기기 디자인 넓다 튼튼하다 원목 책상 듀오 의자 편안하다 일해 성장하다 성장 비용 도서 세미나 교육 새롭다 성장 재정 연말 전체 휴무 일로 크루 휴가 다음해 공동 휴가 연차 차감 개인 성장 성장 크루 성장하다 주도 다양하다 성장 기회 연차 미만 보너스 휴가 연차 누적 추가 장기 근속 특별 휴가 경조사 일반 경조사 조휴 명절 선물 연말 상여금 영업 이익 다르다 성과급,circus AR VR Vive Oculus Rift GearVR Hololens MR API DB LBS Unity AR VR 플랫폼 콘텐츠 웨어 러블 디바이스 솔루션 플랫폼 콘텐츠 회원 결제 연동 콘텐츠 게임 콘텐츠
VR 엔지니어,https://www.wanted.co.kr/wd/117982,https://image.wanted.co.kr/optimize?src=https%3A%2F%2Fstatic.wanted.co.kr%2Fimages%2Fcompany%2F3731%2Flimlyt6b9ojg9dlo__1080_790.jpg&w=1000&q=75,Unreal Engine 개발,이에이트,• Unreal Engine 개발,"• 학력 무관 (이공계 석사 이상 병역특례 가능)
• 신입 또는 경력 3년 이상
• Unreal 클라이언트 프로그래밍
• Unreal 서버 프로그래밍
• Unreal Blue Print를 활용한 컨텐츠 제작","• Unreal기반 디지털 트윈 개발 경험자
• 능동적인 자세와 활발한 커뮤니케이션 역량 보유
• AR/VR  컨텐츠 제작 가능
• Unreal Nanite를 활용한 컨텐츠 제작
• Unity 3D 개발 가능자","• 롯데월드타워 인근 쾌적한 근무 환경
• 교육비 및 도서구입비 지원
• 우수 논문 포상, 직무 발명 보상, 인재 추천 포상
• 장기근속포상, 리프레시 휴가 
• 패밀리데이 조기퇴근 및 선물 지급, 생일 선물 지급
• 경조휴가 및 경조사비 지원
• 운동시설 등록비, 임직원 건강검진 제공
• 청년내일채움공제 지원
• 중석식 제공, 무제한 스낵바","Unreal Engine
AR
VR
3D
UI 디자인
Unity3D",서울시 송파구 올림픽로 300 롯데월드타워 28F,4145,84,롯데 월드 타워 인근 쾌적하다 교육비 도서 구입 우수 논문 포상 직무 발명 보상 추천 포상 장기 포상 리프 레시 휴가 패밀리 데이 조기 선물 생일 선물 조휴 사비 운동 시설 등록 건강검진 청년 내일 채우다 공제 중석 무제한 스낵바,Unreal Engine
VR 엔지니어,https://www.wanted.co.kr/wd/46519,https://image.wanted.co.kr/optimize?src=https%3A%2F%2Fstatic.wanted.co.kr%2Fimages%2Fcompany%2F15723%2Frugrc2qp0c4uc3yi__1080_790.jpg&w=1000&q=75,메타버스플랫폼 C# 개발,지노텍,"ㆍC# 개발
ㆍWeb RTC / 서버통신 전문가 
ㆍ실시간 3D 모델링
ㆍ애니메이션 제작툴",•신입 or  초급 개발자,"ㆍUnity / Unreal / OpenGL 등의 3D 그래픽스 라이브러리 사용 경험 및 기능 활용 가능 한 사람
ㆍmath (삼각함수, 선형대수 등) 잘 하는 사람 
ㆍ3D 프로그래밍의 이해
ㆍ자료구조 및 알고리즘에 대한 이해
ㆍ객체지향 프로그래밍에 대한 이해
ㆍ모바일 개발 경험
ㆍ협업도구 (Git/SVN/JIRA 사용경험)
ㆍ네트워크 프로그래밍 대한 이해가 있는 사람
ㆍAR/VR/MR","ㆍ자기계발 : 공부합시다~ 공부하고 싶은 서적, 강의 얘기만하세요 지원해 드릴게요.
ㆍ야근 : 근무시간에만 집중해서 열심히 일합니다
ㆍ회식 : 회식은 집에가서 가족들이랑 하셔야죠
ㆍ주말근무 : 그냥 평일 근무시간에만 열심히 하시면 됩니다.
ㆍ탄력근무 : 나는 아침형 인간 - 아침부터 일하세요, 나는 저녁형 인간 - 오후부터 일하세요
ㆍ휴가 : 사유는 묻지도 따지지도 않습니다, 본인의 휴가 한도내에서 자유롭게 쓰세요.
           연말 refresh 휴가도 있어요
ㆍ스톡옵션 : 회사의 성장은 나의 성장, 모두 같이 성장합니다
ㆍ내일채움 공제 : 정부 혜택은 누릴 수 있는 만큼 누립니다.
ㆍ선물 : 기분좋은날 선물이 있어야 제맛이죠. 명절선물/귀향비, 생일선물/파티","React
Node.js
AR
VR
AWS","서울특별시 마포구 매봉산로 37, 1303호 (상암동, DMC산학협력연구센터)",4480,14,refresh 자기계발 공부 공부 싶다 서적 강의 얘기 야근 근무시간 집중 회식 회식 서다 가족 주말 평일 근무시간 탄력 아침 아침 저녁 오후 휴가 사유 묻다 따다 휴가 한도 자유롭다 쓸다 연말 휴가 스톡옵션 성장 성장 성장하다 내일 채우다 공제 정부 혜택 누리다 누리다 선물 기분좋은날 선물 명절 선물 향비 생일 선물 파티,Web RTC 서버 통신 전문가 실시간 모델링 애니메이션 제작
VR 엔지니어,https://www.wanted.co.kr/wd/90636,https://image.wanted.co.kr/optimize?src=https%3A%2F%2Fstatic.wanted.co.kr%2Fimages%2Fcompany%2F15265%2F1qoktyozrljzzphc__1080_790.png&w=1000&q=75,[AR] 이미지 프로세싱 개발자,머지리티,"- 다양한 Image processing 또는 Computer vision 관련 library등을 이용하여 object를 인식하고 표현
- Image processing 알고리즘의 최적화 및 모바일에서의 병렬 & GPU 프로그래밍","- 4년제 대졸, 영상처리, 컴퓨터 비전 관련 프로젝트 포트폴리오 有 (발표시 우대)
- Image processing, Computer vision 혹은 유관 분야에서 3년 이상 실무 경험이 있으신 분
- 이미지 프로세싱 라이브러리 개발 및 오픈 소스 라이브러리 실무 경험이 있으신 분
- Machine Learning에 대한 전반적인 이해 및 실무 경험이 있으신 분","- 컴퓨터 공학, 전산 혹은 전기전자 계열 학과 석사 학위 이상자
- ARCore, ARKit등으로개발 경력을 보유하신 분
- Unity 활용 가능하신 분
- iOS vision framework 및 iOS 기반 GPU 프로그래밍
- Deep learning 프레임워크의 단순 사용에서 벗어나 커스터마이징을 통한 확장성을 갖추신 분","• 창의적이고 수평적 의사소통을 위해 영어닉네임을 사용해요!
• 강남 출퇴근 직장인의 로망! 학동역 9번 출구에서 더도덜도말고 5초 초역세권이에요!
• 최고의 복지는 착하고 착한 동료지요. 모두가 다 착한 신기한 기업이에요!
• 편의점 뺨치는 수준의 탕비실! 입이 심심하지 않게 각종 간식과 음료를 제공해요!
• 뒤도 돌아보지 않고 놀러갈 수 있는 간지력. Refresh 휴가 지원해드려요!
• 태어나줘서, 그리고 함께 일해줘서 고마워, 생일 당일 조기퇴근 + 상품권 증정해드려요!
• 늘 집에 가고 싶어하는 그대를 위한 작은 배려, 명절 조기퇴근 + 명절 선물 제공해드려요!
• 좋은 사람 있으면 소개시켜줘~ 추천 인재가 함께하게 된다면 최대 300만원을 지급해드려요!
• 늦게까지 열일한 용사여, 저녁 식사와 택시비 걱정마셔요! (저녁식대/택시비 지원)
• 기쁜 일, 슬픈 일 언제나 함께 하겠습니다. 경조휴가, 경조사비/물품 등을 지원합니다!","iOS
Python
TDD
AWS
Go
DevOps
NoSQL
Unity3D",학동로 211,4813,56,Refresh 창의 수평 의사소통 영어 닉네임 강남 직장인 로망 학동역 출구 덜다 역다 최고 복지 착하다 착하다 착하다 신기하다 편의점 치다 수준 비실 심심하다 간식 음료 돌아보다 놀다 간지 휴가 태어나다 해주다 고맙다 생일 당일 조기 상품권 증정 싶다 그대 작다 배려 명절 조기 명절 선물 좋다 소개 추천 최대 늦다 용사 저녁 식사 택시 걱정 마시다 저녁 식대 택시 기쁘다 슬프다 언제나 조휴 사비 물품,Image Computer vision library object Image GPU 다양하다 이용 인식 표현 알고리즘 최적화 모바일 병렬 프로그래밍
VR 엔지니어,https://www.wanted.co.kr/wd/59901,https://image.wanted.co.kr/optimize?src=https%3A%2F%2Fstatic.wanted.co.kr%2Fimages%2Fcompany%2F1993%2F8lraraqqzspnyufa__1080_790.png&w=1000&q=75,Unity 개발자,날비컴퍼니(NALBI),"• 자사 AI 솔루션을 활용한 Unity 3D 개발
• Unity 3D 엔진 클라이언트 및 라이브러리, SDK 제작
• Pose Estimation 알고리즘 R&D","• 유관경력 3년 이상 또는 그에 준하는 실력 
• 3D Graphics(좌표계 변환, 행렬, 벡터)에 대한 경험
• 엔진 최적화 기법 운용 경험
• 오픈소스 프로젝트 운용 경험","• 디자인패턴에 대한 이해
• C#과 객체 지향에 대한 이해
• Realtime rendering에 대한 이해
• Rendering pipeline 및 shader에 대한 이해
• 유니티 최신 기술에 대한 이해 또는 경험(URP, DOTS, Timeline, Cinemachine등)
• 모바일 환경에서 Unity 3D를 활용하여 완료한 프로젝트 경험
• Android / iOS / Unity hybrid 앱 개발 경험","• 경쟁력 있는 연봉
• 점심 식대 제공
• 간식 및 커피 제공
• 자유로운 휴가 사용
• 삼성중앙역 도보 3분 거리 사무실
• 업무 관련 도서 및 강의 등 교육 지원",없음,서울시 강남구 삼성로 555 (삼성동) 알앤텍빌딩 4층,5179,18,경쟁력 연봉 점심 식대 간식 커피 자유롭다 휴가 삼성 중앙 도보 거리 도서 강의 교육,AI Unity Unity SDK Pose 자사 솔루션 엔진 클라이언트 라이브러리 제작 알고리즘
VR 엔지니어,https://www.wanted.co.kr/wd/92558,https://image.wanted.co.kr/optimize?src=https%3A%2F%2Fstatic.wanted.co.kr%2Fimages%2Fcompany%2F1257%2Faesbixhit0u75mco__1080_790.jpg&w=1000&q=75,"Unity, C# 개발자",딥브레인에이아이,"ㆍUnity VR /Web 개발

ㆍ자체 솔루션 고도화, 상품화","ㆍUnity 개발경력 3년 이상

ㆍUnity내에서 Key frame 애니메이션 구현 경험

ㆍSocket/Rest API 이용한 네트워크 프로그래밍 경험

ㆍ일반적인 OOP 개념 이해 및 구현 경험","ㆍDLL을 이용해 SDK또는 Lib 형태로 제공한

   경험클래스의 구조와 협력, 분리 등","• 자기계발비 매월 5만원 제공
• 의료비지원 매월 5만원 제공
• 패밀리데이 지원금 매월 5만원 제곰
• 문화클럽 지원금 매월 3만원 제공
• 점심 식사 무료 제공
• 원두커피, 간식 무료 제공 (사내 스낵바)","React
Node.js
REST
SVN",서울특별시 강남구 역삼로 7길 6,4183,47,자기계발 매월 의료 비지 매월 패밀리 데이 원금 매월 클럽 원금 매월 점심 식사 무료 원두 커피 간식 무료 스낵바,Unity VR Web 자체 솔루션 고도화 상품화
VR 엔지니어,https://www.wanted.co.kr/wd/76184,https://image.wanted.co.kr/optimize?src=https%3A%2F%2Fstatic.wanted.co.kr%2Fimages%2Fcompany%2F20579%2Fy17jojyeca172i3g__1080_790.jpg&w=1000&q=75,[AR스튜디오] 프론트엔드 개발자,위에이알,- Spark AR을 사용하여 인스타그램 필터 콘텐츠 제작합니다.,"- 순수 TypeScript만을 사용하여 개발을 할 수 있는 분
- 객체 지향 개발, 디자인 패턴 및 활용에 대한 기본 지식을 가지신 분","- React에 대한 이해도가 높으신 분
- OOP를 효율적으로 사용하실 수 있는 분이면 좋습니다.
- 서비스에 대한 개선이나 문제에 대해서 끝까지 논쟁하여 개선을 했던 경험이 있으신분이면 좋습니다.
- 새로운 기술을 습득하고 업무에 적용하는 것을 좋아하는 분이면 좋습니다.",없음,없음,성동구 성수일로 19 유한타워 4층,없음,없음,,Spark AR 인스타그램 필터 콘텐츠 제작
VR 엔지니어,https://www.wanted.co.kr/wd/94302,https://image.wanted.co.kr/optimize?src=https%3A%2F%2Fstatic.wanted.co.kr%2Fimages%2Fcompany%2F25148%2Febsrxymx7zpl5pxm__1080_790.png&w=1000&q=75,Unity VR/AR클라이언트 개발자,케이엑스알랩,"• Unity를 활용, 오큘러스 퀘스트 중심 클라이언트 개발
• 기타 개발관련 회사업무","• 관련학과 전공 및 NCS 과정 이수자
• 외국인(TOPIK 5급 이상) 및 경력단절자 가능
• 범죄경력 및 이와 비슷한 이력이 없으며, 품행이 바르고 열정적인 분
• 해외출장에 결격사유가 없으신 분","• 웹 개발 등 타 분야 개발이나 디자인 관련 경험이 있으신 분
• 인근에 거주하시는 분
• 군 간부 출신 및 유공자 직계가족
• 비흡연자","• 공통사항
  - 너무 당연한 4대보험 및 월차 자유사용
  - 정규직, 계약기간제 (프로선수처럼 일정한 기간 및 연봉제시)
  - 프로젝트 당 기여도에 따른 성과급
  - 야근 및 주말근무 없음","AR
VR
Unity3D",서울특별시 성북구 정릉동 국민대학교 산학협력관 112-1호,없음,없음,공통 당연하다 보험 월차 자유 계약 기간 프로 선수 일정하다 기간 연봉 제시 프로젝트 기여 성과급 야근 주말,Unity 오큘러스 퀘스트 중심 클라이언트
VR 엔지니어,https://www.wanted.co.kr/wd/111563,https://image.wanted.co.kr/optimize?src=https%3A%2F%2Fstatic.wanted.co.kr%2Fimages%2Fcompany%2F21567%2Fudtyoplfriut86xs__1080_790.png&w=1000&q=75,컴퓨터비전 연구원,리콘랩스,"• 자사 솔루션에 포함될 Computer Vision 기반 ML 모델 연구 개발, 모델 성능 개선 연구
• 연구 개발 기술의 제품화를 위한 파이프라인 구축","• 관련 분야 석/박사 학위 소지자 또는 2년 이상 경력을 갖추신 분
• Computer Vision / Graphics 관련 지식 보유자
• 기술 문서 이해 및 커뮤니케이션을 위한 영어 능력
• Deep Learning / Machine Learning 연구 개발 경험","• Computer Vision / Graphics 학회 또는 저널 저자 (CVPR, ICCV, NIPS, SIGGRAPH등)
• Vision / Graphics 분야 논문을 이해하여 직접 구현 가능하신 분
• Neural Rendering / View Synthesis 분야 연구 경험이 있으신 분
• 3D Modeling / XR 관련 연구/프로젝트 경험이 있으신 분
• 소프트웨어 엔지니어링 역량을 갖추신 분
• CUDA 프로그래밍 경험이 있으신 분

채용 프로세스
- 서류전형 ＞ 1차 면접 ＞ 조직적합도 검사 ＞ 2차 면접 ＞ 최종합격 
※ 프로세스는 경우에 따라 추가 또는 간소화하여 진행될 수 있습니다.","[개인의 라이프사이클에 집중해요]
근무시간은 스스로 정할 수 있는 유연근무제를 시행하고 있습니다.
사회적 거리두기와 관계 없이  최대 주2회 재택근무제도를 활용할 수 있습니다.

[업무에만 몰입하고 협업하며, 회사와 함께 성장해요]
 • 무제한 도서 및 교육지원
  - 리콘랩스팀에게 구성원의 성장 만큼 중요한 것은 없습니다.
  - 성장에 도움이 된다면 회사에서 모두 지원하고 있습니다.

 • 최고급 IT 장비 및 소프트웨어 지원
  - 업무에 필요한 고사양 IT 장비와 소프트웨어를 지원하고 있습니다.

 • 식대 및 간식지원
   - 비용 걱정 없이 든든하게 식사하실 수 있도록 식대와 간식을 지원하고 있습니다.
   - 메뉴선택 걱정 없이 넉넉한 점심/저녁식대(1식 13,000원/개인형 법인카드) 제공
   - 스낵바 운영을 통한 무제한 간식, 음료, 커피(원두, 스타벅스 및 네스프레소 캡슐) 
     제공

 • 리프레시 제도 지원
   - 충분한 휴식과 재충전을 위한 리프레시 근무환경을 지원하고 있습니다.
   - 3년마다 최대 10일의 리프레시 휴가와 여행지원금 제공
   - 1년마다 일상에서 벗어나 원하는 장소 어디서든 최대 5일의 워케이션 근무환경 
     제공
   - 자유로운 연차 사용으로 언제든 편하게 일상 재충전 가능한 조직문화 조성

 • 경조사 지원
   - 기본적인 경조사 이외에도 좋은 날에는 더욱 기쁠 수 있도록 리콘랩스팀 구성원이 
     함께 축하합니다.
   - 생일 축하금, 생일반차 제공
   - 결혼 축하금 ,  결혼기념일 축하금, 출산 축하금 제공
   - 우수사원 축하금 제공
   - 명절(설/추석) 선물 제공

 • 취미생활 지원
   - 행복한 취미는 리콘랩스팀 구성원과 함께 즐길 수 있도록 소모임 활동을 지원하고 
     있습니다.
   - 소모임 활동은 월 1회 문화의 날에 이뤄지며, 13시부터 활동하여 15시 이후 자율 
     퇴근 시행

 • 오피스케어 지원
   - 배경음악(BGM)이 흐르는 카페 같은 오피스(업무몰입도 UP)
   - 업무에 불편함이 없는 최고의 오피스 환경 제공

 • 수평적인 조직문화 추구
   - 직급/연차에 상관 없이 누구나 자유롭게 발의하고 토론에 참여할 수 있도록 수평
     적 조직문화를 만들어 가고 있으며, 서로를 존중하는 ‘님’ 호칭문화를 사용하고 있 
     습니다.
   - 월 1회 타운홀 미팅을 통해 리콘랩스팀 성장과 혁신의 과정을 경험할 수 있으며,
     내부 커뮤니케이션 협업 툴을 통해 투명하고 공정한 정보를 제공하고 있습니다.",없음,강남구 삼성로95길 24 장산빌딩 4층,4599,20,BGM UP 개인 라이프 사이클 집중 근무시간 스스로 유연근무제 시행 사회 거리 기와 관계 최대 재택근무제 도르다 몰입 협업 성장하다 무제한 도서 교육 리콘랩스팀 성장 중요하다 성장 도움 최고급 장비 소프트웨어 사양 장비 소프트웨어 식대 간식 비용 걱정 든든하다 식사 식대 간식 메뉴 걱정 넉넉하다 점심 저녁 식대 개인 카드 스낵바 무제한 간식 음료 커피 원두 스타벅스 네스프레소 캡슐 리프 레시 충분하다 휴식 충전 리프 레시 최대 리프 레시 휴가 여행지 원금 일상 벗어나다 장소 서든 최대 케이 자유롭다 연차 편하다 일상 충전 조성 경조사 경조사 이외 좋다 더욱 기쁘다 리콘랩 스팀 축하 생일 축하 생일 결혼 축하 결혼기념일 축하 출산 축하 우수 사원 축하 명절 추석 선물 취미 생활 행복하다 취미 리콘랩 스팀 즐기다 모임 모임 이뤄지다 자율 시행 오피스 케어 배경음악 흐르다 카페 오피스 몰입도 불편하다 최고 오피스 수평 추구 직급 연차 상관 자유롭다 발의 토론 수평 직문 서로 존중 호칭 타운 리콘랩 스팀 성장 혁신 과정 경험 내부 커뮤니케이션 협업 투명하다 공정하다 정보,Computer Vision ML 자사 솔루션 모델 연구 모델 성능 개선 연구 연구 파이프라인 구축
VR 엔지니어,https://www.wanted.co.kr/wd/76798,https://image.wanted.co.kr/optimize?src=https%3A%2F%2Fstatic.wanted.co.kr%2Fimages%2Fcompany%2F2057%2Fnleg3vjamchulwgs__1080_790.jpg&w=1000&q=75,Unity 기반 수술 내비게이션 소프트웨어 개발,휴톰,"• 유니티 활용 자사 의료 서비스 개발
• 유니티 기술 R&D","• 컴퓨터 / 소프트웨어 관련 전공자
• 유니티 엔진으로 개발 실무 경험 1년 이상
• 유니티 엔진을 활용하여 3D 프로그램 개발 경험이 있으신 분
• 유니티 엔진에 대한 높은 이해를 가진 분
• 긍정적인 마인드를 가지고 원활한 의사소통이 가능한 분","• 3D 공간과 물리에 대한 이해도가 깊으신 분
• Physics based Simulation 등 물리 엔진 지식이 있으신 분
• 자체엔진 / 상용엔진(Unity, Unreal) 그래픽스 관련 경력이 있으신 분
• GPU 프로그래밍 및 최적화 경험이 있으신 분
• Shader 개발 경험이 있으신 분
• 의료 서비스에 대한 관심과 흥미가 있으신 분
• JIRA, GitHub 사용 경험","• 자기계발비 월 10만원 지급
• 설, 추석 상여 및 선물 지급(각 100 만원 + )
• 건강검진 지원
• 직무 교육 지원 
• 간식 제공","Github
Linux
Pytorch
React
Tensorflow
C#
JavaScript
Node.js
Python
R
데이터베이스
C++
데이터 분석
Docker
Unity3D",서울특별시 마포구 독막로 279 상장회사회관 6층,4130,73,자기계발 추석 상여 선물 건강검진 직무 교육 간식,유니티 자사 의료 유니티
VR 엔지니어,https://www.wanted.co.kr/wd/116546,https://image.wanted.co.kr/optimize?src=https%3A%2F%2Fstatic.wanted.co.kr%2Fimages%2Fcompany%2F33097%2Fsa8yyjvbqljfizyk__1080_790.jpg&w=1000&q=75,"유니티 개발, 프로그래밍,",브이알미디어,"• 클라이언트 개발, 유니티를 이용한 프로그래밍
• 당사 자체 프로젝트 (VR게임)","• 유니티에 대한 프로그램적 이해
• 학력/성별 무관","• 관련 업무 경력 2년 이상
• 서버 제작 경험","• 4대보험 및 퇴직금
• 중식비 지원
• 설/추석 선물 제공
• 자유로운 연/월차 사용
• 불필요한 야근, 회식 지양",없음,서울특별시 금천구 가산디지털1로 225,3135,17,보험 퇴직금 식비 추석 선물 자유롭다 월차 불필요하다 야근 회식,VR 클라이언트 유니티 이용 프로그래밍 당사 자체 프로젝트 게임
VR 엔지니어,https://www.wanted.co.kr/wd/67198,https://image.wanted.co.kr/optimize?src=https%3A%2F%2Fstatic.wanted.co.kr%2Fimages%2Fcompany%2F22858%2Fgx0p9kzonnkmvif7__1080_790.jpg&w=1000&q=75,유니티(Unity) VR / AR / Mobile 앱 개발자,살린,"• Unity Engine 기반 VR / AR / Mobile 앱 개발
• Unity Engine 기반 메타버스 앱 (Mobile, PC, VR) 앱 개발","• Unity Engine 경험
• C#","• Photon Engine 경험
• VR 기기 컨텐츠 개발 경험","• 재택근무(금) / 주
• 자율 출근(9 ~ 10시)
• 교육비 지원","GitLab
Linux
MySQL
JavaScript
SQL
TypeScript
AWS
Oracle Database
NodeJS
React.js","서울특별시 마포구 월드컵북로 396, 누리꿈스퀘어 연구개발타워 804호",없음,없음,재택근무 자율 교육비,Unity Engine VR AR Mobile Unity Engine Mobile PC VR 메타 버스
VR 엔지니어,https://www.wanted.co.kr/wd/105144,https://image.wanted.co.kr/optimize?src=https%3A%2F%2Fstatic.wanted.co.kr%2Fimages%2Fcompany%2F30968%2Frohoifvrkwebi2b2__1080_790.jpg&w=1000&q=75,VR/AR/3D 개발,크리에이츠,• UE4  기반 골프 시뮬레이터에 사용되는 배경 작업,"* 3D 그래픽 제작
* 배경 모델링 및 자연물 제작
* UE4 경험 있는 자","* 3D MAX, Photoshop 등 관련 3D툴 사용에 능숙하신 분
* 사실적인 재질표현을 바탕으로 실사 텍스처 제작이 가능하신 분
* UE4 Material, BP 능숙한자","• 우리사주 . 스톡옵션
• 성과 인센티브
• 경조사비 지원
• 휴양콘도 지원
• 자기개발비 지원","JIRA
Linux
Python
C
C++
Visual Studio",서울시 강남구 봉은사로 51길 31,없음,없음,사주 스톡옵션 성과 사비 휴양 콘도 자기개발,UE 골프 시뮬레이터 배경 작업
VR 엔지니어,https://www.wanted.co.kr/wd/116564,https://image.wanted.co.kr/optimize?src=https%3A%2F%2Fstatic.wanted.co.kr%2Fimages%2Fcompany%2F9788%2F8wlu3jhdiqmn6j5h__1080_790.jpg&w=1000&q=75,유니티 3D엔진 클라이언트 개발자,에이에스티홀딩스,"XR(AR/VR) 클라이언트,
언리얼 및 유니티 기반 
디지털 트윈 플랫폼,
산업용 App 개발","- C# 및 Unity 엔진 개발 경험 1년 이상
- Android 또는 iOS 앱 개발 경험자
- GoogleVR/OpenVR/OculusVR/Wave( HTC Vive전용)/UWP 등 
1개 이상 XR개발 경험자
- 객체 지향에 대한 이해도가 있고 실무에 적용해본 경험자","- 게임직종 개발자 우대
- 프로파일러를 통한 클라이언트 최적화 성과 경험
- AWS, Azure, 로컬서버 등 서버/DB 연동 개발 경험
- 프로젝트 리드 경험
- 앱 출시 및 라이브서비스 경험","유연출근제 실시
경조사 지원","Android
Azure
C#
AR
VR
AWS
클라이언트 개발",수원시 영통구 광교중앙로248번길 95-3 AST법조타워,3833,77,유연 실시 경조사,XR AR VR App 클라이언트 리얼 유니티 디지털 트윈 플랫폼 산업
VR 엔지니어,https://www.wanted.co.kr/wd/122212,https://image.wanted.co.kr/optimize?src=https%3A%2F%2Fstatic.wanted.co.kr%2Fimages%2Fcompany%2F27173%2F6ukg4lhlys8qd3aa__1080_790.jpg&w=1000&q=75,Unity 3D 기반 Digital Twin 클라이언트 개발자,인터엑스,"[함께하시면 맡게 될 업무입니다! ]

• Digital Twin 개발
• 유니티 플랫폼 기반 개발 
• C#, 자료구조, 알고리즘 이해 및 네트워크 프로그래밍


[인터엑스 합류여정] 
서류전형 -＞ 사전검증 (포트폴리오 or 코딩테스트) -＞ 기술면접 -＞ IX Process -＞ 정식 입사


[참고사항]
IX Process : 3~6개월 인터엑스 문화 적합성을 확인하는 과정","[이런 분과 함께하고 싶어요 !] 

• 5년 이상 경력을 갖추신 분 
• C#, 자료구조, 알고리즘 이해 및 네트워크 프로그래밍 경험이 있으신 분 
• 프로그래밍 경험이 있으신 분","[이런 분이면 더욱 좋아요] 

• 웹 기반의 프로젝트이기에 WebGL 기반 유니티 3D개발 경험이 있으신 분  
• Digital Transformation의 새로운 영역에 대한 관심 및 도전 의식을 갖추신 분 
• 긍정적인 업무 마인드를 갖추신 분  
• 본인 역할에 대한 책임감이 강한 분","• 사내 카페테리아 운영 중 (커피, 음료 등 다양한 간식 구비) 
• 점심 식대지원 (야근시 저녁도 당연히!)
• 자유로운 연차 및 시간단위 연차 사용 가능!! 
• 성장에 필요한 도서 지원!  성장은 언제나 응원해요! 
• 페밀리데이 월급일 1시간 일찍 퇴근!  
• 1년에 한번 일주일 통 큰 하계휴가!","C#
Unity3D","울산광역시 중구 종가6길 7, 더테라스 1001~1003호",3592,53,카페테리아 커피 음료 다양하다 간식 구비 점심 식대 야근 저녁 당연하다 자유롭다 연차 단위 연차 성장 도서 성장 언제나 응원 밀리 데이 월급 일찍 일주일 크다 휴가,Digital Twin or IX Process IX Process 맡다 유니티 플랫폼 자료구조 알고리즘 이해 네트워크 프로그래밍 인터 엑스 여정 사전 검증 포트폴리오 테스트 정식 인터 엑스 적합 확인 과정
VR 엔지니어,https://www.wanted.co.kr/wd/121300,https://image.wanted.co.kr/optimize?src=https%3A%2F%2Fstatic.wanted.co.kr%2Fimages%2Fcompany%2F26610%2Fdpvygwqhji8lb3rd__1080_790.jpg&w=1000&q=75,IT인프라 운영관리 및 SW개발 분석 소프트웨어 설치 지원,엔젠바이오,"• 서버(Linux, Windows) / 클라우드(GCP 등) 관리, 백업 및 운영
• 소프트웨어 설치 및 유지보수(On-premise, 클라우드","• IT 관련 전공자
• IT 인프라 운영 경험(Linux, Windows 서버)
• 경력 3년 이상","•  IT 관련 전공자
• 가상화 환경(Hyper-V) 경험이 있으신 분
• SaaS 서비스 프로젝트 경험이 있으신분
• 리눅스 환경 경험 있으신 분
• 클라우드 환경(GCP 등) 서비스 경험 있으신 분
• 원활한 의사소통이 가능하신 분","•유연한 근무시간: 주 40시간 기반의 선택근로제
•연 220만원 상당의 복지비 제공: 식대, 체력증진비, 통신비 등 지원
•우리가족 건강 지원: 종합건강검진 연 1회, 연 500만원 한도 내에서 의료비지원
•직원 휴게공간 : 간식과 커피를 마실 수 있는 라운지, 의료기기 수면침대, 탁구장
•경조사: 가족경조사 선물지원, 결혼기념일 선물, 구정/추석 선물, 기타 각종 경조휴가 •및 경조비 지원
•여성친화기업 : 영유아 검진시 유급휴가 제공, 출산축하금과 선물 지원, 보육수다 지원
•기타복리후생: 가정의달 상품권 지원, 휴양시설 지원(제주도)","Amazon Web Service
Google Cloud Platform
VM웨어
SaaS
DNS
Apache
Tomcat
RDBMS
SSL
RedHat
Ubuntu
GCP
VMware Server
VMware view",서울특별시 구로구 디지털로 288,4866,115,유연하다 근무시간 상당 복지 식대 체력 증진 통신비 가족 건강 종합 건강검진 한도 의료 비지 휴게 공간 간식 커피 말다 라운지 의료기기 수면 침대 탁구 경조사 가족 경조사 선물 결혼기념일 선물 구정 추석 선물 조휴 조비 영유 검다 유급 휴가 출산 축하 선물 보육 수다 복리 후생 가정 상품권 휴양 시설 제주도,Linux Windows GCP On premise 서버 클라우드 백업 소프트웨어 설치 유지 보수 클라우드
VR 엔지니어,https://www.wanted.co.kr/wd/118342,https://image.wanted.co.kr/optimize?src=https%3A%2F%2Fstatic.wanted.co.kr%2Fimages%2Fcompany%2F5350%2Fb3nsmt0znk3w9tbu__1080_790.jpg&w=1000&q=75,VR 컨텐츠 개발자,브이알애드,"• VR을 활용한 교육실습시뮬레이터 개발
• VR을 활용한 의료용 소프트웨어 개발","• 신입 및 경력자 모두 가능
• 해외 여행에 결격사유가 없는 자","• 상용화된 팀 프로젝트 참여 경험
• 랜더링 엔진 개발 참여 경험
• C/C++ 가능자
• 해당 업무 경험자","• 식비 지원
• 커피 지원
• 탄력근무제, 대체근무제
• 교육비의 50% 지원 최대 연 한도 200만원 
• 생일 반차
• 월 영화티켓 2매 지급","Unreal Engine
C
C++",하남시 미사대로 540 A동 708호 (현대지식산업센터 한강미사2차),3460,14,식비 커피 탄력 무제 대체 무제 교육비 최대 한도 생일 영화 티켓,VR VR 교육실습 시뮬레이터 의료 소프트웨어
VR 엔지니어,https://www.wanted.co.kr/wd/98098,https://image.wanted.co.kr/optimize?src=https%3A%2F%2Fstatic.wanted.co.kr%2Fimages%2Fcompany%2F28466%2Fvgg5i45a4vqkbpiw__1080_790.jpg&w=1000&q=75,AR/VR Unity 개발자,하이퍼클라우드,"• Unity AR/VR 개발
• Mobile Application 연동하여 통합 AR/VR개발","• 2년 이상 Unity 개발 경력 혹은 그에 준하는 역량을 갖추신 분
• Unity, ARKit, ARCore, Vuforia 등 AR/VR 관련 개발 경험을 가지신 분
• 서버 개발자, 디자인 직군 등 타팀과 원활히 소통이 가능하신 분
• 새로운 것을 배우고자 하는 열정이 있으신 분","• Android, iOS 기반 Unity 런칭 및 개발 경험
• 위치, 비젼기반 AR application 개발 경험
• Sensor Fusion에 대한 이해도 및 기술을 보유한 분
• 대용량 AR/VR 콘텐츠 관련 서버 개발 및 운영 경험
• 새로운 기술에 관심이 많고, 새로운 시도를 즐기시는 분","• 4대 보험, 퇴직금과 같은 당연한 ""기본 복지"" 탑재
• 반차와 연차, 개인 휴가 눈치 안보고 사용할 수 있는 문화
• 커피와 원하는 간식 언제든지 마음껏!
• 업무에 필요한 온,오프라인 교육지원 빵빵 (도서, 온라인 강의 신청 등)
• HYPER Vacation : 2,4년 장기 근속자 7,14일 유급휴가 + 근속 포상 
• HYPER Friday : 짝수달 4번째 금요일 2시 칼 퇴근~

하이퍼클라우드 멤버들을 위한 질 좋은 복지들은 지속적으로 생성중입니다....ing.....","Github
Android
iOS
MySQL
React
Tensorflow
Java
JavaScript
Kotlin
Node.js
Swift
TypeScript
AR
VR
AWS
C++
ARRT
ORM
iOS 개발
GPS
Maya
Unity3D
React.js
React Native",서울특별시 강남구 논현로95길24,4217,23,HYPER Vacation HYPER Friday ing 보험 퇴직금 당연하다 복지 탑재 연차 개인 휴가 눈치 안보 커피 간식 마음껏 오프라인 교육 빵빵 도서 온라인 강의 신청 장기 근속 유급 휴가 근속 포상 수달 금요일 하이퍼 클라우드 멤버 좋다 복지 지속,Unity AR VR Mobile AR VR 연동 통합
VR 엔지니어,https://www.wanted.co.kr/wd/95966,https://image.wanted.co.kr/optimize?src=https%3A%2F%2Fstatic.wanted.co.kr%2Fimages%2Fcompany%2F21717%2Fgslmcdptii86lfqv__1080_790.jpg&w=1000&q=75,AI Research(디지털 휴먼/아바타 생성을 위한 대화 솔루션 연구),에프엑스기어,• 디지털 휴먼/아바타 생성을 위한 대화 솔루션 연구,"• AI 관련 전공 학사이상
• NLP관련 전공 또는 프로젝트 경험자
• Deep Learning 프레임워크(python, pytorch등) 사용에 익숙한 분","• 한국어 자연어 처리에 대한 연구 경험
• 자연어 처리 관련 석사 이상 학위 또는 관련 분야 2년 이상 실무 경험
• TTS, STT, 챗봇 관련 프로젝트 경험
  (사진이 부착된 이력서 및 포트폴리오(or 경력사항, 논문 등) 제출 必)

코딩테스트가 진행될 수 있으며, github, kaggle 등의 프로그래밍 이력 제출시, 심사 후 코딩테스트를 면제 받을 수 있습니다","• 채용형태 : 정규직 (3개월 수습 적용)
                or 병역특례(전문연구요원) 복무가능

• 인심 좋은 동료들
• 웰컴 키트 제공
• 자사 단독 사옥
• 지하철 강남구청역 인근
• 4대보험, 퇴직금 외 다양한 보상
• 주 5일 근무, 법정 휴가 지원, 창립기념일 휴무, 자유로운 연차 사용
• 경조휴가, 경조금 지급, 자녀(출산,돌,입학)축하금 지급
• 장기 근속자 포상
• 스톡 옵션 지급
• 점심 식대 지원, 야근 시 식대/교통비 지원
• 다양한 간식 지원 및 원두커피 구비
  → 복리후생은 계속 추가 중","디자인 관리
Confluence
JIRA
Slack
Pytorch
Unreal Engine
C#
Python
NLP
AR
VR
디자인
C++
소프트웨어 공학
컴퓨터 공학
소프트웨어 품질
감정
컴퓨터 능력
알고리즘 설계
알고리즘 개발
음성 인식
휴먼 머신 인터페이스
3D 그래픽
소프트웨어 검증
Unity3D",서울 강남구 학동로46길 25,3505,65,or 형태 수습 적용 병역 특례 요원 복무 인심 좋다 웰컴 키트 자사 단독 지하철 강남구청역 인근 보험 퇴직금 다양하다 보상 법정 휴가 창립 기념일 휴무 자유롭다 연차 조휴 자녀 출산 입학 축하 장기 근속 포상 스톡 옵션 점심 식대 야근 식대 교통비 다양하다 간식 원두 커피 구비 복리 후생 계속 추가,디지털 휴먼 아바타 대화 솔루션 연구
VR 엔지니어,https://www.wanted.co.kr/wd/95967,https://image.wanted.co.kr/optimize?src=https%3A%2F%2Fstatic.wanted.co.kr%2Fimages%2Fcompany%2F21717%2Fgslmcdptii86lfqv__1080_790.jpg&w=1000&q=75,AI Research(디지털 휴먼/아바타 생성을 위한 face expression / 음성 변환 기술 연구 개발),에프엑스기어,"• 디지털 휴먼/아바타 생성을 위한 face expression 연구 개발
• 디지털 휴먼/아바타 생성을 위한 음성 변환 기술 연구 개발","• Computer vision 및 AI 관련 전공 석사 이상
• Deep Learning 프레임 워크(python, pytorch등) 사용에 익숙한 분","• 음성 변환 모델 관련 프로젝트 경험 
• Audio To Face expression 모델 관련 프로젝트 경험  
• 음성입력 감정분석 모델 개발 경험

코딩테스트가 진행될 수 있으며, github, kaggle 등의 프로그래밍 이력 제출시, 심사 후 코딩테스트를 면제 받을 수 있습니다","• 사진이 부착된 이력서 및 포트폴리오(or 경력사항, 논문 등) 제출 必
• 채용형태 : 3개월 수습 후, 정규직 전환검토
                or 병역특례(전문연구요원) 복무 가능

• 인심 좋은 동료들
• 웰컴 키트 제공
• 자사 단독 사옥
• 지하철 강남구청역 인근
• 4대보험, 퇴직금 외 다양한 보상
• 주 5일 근무, 법정 휴가 지원, 창립기념일 휴무, 자유로운 연차 사용
• 경조휴가, 경조금 지급, 자녀(출산,돌,입학)축하금 지급
• 장기 근속자 포상
• 스톡 옵션 지급
• 점심 식대 지원, 야근 시 식대/교통비 지원
• 다양한 간식 지원 및 원두커피 구비
  → 복리후생은 계속 추가 중","디자인 관리
Confluence
JIRA
Slack
Pytorch
Unreal Engine
C#
Python
NLP
AR
VR
디자인
C++
소프트웨어 공학
컴퓨터 공학
소프트웨어 품질
감정
컴퓨터 능력
알고리즘 설계
알고리즘 개발
음성 인식
휴먼 머신 인터페이스
3D 그래픽
소프트웨어 검증
Unity3D",서울 강남구 학동로46길 25,3505,65,or or 사진 부착 이력서 포트폴리오 경력 논문 형태 수습 전환 검토 병역 특례 요원 복무 인심 좋다 웰컴 키트 자사 단독 지하철 강남구청역 인근 보험 퇴직금 다양하다 보상 법정 휴가 창립 기념일 휴무 자유롭다 연차 조휴 자녀 출산 입학 축하 장기 근속 포상 스톡 옵션 점심 식대 야근 식대 교통비 다양하다 간식 원두 커피 구비 복리 후생 계속 추가,face 디지털 휴먼 아바타 연구 디지털 휴먼 아바타 음성 변환 연구
VR 엔지니어,https://www.wanted.co.kr/wd/95963,https://image.wanted.co.kr/optimize?src=https%3A%2F%2Fstatic.wanted.co.kr%2Fimages%2Fcompany%2F21717%2Fgslmcdptii86lfqv__1080_790.jpg&w=1000&q=75,Computer Graphics Research,에프엑스기어,• 디지털 휴먼/아바타 생성을 위한 face/body expression 연구,• Computer graphics/vision 관련 전공 석사 이상,"• Face/body retargeting 개발 경험
• VR/XR 관련 프로젝트 진행 경험
• OpenGL 사용 개발 경험
• Deep Learning 프레임 워크 사용에 익숙한 분","• 채용형태 : 3개월 수습 후 정규직 검토 
                or 병역특례(전문연구요원) 복무가능

• 인심 좋은 동료들
• 웰컴 키트 제공
• 자사 단독 사옥
• 지하철 강남구청역 인근
• 4대보험, 퇴직금 외 다양한 보상
• 주 5일 근무, 법정 휴가 지원, 창립기념일 휴무, 자유로운 연차 사용
• 경조휴가, 경조금 지급, 자녀(출산,돌,입학)축하금 지급
• 장기 근속자 포상
• 스톡 옵션 지급
• 점심 식대 지원, 야근 시 식대/교통비 지원
• 다양한 간식 지원 및 원두커피 구비
  → 복리후생은 계속 추가 중","디자인 관리
Confluence
JIRA
Slack
Pytorch
Unreal Engine
C#
Python
NLP
AR
VR
디자인
C++
소프트웨어 공학
컴퓨터 공학
소프트웨어 품질
감정
컴퓨터 능력
알고리즘 설계
알고리즘 개발
음성 인식
휴먼 머신 인터페이스
3D 그래픽
소프트웨어 검증
Unity3D",서울 강남구 학동로46길 25,3505,65,or 형태 수습 검토 병역 특례 요원 복무 인심 좋다 웰컴 키트 자사 단독 지하철 강남구청역 인근 보험 퇴직금 다양하다 보상 법정 휴가 창립 기념일 휴무 자유롭다 연차 조휴 자녀 출산 입학 축하 장기 근속 포상 스톡 옵션 점심 식대 야근 식대 교통비 다양하다 간식 원두 커피 구비 복리 후생 계속 추가,face body 디지털 휴먼 아바타 연구
VR 엔지니어,https://www.wanted.co.kr/wd/78247,https://image.wanted.co.kr/optimize?src=https%3A%2F%2Fstatic.wanted.co.kr%2Fimages%2Fcompany%2F21717%2Fgslmcdptii86lfqv__1080_790.jpg&w=1000&q=75,Graphics Development,에프엑스기어,"• XR 메타버스 플랫폼 개발
• Unity3D 기반 모바일 XR 앱 개발","• C# 또는 C++에 익숙하신 분
• 다양한 자료구조와 알고리즘에 대한 관심있으신 분
• 학사(4년제) 이상","• Unity3D/Unreal 개발 경험자
• 컴퓨터 그래픽스 기초 이론에 대한 이해
• 3D 그래픽 툴 사용 경험
• 배우고자 하는 열정
• 원활한 의사소통 및 협업툴 경험
• 새로운 기술 학습에 거부감이 없으신 분","• 채용형태 : 정규직 (3개월 수습 적용)
                or 병역특례(전문연구요원)복무 가능

• 인심 좋은 동료들
• 자사 단독 사옥
• 지하철 강남구청역 인근
• 4대보험, 퇴직금 외 다양한 보상
• 주 5일근무, 법정 휴가 지원, 창립기념일 휴무, 자유로운 연차 사용
• 경조휴가, 경조금 지급, 자녀(출산,돌,입학)축하금 지급
• 스톡 옵션 지급
• 점심 식대 지원, 야근 시 식대/교통비 지원
• 다양한 간식 지원 및 원두커피 구비
  → 복리후생은 계속 추가 중","디자인 관리
Confluence
JIRA
Slack
Pytorch
Unreal Engine
C#
Python
NLP
AR
VR
디자인
C++
소프트웨어 공학
컴퓨터 공학
소프트웨어 품질
감정
컴퓨터 능력
알고리즘 설계
알고리즘 개발
음성 인식
휴먼 머신 인터페이스
3D 그래픽
소프트웨어 검증
Unity3D",서울 강남구 학동로46길 25,3505,65,or 형태 수습 적용 병역 특례 요원 복무 인심 좋다 자사 단독 지하철 강남구청역 인근 보험 퇴직금 다양하다 보상 법정 휴가 창립 기념일 휴무 자유롭다 연차 조휴 자녀 출산 입학 축하 스톡 옵션 점심 식대 야근 식대 교통비 다양하다 간식 원두 커피 구비 복리 후생 계속 추가,XR Unity XR 메타 버스 플랫폼 모바일
VR 엔지니어,https://www.wanted.co.kr/wd/76932,https://image.wanted.co.kr/optimize?src=https%3A%2F%2Fstatic.wanted.co.kr%2Fimages%2Fcompany%2F397%2F2tdkww0jvdcbcu5j__1080_790.jpg&w=1000&q=75,Computer Graphics/Visual Computing 연구자,맥스트(MAXST),"• Computer Graphics 연구 및 기술 개발
• Visual Computing 연구 및 기술 개발","• 박사 학위 소지자 또는 석사 후 3년 이상의 경력
• 대용량 메쉬, 렌더링, GPGPU 관련 연구 경험","• 원천 기술 개발 후 실제 제품에 탑재하신 분
• C/C++ 숙련자
• 쉐이더 능통자","• 업계 최고 대우
• 주 2일은 재택 근무합니다. (월,금: 재택 근무 / 화-목: 사무실 근무)
• 출근하는 날은 탄력 출퇴근 제도를 운영합니다. (8~11시 출근, 17~20시 퇴근)
• 복지몰을 운영하고 있으며 매월 복지비 10만원을 지원합니다.
• 점심 식대를 100% 지원합니다. (법인카드 전원 지급)
• 워케이션(Workation)을 운영합니다. (휴양지 리조트, 호텔에서 일도 하고 쉼도 하고)
• 간식바를 운영하며 음료와 다과를 무한 제공합니다.
• 생일날 축하금과 명절 선물을 제공합니다.
• 각종 경조금 및 경조사 휴가를 제공합니다.
• 매달 15일 추첨을 통해 100만원 상금과 당일 휴가 혜택을 드립니다.
• 아이디어에 대해 특허를 장려하고 업계 최고의 특허 보상금을 제공합니다.
• 3년/7년 근속시 포상금과 함께 리프레쉬 휴가가 제공됩니다.",없음,"강남구 남부순환로 351길 4, STAY 77 2층",5250,103,Workation 업계 최고 대우 재택 재택 탄력 복지 몰다 매월 복지 점심 식대 카드 케이 휴양지 리조트 호텔 일도 쉬다 간식 바르다 음료 다과 무한 생일 축하 명절 선물 경조사 휴가 매달 추첨 상금 당일 휴가 혜택 아이디어 특허 장려 업계 최고 특허 보상금 상금 리프 레쉬 휴가,Computer Graphics Visual Computing 연구 연구
