category,page_url,picture_url,title,company,work,qualification,favor,welfare,skill_stack,place,money,employee,first_cleaned_all
BI 엔지니어,https://www.wanted.co.kr/wd/86786,https://image.wanted.co.kr/optimize?src=https%3A%2F%2Fstatic.wanted.co.kr%2Fimages%2Fcompany%2F8487%2F3e6nnlaufiptbxot__1080_790.jpg&w=1000&q=75,솔루션 아키텍트 (Pre-Sales),엔터플,"- 당사 솔루션에 대한 기술적 질문에 대한 응대를 합니다.
- AA, TA관련 기술자료를 만들고 관리합니다. 
- 기술을 Research하고 평가하여 내부에 공유합니다.
- 고객의 Paint point를 분석하고 Suggestion을 만듭니다.","- 3~5년 이상 Back-end 개발자로 일해보신 분
- API Management에 대한 이해가 있으신 분
- AWS등 클라우드 서비스를 경험 또는 이해가 있으신 분
- 비즈니스 마인드가 있으신 분","- TA, AA로 일해보신 분 
- Public Cloud(AWS, Azure, Google Cloud 등…) 경험 또는 이해가 있으신 분
- Issue tracking에 강하신 분 
- 자신의 기술적 내용을 비개발자에게도 잘 전달하실 수 있는 분
- 상대방의 말하는 바를 빠르게 캐치하시는 분
- 스스로 소프트웨어 문제점을 정의할 수 있는 Problem Solving 스킬이 강하신 분","엔터플은 임직원의 Work & Life balance를 소중하게 생각합니다.

[엔터플의 조직문화 및 복지]
• 짧고 몰입감있게 주 30시간 근무 (10 to 5)
• 수평적 조직문화(영어 닉네임&님 문화)/최소한의 직책 적용/직급 폐지
• 매월 다채로운 소식과 맛있는 간식이 함께하는 '올핸즈미팅'
• 매년 종합건강검진 시행
• 최신형 모니터 및 IT장비 지원
• 생일 축하 선물 & 반차 지원
• 가족 생일 지원 (반차 연 3회)
• 폭 넓은 경조사 지원
• 복지포인트제도 운영 및 지원
• 팀빌딩을 위한 회식비 지원
• 입사 후 1년 차부터 장기근속 휴가 및 휴가비 지원 (단계별)
• 자녀의 입학 및 졸업 축하를 위한 연차 및 선물 지원
• 사내 스낵바 및 다양한 음료 & 고퀄의 원두 커피머신 제공
• 출산전후휴가, 육아휴직, 임신기 단축근무제도 운영
• 외근자를 위한 경비 및 교통비를 지원
• 외부 파견자를 위한 파견정책 운영
• 명절 선물 제공 (상품권)
• 카페테리아와 폰부스 제공
• 그 외 석식비, 야근교통비, 잔여연차수당, 연장/야간/주말근로 보상 등 혜택 지원","Git
AngularJS
Azure
BackboneJS
GraphQL
iOS
Linux
MySQL
React
Redis
VueJS
Java
JavaScript
PHP
TypeScript
Agile
인프라
AWS
API
SOAP
NodeJS
CentOS
클라우드 보안
SoapUI
TestNG
Spa
QA 엔지니어링
RESTful Architecture
인바운드 리드 생성
React.js",서울시 영등포구 여의대로 14 KT 여의도빌딩 17층,없음,없음,Work Life balance to IT 엔터플 직원 소중하다 엔터플 조직 문화 복지 짧다 몰입 가다 근무 수평 조직 문화 영어 닉네임 문화 최소한 직책 적용 직급 폐지 매월 소식 맛있다 간식 미팅 매년 종합 건강검진 시행 최신 모니터 장비 지원 생일 축하 선물 지원 가족 생일 지원 넓다 경조사 지원 복지 포인트 제도 운영 지원 빌딩 회식비 지원 입사 장기 근속 휴가 휴가 지원 단계 자녀 입학 졸업 축하 연차 선물 지원 사내 스낵바 다양하다 음료 원두 커피 머신 제공 출산전후 휴가 육아휴직 신기 단축 근무 제도 운영 외근 경비 교통비 지원 외부 파견 파견 정책 운영 명절 선물 제공 상품권 카페테리아 폰부스 제공 식비 야근 교통비 차수 연장 야간 주말 근로 보상 혜택 지원AA TA Research Paint point 당사 솔루션 기술 질문 응대 관련 기술 자료 만들다 관리 기술 평가 내부 공유 고객 분석 만듭니
BI 엔지니어,https://www.wanted.co.kr/wd/53521,https://image.wanted.co.kr/optimize?src=https%3A%2F%2Fstatic.wanted.co.kr%2Fimages%2Fcompany%2F52%2F17418_2_0.abfaf8d8__1080_790.jpg&w=1000&q=75,[DI팀] Data Engineer (BI 및 데이터 마트 개발),야놀자Tech(R&D),"• 데이터 마트 개발
  - Tableau 및 데이터 소비자를 위한 데이터 마트 개발 및 운영
  - 데이터 오케스트레이션 툴을 이용한 데이터 처리 관리
• Tableau 개발 및 운영
  - 데이터 원본, 통합문서 개발 및 운영
  - 서버 구축 및 운영
• 데이터 품질 관리
  - 입수 데이터 품질 관리
  - ETL처리된 데이터의 품질 관리
• 데이터 권한 관리
  - Tableau, re:dash, Zeppelin, Jupyter 등 데이터 탐색시스템 권한 관리 
• 데이터 문의 가이드
  - 데이터 관련 데이터 소비자 문의에 대한 대응
  - SQL 및 데이터 활용 가이드 및 교육","• Tableau 사용 경험 필수
• 해당 경력 2년차 이상 또는 이에 상응하는 업무 능력 보유
• 데이터 처리를 위한 어플리케이션 개발 경험
• Python, Scala, Java 중 1개 이상 개발 경험
* 전문연구요원 지원 가능","• 새로운 기술에 거부감이 없는 분
• PrestoDB를 기반으로 한 데이터 마트 개발 및 운영
• Tableau를 이용한 데이터 원본 및 대시보드 관리 체계 구축 및 운영
• MySQL 계열 RDBMS 운영 및 쿼리 최적화 경험
• 영어 회화 및 커뮤니케이션 가능


[채용절차]
서류전형→SQL테스트→면접→처우산정→내부승인→최종 합격(오퍼 레터 발송)

* 포지션에 따라 평판조회 전형이 추가될 수 있습니다.
* 야놀자는 지원자의 역량을 최우선으로 검토합니다. 연봉 정보는 처우산정 시 전달 주세요.
* 국가유공자 예우 및 지원에 관한 법률에 의거 취업 보호 대상자 및 장애인은 관련 법규에 따라 우대합니다.
* 채용 절차 진행 시 구직자에게 수령한 서류는 구직자의 채용 여부 확정일 이후 180일 동안 보관하고 이후 파기합니다.","※ 연봉 정보는 최종합격 후 공유해 주세요!
야놀자는 지원자의 역량을 최우선으로 검토합니다.
연봉 정보는 연봉협상 시 전달 주세요 :)

• 상시 원격근무 
• 야놀자 앱 포인트 100만원
• 중식비 제공(1일 1만원) 
• 자기개발교육비 및 외국어 교육비 지원
• 다양한 연차 사용 (반차/반반차)
• 업무 관련 교육비 및 도서 지원
• 프리미엄 건강검진 지원
• 임직원 허먼밀러 의자
• 생일 축하금 및 조기 퇴근권 지급
• 명절 상여금 지급
• 장기근속에 따른 포상
• 경조금 지급 및 상조 서비스
• 임직원 단체 상해보험 및 일상생활 배상책임보험 

야놀자는 복지도 무한 성장 중!
앞으로 준비 될 다양한 복지도 기대해 주세요!",없음,서울특별시 강남구 테헤란로108길 42,8864,1,연봉 정보 최종 합격 공유 줄다 놀다 지원 자의 역량 검토 연봉 정보 연봉 협상 전달 줄다 상시 근무 놀다 포인트 만원 식비 제공 만원 자기개발 교육비 외국어 교육비 지원 다양하다 연차 사용 업무 관련 교육비 도서 지원 프리미엄 건강검진 지원 직원 허다 멀다 밀러 의자 생일 축하 조기 퇴근 지급 명절 상여금 지급 장기 근속 따르다 포상 지급 상조 서비스 직원 단체 상해 보험 일상생활 배상 책임 보험 놀다 복지 무한 성장 준비 다양하다 복지 기대하다 줄다Tableau Tableau ETL Tableau re dash Zeppelin Jupyter SQL 데이터 마트 개발 데이터 소비자 데이터 마트 개발 운영 데이터 케스트 레이 이용 데이터 처리 관리 개발 운영 데이터 원본 통합 문서 개발 운영 서버 구축 운영 데이터 품질 관리 입수 데이터 품질 관리 처리 데이터 품질 관리 데이터 권한 관리 데이터 탐색 시스템 권한 관리 데이터 문의 가이드 데이터 관련 데이터 소비자 문의 대응 데이터 활용 가이드 교육
BI 엔지니어,https://www.wanted.co.kr/wd/53517,https://image.wanted.co.kr/optimize?src=https%3A%2F%2Fstatic.wanted.co.kr%2Fimages%2Fcompany%2F52%2F17418_2_0.abfaf8d8__1080_790.jpg&w=1000&q=75,[DI팀] Data Analyst,야놀자Tech(R&D),"• 다양한 데이터(숙박/교통/레저)를 활용하여 주요 이슈에 대한 가설 수립 및 검증을 통한 Insight 제공
• 주요 지표 개발, 고도화와 의사결정을 위한 분석 결과물 제공(Report, Dashboard)
• 효과적인 Data 기반활동을 위한 전사 BI tool 운영/관리","• Tableau 사용경험 필수
• 정형/비정형(로그데이터) 데이터 핸들링 및 분석 경험 5년 이상
• 통계적인 지식을 바탕으로 가설을 수립하고 검증하여 Insight 및 실행가능한 Action item 도출 경험
• BI tool(Tableau, Zeppelin, re:dash)을 활용한 시각화/대시보드 제작 경험 1년 이상
• SQL on Hadoop (Hive, PrestoDB)을 이용한 데이터 프로세싱 또는 ETL 경험","• O2O 플랫폼 서비스에서의 데이터 분석 경험이 있으신 분
• 다양한 유관부서와의 데이터 기반 커뮤니케이션이 원활하신 분
• Python, R 등의 프로그래밍 언어와 라이브러리를 활용한 데이터 분석 경험이 있으신 분
• 데이터 엔지니어링에 대한 높은 이해도 및 경험이 있으신 분

[채용절차]
서류전형→쿼리테스트→면접→처우산정→내부승인→최종 합격(오퍼 레터 발송)

* 포지션에 따라 평판조회 전형이 추가될 수 있습니다.
* 야놀자는 지원자의 역량을 최우선으로 검토합니다. 연봉 정보는 처우산정 시 전달 주세요.
* 국가유공자 예우 및 지원에 관한 법률에 의거 취업 보호 대상자 및 장애인은 관련 법규에 따라 우대합니다.
* 채용 절차 진행 시 구직자에게 수령한 서류는 구직자의 채용 여부 확정일 이후 180일 동안 보관하고 이후 파기합니다.","[야놀자 더 알아보기]
야놀자의 직무, 조직문화 그리고 Tech에 대한 이야기를 담은 야놀자 블로그가 궁금하시다면? ""Y-Career"" 를 검색해 보세요!

• 상시 원격근무
• 야놀자 앱 포인트 100만원
• 중식비 제공(1일 1만원)
• 자기개발교육비 및 외국어 교육비 지원
• 다양한 연차 사용 (반차/반반차)
• 업무 관련 교육비 및 도서 지원
• 프리미엄 건강검진 지원
• 임직원 허먼밀러 의자
• 생일 축하금 및 조기 퇴근권 지급
• 명절 상여금 지급
• 장기근속에 따른 포상
• 경조금 지급 및 상조 서비스
• 임직원 단체 상해보험 및 일상생활 배상책임보험

야놀자는 복지도 무한 성장 중!
앞으로 준비 될 다양한 복지도 기대해 주세요!",없음,서울특별시 강남구 테헤란로108길 42,8864,1,Tech Career 놀다 알아보다 놀다 직무 조직 문화 담다 놀다 블로그 궁금하다 검색 상시 근무 놀다 포인트 만원 식비 제공 만원 자기개발 교육비 외국어 교육비 지원 다양하다 연차 사용 업무 관련 교육비 도서 지원 프리미엄 건강검진 지원 직원 허다 멀다 밀러 의자 생일 축하 조기 퇴근 지급 명절 상여금 지급 장기 근속 따르다 포상 지급 상조 서비스 직원 단체 상해 보험 일상생활 배상 책임 보험 놀다 복지 무한 성장 준비 다양하다 복지 기대하다 줄다Insight Report Dashboard Data BI tool 다양하다 데이터 숙박 교통 레저 활용 주요 이슈 가설 수립 검증 통한 제공 주요 지표 개발 고도화 의사결정 분석 결과물 제공 효과 활동 전사 운영 관리
BI 엔지니어,https://www.wanted.co.kr/wd/75703,https://image.wanted.co.kr/optimize?src=https%3A%2F%2Fstatic.wanted.co.kr%2Fimages%2Fcompany%2F4587%2F17141_2_0.db3be009__1080_790.jpg&w=1000&q=75,쇼핑몰 개발,푸드나무,"• 자사 쇼핑몰 랭킹닭컴 운영 개발 업무
• 쇼핑몰 Front / 백오피스 개발 및 유지보수
• 신규 시스템 도입 및 개발","• JAVA(Spring framework) 또는 PHP 개발 경험자
• 경력 최소 2년 이상 (사원~과장급 채용)
• 모바일웹 개발 경험자","• 쇼핑몰 개발 경험자
• PG 연동 경험자
• javascript, jQuery, HTML, CSS 가능자
• reactJS, vueJS 또는 JS프레임워크 경험자
• 외부 API 연동 경험자
• JAVA / PHP 동시 개발 경험자","• [입사를 누구보다 환영해요]
우리와 함께 시작하는 여러분들에게 전하는 선물
: 입사 시  축하카드와 함께 꽃바구니 발송
: 입사 당일 신입사원 웰컴키트 제공
: 입사 후 1개월 축하 선물 발송
: 생일 축하금 지원 

• [일할 땐 집중해서 쉴 땐 쉬어가요]
업무도 확실하게, 보상도 확실하게
: 부르는 순간 PRO가 되는 호칭문화 (전 직원 프로 호칭 사용)
: 효율적인 반반차 제도
: 업무에 필요한 도서 구입은 무한지원
: 스타일 상관없이 일에만 집중하는 자율복장
: 성과에 따른 인센티브제 운영
: 쉴 때도 특별하게, 국내리조트· 렌터카 무료 지원

• [우리의 건강도 중요해요]
건강은 당연하니까
: 건강검진비 지원
: 헬스, 필라테스 등등 운동보조금 지원 
: 자사제품 할인","Confluence
JIRA
Android
AngularJS
VueJS
CSS
HTML
Java
JavaScript
jQuery
HTML5
CSS3
PostgreSQL
Spring Framework
MSSQL
Notion","서울특별시 마포구 월드컵북로 396, 15층(상암동, 누리꿈스퀘어 비지니스타워)",없음,없음,PRO 입사 환영 시작 전하 선물 입사 축하 카드 꽃바구니 발송 입사 당일 신입사원 웰컴 키트 제공 입사 개월 축하 선물 발송 생일 축하 지원 집중 쉬다 쉬다 업무 확실하다 보상 확실하다 부르다 순간 가다 호칭 문화 직원 프로 호칭 사용 효율 제도 업무 필요하다 도서 구입 무한 지원 스타일 상관없다 집중 자율 복장 성과 따르다 센티 브제 운영 쉬다 특별하다 국내 리조트 렌터카 무료 지원 건강 중요하다 건강 당연하다 건강검진 지원 헬스 필라테스 운동 보조금 지원 자사 제품 할인Front 자사 쇼핑몰 랭킹 닭컴 운영 개발 업무 쇼핑몰 백오피스 개발 유지 보수 신규 시스템 도입 개발
BI 엔지니어,https://www.wanted.co.kr/wd/100891,https://image.wanted.co.kr/optimize?src=https%3A%2F%2Fstatic.wanted.co.kr%2Fimages%2Fcompany%2F5421%2Fkhwxecltflrzbimt__1080_790.jpg&w=1000&q=75,[IT본부] Data Engineer,이투스에듀,"• 데이터 레이크 데이터 수집
• 데이터 웨어하우스/데이터 마트 설계/구축 및 운영
• CDP(customer data platform) 구축
• BI/Analytics를 위한 데이터 가공
• 서비스 고도화를 위한 데이터 활용","• 학력 : 무관
• 경력 :  3년 이상
• 정형화/비정형화 데이터 수집, 처리 및 데이터 플랫폼 구축/운영 경험
• 데이터 기반의 문제 해결 역량 및 논리적 사고
• Java, Python, Scala 등을 이용한 데이터 분석 및 소프트웨어 개발 역량
• 원활한 커뮤니케이션 역량","• 클라우드 기반 데이터 아키텍처 설계 및 운영 경험
• 교육 플랫폼의 데이터 처리 및 분석 경험
• 분석 및 서비스의 요구조건에 맞는 데이터 모델링 경험","1. 연 200만원 상당의 복리후생비 지급
2. 3년 근속 기준 10일 안식휴가(유급) 지급
3. 사내 구내식당
4. 임직원을 위한 다양한 기업문화 이벤트 등
5. 가정친화적 복리후생제도 운영 
 - 생일반차, 결혼기념일 반차
 - 자녀학자금지원
 - 기념일 축하 선물 (생일, 결혼기념일, 자녀입학, 명절 등)
6. 휴양소 지원
7. 사내 동호회 지원 (영화, 독서, 축구, 꽃꽂이 등)
8. 사내 네일샵 운영 
9. 야근비 지원(식사지원 및 교통비 지원)
10. 유연근무제 시행","Kotlin
ObjectiveC
Swift","서초구 남부순환로 2547, 이투스에듀 본사",3669,없음,만원 상당 복리 후생 지급 근속 기준 안식 휴가 유급 지급 사내 구내식당 직원 다양하다 기업 문화 이벤트 가정 복리 후생 제도 운영 생일 결혼기념일 자녀 학자금 지원 기념일 축하 선물 생일 결혼기념일 자녀 입학 명절 휴양 지원 사내 동호회 지원 영화 독서 축구 꽃꽂이 사내 네일 운영 야근 지원 식사 지원 교통비 지원 유연근무제 시행CDP customer data platform BI Analytics 데이터 레이크 데이터 수집 데이터 웨어하우스 데이터 마트 설계 구축 운영 구축 데이터 가공 서비스 고도화 데이터 활용
BI 엔지니어,https://www.wanted.co.kr/wd/121084,https://image.wanted.co.kr/optimize?src=https%3A%2F%2Fstatic.wanted.co.kr%2Fimages%2Fcompany%2F1922%2Fnqdjsj1gplqarged__1080_790.jpg&w=1000&q=75,IT Business Solution Manager (Seoul),스트라드비젼(StradVision),"• ERP도입, 운영, 고도화
• IT Business solution 신규 도입 및 운영관리(그룹웨어, CRM, BI 등)
• 임직원 커뮤니케이션","• 유관경력 8 – 12년
• IT solution PM, 운영 경험
• 대졸 이상","• ERP 운영 또는 프로젝트 경험(더존, 영림원, SAP)
• 원활한 커뮤니케이션 능력","• [근무제도] 자유출근제, 재택근무제, 최고사양 PC장비 및 인체공학적 의자 제공
• [생활지원] 전직원 상해/실손보험, 종합 건강검진, 경조금, 명절선물
• [교육지원] 도서/교육/세미나/컨퍼런스 참석지원","C / C++
Python
C++",강남대로 363 363강남타워,5056,273,PC 근무 제도 자유 출근 재택근무제 최고 사양 장비 인체 학적 의자 제공 생활 지원 직원 상해 실손 보험 종합 건강검진 명절 선물 교육 지원 도서 교육 세미나 컨퍼런스 참석 지원ERP IT Business solution CRM BI 도입 운영 고도화 신규 도입 운영 관리 그룹 웨어 직원 커뮤니케이션
BI 엔지니어,https://www.wanted.co.kr/wd/53459,https://image.wanted.co.kr/optimize?src=https%3A%2F%2Fstatic.wanted.co.kr%2Fimages%2Fcompany%2F3260%2Fw7xqi1slods47lft__1080_790.jpg&w=1000&q=75,백엔드 개발자 (Backend Engineer),모노리스,"※ 면접 시 협의를 통해 더 적합한 Srum을 결정합니다.

• 앱서비스 백엔드 개발
• 예약, 주문, 결제, 재고, 정산 시스템 개발
• 액티비티 통합 시스템 개발
• IoT디바이스 및 임베디드 개발 
• 영상 플랫폼 개발
• 시스템 공통 모듈 개발
• 어드민 백오피스 개발
• 더 좋은 개발문화를 함께 만들기","• 실무에서 3년 이상의 백엔드 개발 경험
• Java 및 Python 언어에 대한 전문적인 이해
• Spring Boot 사용 경험
• Git 혹은 Cloud-based Git 서비스를 사용한 코드관리 경험 
• AWS와 같은 Cloud 환경에서 CI/CD 경험","• OOP 혹은 범용 언어에 대한 경험 Java, C/C++, C#, Objective C, Python 혹은 Go
• Cloud 환경에서의 개발 경험
• Kubernetes 기반의 MSA, Serverless에 대한 이해 및 경험 
• DB설계 경험
• Big data, Machine learning에 대한 이해 및 경험
• 외부시스템 연동 개발 경험
• 영상 플랫폼 개발 경험","• 월단위 자율출퇴근 (코어타임 13~16시)
• 자유로운 연차사용
• 근무지로 여의도 사무실 또는 9.81파크 제주 사무실 선택 가능
• 대학종합병원 건강검진 지원
• 분기 별 9.81파크 30% 할인쿠폰 15장 지급
• 9.81파크 내 굿즈샵 및 카페 이용 시 직원 할인
• 신규입사자 9.81파크 체험 프로그램 지원",없음,"영등포구 여의대로 108, 파크원타워1 5층 스파크플러스",없음,없음,단위 자율 출퇴근 코어 타임 자유롭다 연차 사용 근무 지로 여의도 사무실 또는 파크 제주 사무실 선택 가능 대학 종합병원 건강검진 지원 분기 파크 할인 쿠폰 지급 파크 카페 이용 직원 할인 신규 입사 파크 체험 프로그램 지원Srum IoT 면접 협의 통해 적합하다 결정 서비스 백엔드 개발 예약 주문 결제 재고 정산 시스템 개발 티비 통합 시스템 개발 디바이스 임베디드 개발 영상 플랫폼 개발 시스템 공통 모듈 개발 어드민 백오피스 개발 좋다 개발 문화 만들기
BI 엔지니어,https://www.wanted.co.kr/wd/36363,https://image.wanted.co.kr/optimize?src=https%3A%2F%2Fstatic.wanted.co.kr%2Fimages%2Fcompany%2F10103%2Fcgwxtvbvqhky1vik__1080_790.jpg&w=1000&q=75,Machine Learning Engineer (전문연구요원 가능),디어젠,"• 신약 개발 인공지능 모델 구현 및 관련 데이터 전처리
• 기 구축 된 인공 지능 모델 튜닝 및 성능 개선
• 멀티 GPU/TPU를 사용한 딥러닝 모델 최적화
• 인공지능 최신 논문 서치 및 세미나, 관련 내용 구현","• 머신러닝/딥러닝/컴퓨터 관련 전공 석사 이상
• 머신러닝 / 딥러닝 관련 프로젝트를 하나 이상 end-to-end로 수행해 보신분
• 머신러닝 / 딥러닝 관련 오픈 소스 및 관련 논문 파악에 무리가 없으신 분
• 기본적인 머신러닝 / 딥러닝 이론을 알고 계신 분
• 여러 딥러닝 프레임워크 및 python 등 코드 구현에 무리가 없으신 분
• 문제에 봉착했을 때 이를 끝까지 해결해내는 근성을 가지신 분(Get things done.)
• 빠르게 성장하는 스타트업에서 능동적이고 자기주도적으로 업무를 꼼꼼하게 처리 하시는 분","• Custom Deep Learning / Machine Learing model 및 layer  구현해 보신 분
• 최신 기술에 대한 (영어)논문을 빠르게 찾고/읽고/이해하고/구현하실 수 있는 분
• 딥러닝 모델을 직접 튜닝 하거나 새로운 도메인에 적용해 보신 분 
• 제약/바이오/화학/메디컬 필드 지식 소유자 우대
• 영어 (Written/Verbal) 가능자 우대 / 해외 지사 파견 근무 가능 하신 분
• CS 탑 논문 발표 경험 (NIPS, ICML, KDD, AAAI, IJCAI, ACL, NAACL, EMNLP 등)","• 개인 장비 지원: 최신 사양 개인 장비 지급
• 자기개발비 지원: 직무능력 향상을 위한 세미나 참가비 지원
• 선택적 근무제: 10시 - 5시 core time 포함, 하루 8시간 자유 근무제
• 리프레시 휴가: 1년 이상 근무 시, 10일 리프레시 휴가 부여
• 연차/반차/반반차 사용 가능
• 커피, 티, 음료, 간식 제공
• 건강검진 지원
• 경조금 및 경조 휴가 지원
• 자유 복장
• Hybrid work(시행예정) : 오프라인 오피스 및 원격근무 겸용 근무제","Azure
Django
Python
AWS
Docker
React.js","서울특별시 서초구 마방로 60, 동원F&B 15층, 디어젠주식회사",5363,53,core time Hybrid work 개인 장비 지원 최신 사양 개인 장비 지급 자기개발 지원 직무 능력 향상 세미나 참가 지원 선택 무제 포함 하루 자유 무제 리프 레시 휴가 근무 리프 레시 휴가 부여 연차 사용 가능 커피 음료 간식 제공 건강검진 지원 경조 휴가 지원 자유 복장 시행 예정 오프라인 오피스 근무 겸용 무제GPU TPU 신약 개발 인공 지능 모델 구현 관련 데이터 처리 구축 인공 지능 모델 튜닝 성능 개선 멀티 사용 러닝 모델 최적화 인공 지능 최신 논문 서치 세미나 관련 내용 구현
BI 엔지니어,https://www.wanted.co.kr/wd/112352,https://image.wanted.co.kr/optimize?src=https%3A%2F%2Fstatic.wanted.co.kr%2Fimages%2Fcompany%2F16803%2Fcy1bfd1a96dsmwgv__1080_790.jpg&w=1000&q=75,[BI] 빅데이터플랫폼 BI데이터개발 및 분석,스마일게이트스토브,"- 스토브 플랫폼에서 생성되는 데이터를 저장/가공/집계하는 파이프라인 개발 및 운영
- Hadoop Ecosystem을 활용한 시스템 구축 및 운영
- 데이터를 지표화 하고 시각화하는 시스템 개발 및 운영","- 관련 경력 3년 이상이신 분
- Hadoop, Hive, Spark, Kafka등 빅데이터 오픈 소스 기반의 대용량 데이터 처리 경험을 보유하신 분
- Java, Scala, Python등 최소 1가지 언어를 이용한 데이터 분석 및 소프트웨어 개발 역량을 보유하신 분
- Apache Hadoop 에 대한 이해 및 분산처리 애플리케이션 개발 경험
- Apache Spark 기반 대용량 데이터 처리 경험
- DW/DM/OLAP, Hadoop Ecosystem 등 데이터 분석 인프라에 대한 기본 지식
- 논리적, 적극적 사고를 기반으로 원활한 커뮤니케이션이 가능하신 분","- BI 지표시스템 구축 및 운영 경험을 보유하신 분
- 프론트엔드 개발경험(Vue.js 등)을 보유하신 분
- 리눅스 환경에서의 시스템 개발 및 운영경험을 보유하신 분
- 게임플랫폼, 소셜플랫폼 관련 도메인지식과 업무경험을 보유하신 분","• 유연근로제도
• 선택적 복리후생비 지급
• 출근 셔틀버스 운영
• 경조사 지원 운영
• 사내 동호회 활동 지원
• 사내 도서관 운영
• 운동 공간(골프, 탁구) 및 샤워시설 운영
• 사내 유치원 운영
• 경조사 지원
• 사내 식당 및 카페테리아 운영
• 장기근속 포상","Java
Python
Go
NoSQL","경기도 성남시 분당구 판교로 344, 스마일게이트 캠퍼스 10층",5744,309,유연 근로 제도 선택 복리 후생 지급 출근 셔틀버스 운영 경조사 지원 운영 사내 동호회 활동 지원 사내 도서관 운영 운동 공간 골프 탁구 샤워 시설 운영 사내 유치원 운영 경조사 지원 사내 식당 카페테리아 운영 장기 근속 포상Hadoop Ecosystem 스토브 플랫폼 데이터 저장 가공 집계 파이프라인 개발 운영 활용 시스템 구축 운영 데이터 지표 화하다 시스템 개발 운영
BI 엔지니어,https://www.wanted.co.kr/wd/86357,https://image.wanted.co.kr/optimize?src=https%3A%2F%2Fstatic.wanted.co.kr%2Fimages%2Fcompany%2F117%2Fmajmyoupvxzgzjdp__1080_790.jpg&w=1000&q=75,[데브시스터즈] BI/DW Engineer,데브시스터즈(Devsisters),"• BI/DW 시스템 설계 및 개발, 운영
- BI/DW 아키텍처 설계
- ODS, DW, DM 설계, 개발 및 운영
- ETL 설계, 개발 및 운영
• BI툴을 이용한 지표 및 대시보드 개발
- 경영진, 유관 부서의 데이터 중심 의사 결정 지원
• 지표 개발, 데이터 추출, 데이터 분석(EDA)
• 데이터 설계 (로그 설계)","• 3년 이상의 관련 경력 또는 이에 준하는 실력이나 경험을 갖춘 분
• DW/DM, ETL 설계 및 구축 & 운영 경험
• OLAP 솔루션 및 시각화 도구 활용 경험
• 데이터를 적절하게 시각화하여, 효과적이며 직관적으로 의미를 전달할 수 있는 능력
• 의사결정자 및 유관 부서와 유연하게 소통할 수 있는 커뮤니케이션 능력
• SQL 활용 능력 필수","[우대사항]
• 새로운 것을 시도하고 배우는 것을 좋아하는 분
• Query Plan을 해석하고 튜닝 계획 수립 및 가이드 역량
• Cloud환경(AWS, Google Cloud Platform)에서 DW 개발 및 운영 경험
• MPP 시스템 환경(Redshift, Greenplum 등)에서 DW 개발 및 운영 경험
• Hadoop, Spark, Presto 등 빅데이터 기술 활용 경험
• 데이터 거버넌스 체계 수립 경험
• 데이터 품질 관리(DQM) 경험

[제출서류]
•(필수) 자유 양식의 이력서
•(필수) 지원동기, 주요 프로젝트 및 경력 중심의 자기소개서
•(필수) 기술 이력서
•제출 서류 모두 PDF 파일로 제출

[채용 전형]
• 서류 심사 - 온라인코딩테스트- 1차 실무진 면접(오프라인 코딩테스트 포함) - 2차 팀 면접 - 3차 임원진 면접 (온라인 코딩테스트 전형은 상황에 따라 생략될 수 있습니다)

[고용 형태]
• 정규직
• 3개월 수습기간 부여 (수습기간 동안 급여 100%지급)","[데브시스터즈 복지와 혜택]
더 나은 생활을 지원합니다.
- 유연근로제 (Design Your Time & Life)
- 리프레시 휴가 (매 3년, 5년, 7년 근속 시 유급휴가 지원)

더 건강한 삶을 생각합니다.
- 먹는 즐거움과 소중한 건강까지 챙겨주는 프리미엄 사내 레스토랑 (아침, 점심, 저녁 식음료 모두 지원)
- 스낵바를 통한 간식 지원
- 비타민 충전, 과일 정기 배송(자택)
- 본인 및 배우자, 부모님까지 지원하는 폭넓은 건강검진 (연 1회)
- 상해 보험 지원 (본인 및 배우자, 부모님까지 전액 지원)
- 1:1 전문 심리 상담 (전액 지원)

성장과 몰입을 응원합니다.
- 편한 출퇴근을 지원 (사택지원, 월세지원)
- 효율적인 업무를 위한 스탠딩 데스크, 27인치 iMAC, 맥북, 모바일 기기 지원
- 1인실 리프레쉬룸 운영
- 업무능력 향상과 자기계발을 위한 교육 및 세미나 지원
- 업무 관련 도서 및 읽고 싶은 다양한 도서 지원
- 업무상 어학 교육 지원 (1:1 화상 어학 프로그램)
- 복지 카드 발급

신나고 즐거운 회사를 만들어 갑니다.
- 패밀리 데이, 무비데이 등 다양한 사내 행사
- 고급 휴양 리조트 지원 (연 4박 전액 지원)
- 근속 기념 선물 및 세레머니
- 생일 및 명절 선물

가족과 함께합니다.
- 경조 휴가와 경조금 지원
- 상조 프로그램 운영 및 지원
- 육아 지원금 지원
- 자녀 입학 선물
- 출산 준비 기프트 지원
- 태아 검진 유급 반차 제도, 난임 유급 휴가 확대 (3일)
- 반려동물 보험 전액 지원","React
VueJS
JavaScript
TypeScript
웹 개발
프론트엔드 개발자",서울특별시 강남구 신사동 도산대로 327,없음,없음,Design Your Time Life iMAC 데브 시스터즈 복지 혜택 나은 생활 지원 유연 근로 리프 레시 휴가 근속 유급 휴가 지원 건강하다 먹다 즐거움 소중하다 건강 챙기다 프리미엄 사내 레스토랑 아침 점심 저녁 음료 지원 스낵바 통한 간식 지원 비타민 충전 과일 정기 배송 자택 본인 배우자 부모님 지원 폭넓다 건강검진 상해 보험 지원 본인 배우자 부모님 전액 지원 전문 심리 상담 전액 지원 성장 몰입 응원 편하다 출퇴근 지원 사택 지원 월세 지원 효율 업무 스탠딩 데스크 인치 맥북 모바일 기기 지원 리프 레쉬 운영 업무 능력 향상 자기계발 교육 세미나 지원 업무 관련 도서 읽다 싶다 다양하다 도서 지원 업무 어학 교육 지원 화상 어학 프로그램 복지 카드 발급 신나다 즐겁다 회사 만들다 가다 패밀리 데이 무비 데이 다양하다 사내 행사 고급 휴양 리조트 지원 전액 지원 근속 기념 선물 세레머니 생일 명절 선물 가족 경조 휴가 지원 상조 프로그램 운영 지원 육아 원금 지원 자녀 입학 선물 출산 준비 기프트 지원 태아 검진 유급 제도 난임 유급 휴가 확대 반려동물 보험 전액 지원BI DW BI DW ODS DW DM ETL BI EDA 시스템 설계 개발 운영 아키텍처 설계 설계 개발 운영 설계 개발 운영 이용 지표 대시보드 개발 영진 유관 부서 데이터 중심 의사 결정 지원 지표 개발 데이터 추출 데이터 분석 데이터 설계 로그 설계
BI 엔지니어,https://www.wanted.co.kr/wd/115747,https://image.wanted.co.kr/optimize?src=https%3A%2F%2Fstatic.wanted.co.kr%2Fimages%2Fcompany%2F23372%2Fhbkita25x1h8ifb7__1080_790.jpg&w=1000&q=75,[이랜드그룹] BI 시스템 운영 및 개발,이랜드이노플,"⊙ BI 시스템 운영 및 개발          
⊙ 데이터 설계/ 모델링 구축          
⊙ 데이터 시각화 개발 및 서비스 지원","⊙ Power BI, Tableau, BI-Matrix 구축 및 운영 경력 2년 이상          
⊙ Web 서비스 운영 및 개발 경험           
⊙ 데이터 시각화 관심 있는 분","⊙ SAP BW 서비스 운영 및 개발          
⊙ 오픈소스를 이용한 데이터 시각화 레포트 운영 및 개발","• 시차출퇴근제 운영 (출근시간 자율선택) 
• 이랜드그룹 계열사 할인 제공
• 직원 경조사비용 지원
• 단체 상해보험
• 사내라운지 카페 무제한 이용
• 생일 반일휴가(오전 근무 후 퇴근)
• 학부모 특별 휴가(자녀 입학,졸업식, 운동회 사용가능)","SAP
ABAP
SAP SD","서울특별시 금천구 가산디지털1로 88 IT프리미어타워 17,18층",5139,185,시차 출퇴근 운영 출근시간 자율 선택 이랜드 그룹 열사 할인 제공 직원 경조사 비용 지원 단체 상해 보험 사내 라운지 카페 무제한 이용 생일 휴가 오전 근무 퇴근 학부모 특별 휴가 자녀 입학 졸업식 운동회 사용 가능BI 시스템 운영 개발 데이터 설계 모델링 구축 데이터 개발 서비스 지원
BI 엔지니어,https://www.wanted.co.kr/wd/99707,https://image.wanted.co.kr/optimize?src=https%3A%2F%2Fstatic.wanted.co.kr%2Fimages%2Fcompany%2F29607%2Fkmsrgvnsamcv7wzi__1080_790.jpg&w=1000&q=75,데이터 분석가,라플라스테크놀로지스,"• 이커머스 빅데이터 분석
• 비즈니스 성장 지표 분석
• 시계열 분석 리서치
• 빅데이터 분석 및 시각화","• 국내외 유수의 대학에서 정량적, 분석적 분야와 관련된 전공 (예. 수학, 컴퓨터공학, 물리학, 산업공학, 금융공학 등)으로 학사, 석사 혹은 박사학위를 취득하신 분
• 이커머스 관련 업무 경력 최소 2년 이상
• 영어로 의사소통이 가능하신 분 (서면 및 구두)
• SQL 등을 통해 복잡한 데이터 셋에서 원하는 데이터를 추출 및 가공할 수 있으신 분
• Python을 활용하여 분석 및 결과 리포팅이 가능하신 분
• pandas, numpy 를 능숙하게 활용하는 역량
• 분석을 통해 도출된 의견을 논리적이고 체계적으로 제시할 수 있는 분
• 통계적인 지식에 기반한 가설검증 및 인사이트 도출이 가능하신 분","• ML, DL, 강화학습 등 논문을 읽고 reproduce 할 수 있는 역량
• 이커머스, 금융 투자 데이터 분석 경험
• 컴퓨터 공학 전공
• VC, Growth hacking에 대한 경험
• 오픈소스 프로젝트 활동 경험
• OLAP 분석 경험
• Hadoop 환경에서 대용량 데이터 분석 경험 보유자
• Kafka 등 데이터 스트리밍 구현 경험
• InfluxDB 등 시계열 DB 관련 경험","• 자율 출퇴근 제도
• 회사 및 코로나 상황에 따라 오피스 근무 / 재택 근무 혼용
• 자율 휴가제(언제든 휴가 사용 가능)
• 철저한 정량적 성과 평가와 피드백 제공","Git
React
JavaScript
Node.js
AWS
React.js",경기 성남시 분당구 정자일로 95 네이버 1784,없음,없음,자율 출퇴근 제도 회사 코로나 상황 따르다 오피스 근무 재택 근무 혼용 자율 휴가 휴가 사용 가능 철저하다 정량 성과 평가 피드백 제공이커머스 빅데이터 분석 비즈니스 성장 지표 분석 시계열 분석 리서치 빅데이터 분석
BI 엔지니어,https://www.wanted.co.kr/wd/110409,https://image.wanted.co.kr/optimize?src=https%3A%2F%2Fstatic.wanted.co.kr%2Fimages%2Fcompany%2F110%2F7008_2_1.__1080_790.jpg&w=1000&q=75,[네오위즈] DW/BI 엔지니어,네오위즈,"• Business 의사결정을 위한 Data Mart 설계/구축/운영
• 게임 서비스 성과 지표, 고객 활동 지표 설계/구축/운영/지표발굴
• 게임서비스와 분석DW 데이터 연동 Flow 구축/운영
• DW 운영 고도화/모니터링/자동화","[필수요건]

• 관련 업무 경력 3년 이상
• SQL 언어 사용에 능숙하신 분
• Linux환경에서 작업 가능하신 분
• DM/BI 구축 및 운영 경험이 있으신 분

[필수역량]

• 진취적이고 협력적인 마인드로 결과를 함께 만들어가실 분
• 활발한 소통 및 토론을 통한 의사결정이 가능하신 분
• 업무 History 및 노하우를 기록하고 이를 공유할 수 있는 분
• 도전과 변화에 유연하게 대응하며 빠르게 적응할 수 있는 분
• 안주하지 않고 끊임없이 성장/발전하고자 하는 자세를 갖추신 분
• 본인의 경험보다 데이터에 의한 판단 및 의사결정을 할 수 있는 분
• 데이터를 단순 수치의 등락보다 그 너머의 유저의 행동 심리를 이해하려고 하는 분
• 조직의 방향성과 목표에 공감하여 공헌할 수 있는 분","• 게임업계 경험이나 게임 도메인에 대한 이해도가 있으신 분
• Cloud환경(AWS, GCP)에서 DW 운영 경험이 있으신 분
• 쿼리 성능 튜닝 계획 수립 및 가이드가 가능하신 분
• Business 이해도를 바탕으로 DM 설계 및 BI 기획 경험이 있으신 분
• ETL에 대한 이해와 Tool사용 경험이 있으신 분(Informatica)
• 데이터 품질 모니터링/관리 경험이 있으신 분
• 수학적/통계적 지식을 보유하신 분","• 사내 카페테리아
• 본인 혹은 가족 기념일 휴가
• 장기근속 리프레시 휴가
• 사내 심리 상담가 상주
• 사내대출
• 자기개발 비용지원","MongoDB
MySQL
NoSQL
RDBMS",성남시 분당구 대왕판교로 645번길 14,7269,956,사내 카페테리아 본인 가족 기념일 휴가 장기 근속 리프 레시 휴가 사내 심리 상담 상주 사내 대출 자기개발 비용 지원Business Data Mart DW Flow DW 의사결정 설계 구축 운영 게임 서비스 성과 지표 고객 활동 지표 설계 구축 운영 지표 발굴 게임 서비스 분석 데이터 연동 구축 운영 운영 고도화 모니터링 자동화
BI 엔지니어,https://www.wanted.co.kr/wd/96957,https://image.wanted.co.kr/optimize?src=https%3A%2F%2Fstatic.wanted.co.kr%2Fimages%2Fcompany%2F136%2Fjhtqznnhtixesx0t__1080_790.jpg&w=1000&q=75,Business Intelligence Analyst,하이퍼커넥트,"• 전사적인 데이터 흐름을 파악하고 다수의 대용량 데이터 소스로부터 제공되는 데이터를 이용하여 분석을 수행
• Data Engineer 와 긴밀하게 협업하여 BI 솔루션, 데이터 웨어하우스 및 데이터 모델 설계 및 개발
• 비즈니스 질문을 바탕으로 구조화된 분석을 수행하고, 그 결과로부터 비즈니스 인사이트를 도출
• BI 실무에서의 개선점 제시 및 구현
• 전사 대시보드 제작 및 사용자 교육
• Ad hoc 데이터 요청 대응
• 데이터 분석가 코칭 및 지원","• 3년 이상 데이터 분석 경험을 보유하신 분
• Tableau, Data Studio 등의 도구를 이용한 1년 이상의 리포팅 경험을 보유하신 분
• SQL 에 대한 깊은 이해을 보유하신 분
• 데이터를 이용한 프레젠테이션 및 시각화 능력을 보유하신 분","• ETL 도구, 데이터 웨어하우스 설계, 데이터 모델링 경험
• BigQuery, 관계형 DBMS 경험
• 영어로 자유로운 의사소통이 가능한 분","하이퍼커넥트는
개인의 삶이 만족 스러워야 회사에서도 만족감을 찾을 수 있다고 믿습니다.
기업문화, 그리고 복리후생을 통해 개인의 생활에 걸림돌이 될 수 있는 문제들을 해결하고자 합니다.
당신의 건강과 삶, 그리고 행복한 회사생활을 위해 노력합니다.

[Work]
• DIY(Do It Yourself) 근무제 본인의 근무시간을 자율적으로 선택하고 몰입하며 일하는 DIY(Do It Yourself) 근무제도를 시행하고 있습니다. 신뢰 속에서 협업하고 높은 수준의 결과물을 만드는 하이퍼커넥터의 일하는 방식입니다.
• 최고의 접근성과 근무환경 삼성동 아셈타워에 위치, 2호선 삼성역 및 9호선 봉은사역과 연결된 더블역세권에 다양한 버스노선, 도심공항터미널이 더해진 교통의 요충지
• 장비 및 소프트웨어 최고 수준의 업무용 장비 제공, 최신 기술 활용에 적극 투자
• 집중과 효율 업무 시간에 집중해서 일하고, 불필요한 야근과 주말근무를 지양하는 기업 문화
• 뛰어난 동료 전세계 18개국이상에서 모인 뛰어난 역량을 갖춘 훌륭한 동료들과 함께하며 배울 수 있는 기회
• 글로벌 서비스의 경험 글로벌 서비스 기반 대규모 데이터를 경험하고 분석 하여 실제 제품에 적용하는 기회
• 커리어 성장 개개인의 커리어 성장이 곧 회사의 성장으로도 이어진다는 믿음, 업무를 잘하기 위해 욕심내는 사람에게는 지원을 아끼지 않는 문화

[Life]
• 사내 카페(Hypresso) 바리스타가 직접 만들어주는 아메리카노, 카푸치노에서 그린티라떼, 얼그레이까지! 모든 메뉴는 무료로 이용
• 식사 및 무료 스낵바 제공 아침(과일, 김밥, 빵 등 간편식)/점심(식대 9천원 지원 및 사내에서 도시락/샐러드 제공)/저녁(야근시) 삼시세끼 제공 및 편의점 급 스낵바 보유
• 단체보험 가입 및 매년 건강검진 지원 직원 단체보험 및 건강검진 제공 (전액 회사 부담)
• 기숙사 지원 회사 기숙사 제공 (근속기간 충족 시)
• 사내 대출 제도 생활 안정 위한 저금리 대출 지원 (근속기간 충족 시)
• 휴식 공간 3천 권이 넘는 만화책과 당구대 등이 갖춰진 편안한 휴식공간
• 헬스키퍼 힐링존에서 사내 전문 안마사의 마사지를 통한 피로회복 서비스 제공
• 경조금/경조휴가 지급 경조휴가, 경조금 및 화환 지원
• 사내 동호회 지원 각종 동호회 운영 지원
• 명절 선물 설/추석 가족과 풍요로운 명절을 보내실 수 있도록 30만원 상당의 선물 제공

[Growth & Refresh]
• 사내 외국어 교육 지원 영어, 한국어, 일본어 사내 강의 제공
• 사외 교육 지원 직무 관련 사외교육 및 외국어 학습 비용 지원
• 세미나/컨퍼런스 지원 직무관련 역량 강화를 위한 최신 세미나/컨퍼런스 참가 비용 전액 지원
• 도서 지원 역사, 인문, 인물, 자기계발, 자연과학, 경제경영, IT모바일 관련 도서 무제한 신청 가능
• 장기근속자 휴가 및 휴가비 매 3년 근속시 휴가(10일) 및 휴가비(200만원) 제공
• 생일 축하 본인 생일 선물(상품권 20만원) 지급 + 생일 반차 제공, 가족 생일 반반차 제공(부모/배우자/자녀)","Git
Java
Kotlin",강남구 영동대로 517 아셈타워,5430,401,Work DIY Do It Yourself DIY Do It Yourself Life Hypresso Growth Refresh IT 하이퍼 커넥트 개인 만족 스럽다 회사 만족감 찾다 믿다 기업 문화 복리 후생 통해 개인 생활 걸리다 돌이 문제 해결 건강 행복하다 회사 생활 노력 무제 본인 근무시간 자율 선택 몰입 근무 제도 시행 신뢰 협업 높다 수준 결과물 만들다 하이퍼 커넥터 방식 최고 접근성 근무 환경 삼성동 아셈 타워 위치 호선 삼성역 호선 봉은사 연결 더블 역다 다양하다 버스 노선 도심공항 터미널 더하다 교통 요충지 장비 소프트웨어 최고 수준 업무 장비 제공 최신 기술 활용 적극 투자 집중 효율 업무 집중 불필요하다 야근 주말 근무 양하 기업 문화 뛰어나다 동료 전세계 개국 모이다 뛰어나다 역량 갖추다 훌륭하다 동료 배우다 기회 글로벌 서비스 경험 글로벌 서비스 기반 대규모 데이터 경험 분석 실제 제품 적용 기회 커리어 성장 개개인 커리어 성장 회사 성장 이어지다 믿음 업무 욕심 내다 지원 아끼다 문화 사내 카페 바리스타 직접 만들다 아메리카노 카푸치노 그린티 라떼 얼그레이 모든 메뉴 무료 이용 식사 무료 스낵바 제공 아침 과일 김밥 간편식 점심 식대 천원 지원 사내 도시락 샐러드 제공 저녁 야근 시세 제공 편의점 스낵바 보유 단체 보험 가입 매년 건강검진 지원 직원 단체 보험 건강검진 제공 전액 회사 부담 기숙사 지원 회사 기숙사 제공 기간 충족 사내 대출 제도 생활 안정 금리 대출 지원 기간 충족 휴식 공간 넘다 만화책 당구대 갖추다 편안하다 휴식 공간 헬스 키퍼 힐링 사내 전문 안마 사의 마사지 통한 피로 회복 서비스 제공 조휴 지급 조휴 화환 지원 사내 동호회 지원 동호회 운영 지원 명절 선물 추석 가족 풍요 명절 보내다 만원 상당 선물 제공 사내 외국어 교육 지원 영어 한국어 일본어 사내 강의 제공 교육 지원 직무 관련 교육 외국어 학습 비용 지원 세미나 컨퍼런스 지원 직무 관련 역량 강화 최신 세미나 컨퍼런스 참가 비용 전액 지원 도서 지원 역사 인문 인물 자기계발 자연과학 경제 경영 모바일 관련 도서 무제한 신청 가능 장기 근속 휴가 휴가 휴가 휴가 만원 제공 생일 축하 본인 생일 선물 상품권 만원 지급 생일 제공 가족 생일 제공 부모 배우자 자녀Data Engineer BI BI Ad hoc 사적 데이터 흐름 파악 용량 데이터 소스 제공 데이터 이용 분석 수행 오다 긴밀하다 협업 솔루션 데이터 웨어하우스 데이터 모델 설계 개발 비즈니스 질문 바탕 구조 분석 수행 결과 비즈니스 인사이트 도출 실무 개선 제시 구현 전사 대시보드 제작 사용자 교육 데이터 요청 대응 데이터 분석 코칭 지원
BI 엔지니어,https://www.wanted.co.kr/wd/121538,https://image.wanted.co.kr/optimize?src=https%3A%2F%2Fstatic.wanted.co.kr%2Fimages%2Fcompany%2F12633%2Fnseihwaesfgyn7yb__1080_790.jpg&w=1000&q=75,Looker 개발자,원테크스탑피티이엘티디,"• Cloud 기반 MIS (Management Information System) 구축(개발)
- Looker LOOKML 모델 개발
• GCP로의 기존 시스템 전환 지원 ( Exadata, Cognos, DataStage 사용)
- BigQuery, Data Fusion, Looker 이용","• BI 분석Tool 분석/설계/구축 경험자
• 영어 커뮤니케이션 능력
• 경력  3 ~ 10년","• Looker 분석/설계/개발
• RDBMS와 Transaction에 대한 이해
• Java를 이용한 웹 어플리케이션 개발 경험자
• SQL 작성 가능자
• 해운 업무 지식 보유자","• 인별 연봉제를 실시하며, 대기업 수준의 처우를 제공합니다
• 단체상해보험 가입과 종합건강검진 외에도 치과진료비를 지원합니다
• 직원 여러분의 성장을 위하여 외국어학습비와 자격증취득/유지비를 지원하고, 각종 온라인/위탁교육을 실시합니다
• 자녀학자금과 가족종합건강검진을 지원하고, 각종 경조휴가, 경조금과 장례서비스를 지원합니다
• 취미를 함께 나눌 사내동호회를 지원하고, 팀내 단합을 위하여 대화 활성화비를 지원합니다
• 점심값 지원, 야근불문 저녁식사 제공 뿐만 아니라, 매주 금요일은 회사에서 점심을 제공합니다 (특별한 날에는 치맥 & 피맥 파티~)
• 아아부터 딸기라떼까지 사내 카페테리아에서 바리스타님이 만들어주시는 음료를 무료로(무제한!) 제공합니다
• 토스트, 씨리얼, 두유, 견과류, 구운계란, 쥬스 등 건강한 간식을 무료로 제공합니다
• 강남 최고급 피트니스 센터 비용을 지원합니다
• 사무실 근무와 재택 근무가 혼합된 하이브리드 워크를 지원합니다","Linux
GCP","서울특별시 서초구 강남대로 465, B동 24층 (서초동, 교보타워)",5812,69,인별 봉제 실시 대기업 수준 처우 제공 단체 상해 보험 가입 종합 건강검진 치과 진료 지원 직원 성장 외국어 학습 자격증 취득 유지비 지원 온라인 위탁 교육 실시 자녀 학자금 가족 종합 건강검진 지원 조휴 장례 서비스 지원 취미 나누다 동호회 지원 팀내 단합 대화 활성화 지원 점심 지원 야근 불문 저녁식사 제공 매주 금요일 회사 점심 제공 특별하다 치맥 피맥 파티 아아 딸기 라떼 사내 카페테리아 바리스타 만들다 음료 무료 무제한 제공 토스트 씨리얼 두유 견과류 계란 쥬스 건강하다 간식 무료 제공 강남 최고급 피트니스 센터 비용 지원 사무실 근무 재택 근무 혼합 하이브리드 크다 지원Cloud MIS System Looker LOOKML GCP Exadata Cognos DataStage BigQuery Data Fusion Looker 기반 구축 개발 모델 개발 기존 시스템 전환 지원 사용 이용
BI 엔지니어,https://www.wanted.co.kr/wd/113523,https://image.wanted.co.kr/optimize?src=https%3A%2F%2Fstatic.wanted.co.kr%2Fimages%2Fcompany%2F13639%2Fkkwvhupgctco3gm5__1080_790.jpg&w=1000&q=75,DW 데이터 엔지니어,하나투어,• DW 데이터 엔지니어,"• 데이터 모델링 DW/DM 설계 및 구축 경험자
• ETL 솔루션 개발 또는 운영 경력 3년 이상 경험자
• 대용량 데이터 처리 및 마이그레이션 경험자
• BI/OLAP/CRM 분석 데이터 설계 및 구축 경험자
• SQL 숙련자","• OLAP Solution(MSTR) 운영 및 개발 유경험자
• CDC 시스템 운영 경험자
• 데이터 기반 문제 해결 능력 보유자","• 지원금/보험 : 건강검진, 경조사지원, 해외여행지원, 자녀학자금
• 선물 : 창립일 선물지급
• 교육/생활 : 직무능력향상교육, 사내동호회 운영
• 근무환경 : 회의실, 전용 사옥
• 리프레시 : 연차, 반차, 산전 후 휴가, 육아휴직
• 2호선 을지로입구/을지로3가역 도보 5분 거리 오피스
• 재택 근무, 유연근무제 (8시~10시 내 출근) 운영
• 고사양 장비 지원 (최신형 노트북, 모니터, 키보드, 마우스 등)
• 각종 음료, 휴식공간 제공 (커피, 우유, tea 무한제공)
• 자유롭게 의견을 내는 평등한 조직문화를 위한 '프로' 호칭 통일
• 30분 컷 간결한 회의,필수 회의 문화
• 점심회식 및 문화회식 지향","Git
Android
iOS
Linux
MySQL
Oracle
Redis
VueJS
Java
Kotlin
SQL
AWS
Docker
ElasticSearch
Spring Framework
Spring Boot",서울 중구 삼일대로 343 대신파이낸스센터 wework,2586,1,tea 원금 보험 건강검진 경조사 지원 해외여행 지원 자녀 학자금 선물 창립 선물 지급 교육 생활 직무 능력 향상 교육 사내 동호회 운영 근무 환경 회의실 전용 사옥 리프 레시 연차 산전 휴가 육아휴직 호선 을지로 입구 을지로 가다 도보 거리 오피스 재택 근무 유연근무제 출근 운영 사양 장비 지원 최신 노트북 모니터 보드 마우스 음료 휴식 공간 제공 커피 우유 무한 제공 자유롭다 의견 내다 평등하다 직문 프로 호칭 통일 간결하다 회의 필수 회의 문화 점심 회식 문화 회식 지향DW 데이터 엔지니어
BI 엔지니어,https://www.wanted.co.kr/wd/111786,https://image.wanted.co.kr/optimize?src=https%3A%2F%2Fstatic.wanted.co.kr%2Fimages%2Fcompany%2F13639%2Fkkwvhupgctco3gm5__1080_790.jpg&w=1000&q=75,빅데이터 엔지니어,하나투어,• 빅데이터 엔지니어,"• 데이터 파이프라인 개발 및 운영 경력 3년 이상 경험자
• Hadoop / Spark 에코 시스템 경험자
• Hive, Presto, Kafka, Airflow 관련 서비스 경험자
• Python 언어 개발 경험자","• 대규모 분산처리 시스템 개발 및 운영 경험자
• ML 분석 데이터 서비스 적용 경험자","• 지원금/보험 : 건강검진, 경조사지원, 단체보험, 해외여행지원, 자녀학자금
• 선물 : 창립일 선물지급
• 교육/생활 : 직무능력향상교육, 사내동호회 운영
• 근무환경 : 회의실, 전용 사옥
• 리프레시 : 연차, 반차, 산전 후 휴가, 육아휴직
• 2호선 을지로입구/을지로3가역 도보 5분 거리 오피스
• 재택 근무, 유연근무제 (8시~10시 내 출근) 운영
• 고사양 장비 지원 (맥북M1, 32인치 4K모니터, 매직트랙패드)
• 각종 음료, 휴식공간 제공 (커피, 우유, tea 무한제공)
• 자유롭게 의견을 내는 평등한 조직문화를 위한 '프로' 호칭 통일
• 30분 컷 간결한 회의,필수 회의 문화
• 점심회식 및 문화회식 지향","Git
Android
iOS
Linux
MySQL
Oracle
Redis
VueJS
Java
Kotlin
SQL
AWS
Docker
ElasticSearch
Spring Framework
Spring Boot",서울 중구 삼일대로 343 대신파이낸스센터 wework,2586,1,tea 원금 보험 건강검진 경조사 지원 단체 보험 해외여행 지원 자녀 학자금 선물 창립 선물 지급 교육 생활 직무 능력 향상 교육 사내 동호회 운영 근무 환경 회의실 전용 사옥 리프 레시 연차 산전 휴가 육아휴직 호선 을지로 입구 을지로 가다 도보 거리 오피스 재택 근무 유연근무제 출근 운영 사양 장비 지원 맥북 인치 모니터 매직 트랙패드 음료 휴식 공간 제공 커피 우유 무한 제공 자유롭다 의견 내다 평등하다 직문 프로 호칭 통일 간결하다 회의 필수 회의 문화 점심 회식 문화 회식 지향빅데이터 엔지니어
BI 엔지니어,https://www.wanted.co.kr/wd/100387,https://image.wanted.co.kr/optimize?src=https%3A%2F%2Fstatic.wanted.co.kr%2Fimages%2Fcompany%2F13639%2Fkkwvhupgctco3gm5__1080_790.jpg&w=1000&q=75,BI 기획,하나투어,"ㆍBI 기획
ㆍBI 시스템 운영, 권한 관리, 사용자 교육
ㆍ신규 분석 주제 도출 및 적용, 데이터 운영 이슈 파악 및 개선","ㆍ관련 업무 5년 이상 경력
ㆍ사용자 분석을 통한 BI 서비스 기획/개선 경험자
ㆍRDBMS/ETL 관련 지식, SQL 활용 능력 보유자 
ㆍ데이터 기반 사용자 커뮤니케이션 가능자
ㆍ데이터 해석 능력 및 분석 경험자
ㆍ데이터 시각화 툴 활용 능력 보유자","ㆍMicroStrategy 사용 경험자
ㆍ데이터 분석 플랫폼 구축 및 유지보수 경험자","• 유연 근무제 (8시 ~ 10시) 30분 단위로 출/퇴근 시간 조정 가능 합니다.
• 재택 근무 권장 (눈치 보지 않고 재택 가능~! 맡은 업무와 커뮤니케이션만 잘 해주세요)
• 수평조직 문화로 호칭은 “프로”로 통일, 평등한 관계 속 업무 지향합니다.
• 회의 및 보고는 간결하게 진행해 주세요. (회의는 꼭 필요한 회의만, 일정은 사전 공유)
• 업무시간에 집중도를 높임으로서, 정시퇴근은 자연스럽습니다.
• 휴가 사용은 “자유롭게” 눈치보지 않고, 사유도 묻지 않습니다.
• 점심회식 및 문화회식 지향합니다.
• 명확한 조직원 공통의 Goal을 갖고 협업 및 의사소통을 합니다.","Git
Android
iOS
Linux
MySQL
Oracle
Redis
VueJS
Java
Kotlin
SQL
AWS
Docker
ElasticSearch
Spring Framework
Spring Boot",서울 중구 삼일대로 343 대신파이낸스센터 wework,2586,1,Goal 유연 무제 단위 추다 퇴근 조정 가능 재택 근무 권장 눈치 보지 재택 가능 맡다 업무 커뮤니케이션 자다 해주다 수평 조직 문화 호칭 프로 통일 평등하다 관계 업무 지향 회의 간결하다 진행 줄다 회의 필요하다 회의 일정 사전 공유 업무 집중 도르다 높이다 정시 퇴근 자연스럽다 휴가 사용 자유롭다 눈치 보지 사유 묻다 점심 회식 문화 회식 지향 명확하다 직원 공통 갖다 협업 의사소통BI BI 기획 시스템 운영 권한 관리 사용자 교육 신규 분석 주제 도출 적용 데이터 운영 이슈 파악 개선
BI 엔지니어,https://www.wanted.co.kr/wd/35773,https://image.wanted.co.kr/optimize?src=https%3A%2F%2Fstatic.wanted.co.kr%2Fimages%2Fcompany%2F3139%2F14793_2_2.ce32d574__1080_790.jpg&w=1000&q=75,소프트웨어 엔지니어,플랜잇파트너스,- 플랜잇파트너스 개발팀 소속으로  당사에서 수행중인 솔루션 개발 진행,"- 불특정 다수 고객의 요구사항을 솔수션 기능으로 통합하여 녹여 낼 수 있는 통찰력
- HTML, CSS, Javascript, jQuery 등 Front End 개발에 대한 기본적인 이해
- Java, Spring Framework, Spring Boot, RESTful API 등 Back End 개발에 대한 기본적인 이해
- SQL/DBMS에 대한 이해
- 자료구조 및 기초적인 알고리즘에 대한 이해와 논리적 사고력 
- 새로운 것들을 빠르게 배우는 능력","- 스스로 웹서비스를 구축한 경험이 있는분
- 외부 시스템 연동을 통한 서비스를 개발 또는 유지보수 경험이 있는 분","-동종 업계 상위 연봉 수준: 대졸 신입사원 기본급 3,200만원
-매년 Refresh 휴가비 지급 : 연차 10일 이상 붙여서 사용할 경우 휴가비 100만원 지급
-업무 성과에 따른 성과급 지급 
-노트북 구입비 지원(200만원 한도) 
-도서구입비 및 교육비 지원
-명절 상품권 및 선물 제공
-건강검진, 경조사 지원, 리조트 이용지원
-연 1회 워크샵 
-저녁식대 지원
-원두커피, 음료수, 간식 무한 제공 
-야근은 거의 없지만 프로젝트 등으로 불가피할 경우 택시비 지원
-지방 프로젝트의 경우 숙소(1인 1실) 및 출장비 지급, 해외 프로젝트의 경우 추가 일비 지급","SQL
Tableau","서울 강남구 테헤란로 20길 20, 9층 (역삼동, 삼정빌딩)",4100,53,Refresh 업계 상위 연봉 수준 대졸 신입사원 기본 만원 매년 휴가 지급 연차 붙이다 사용 경우 휴가 만원 지급 업무 성과 따르다 성과급 지급 노트북 구입 지원 만원 한도 도서 구입 교육비 지원 명절 상품권 선물 제공 건강검진 경조사 지원 리조트 이용 지원 워크샵 저녁 식대 지원 원두 커피 음료수 간식 무한 제공 야근 프로젝트 불가피하다 경우 택시 지원 지방 프로젝트 경우 숙소 출장 지급 해외 프로젝트 경우 추가 일비 지급플랜 잇다 파트너 개발 소속 당사 수행 솔루션 개발 진행
BI 엔지니어,https://www.wanted.co.kr/wd/120011,https://image.wanted.co.kr/optimize?src=https%3A%2F%2Fstatic.wanted.co.kr%2Fimages%2Fcompany%2F3139%2F14793_2_2.ce32d574__1080_790.jpg&w=1000&q=75,Data Analyst (Tableau),플랜잇파트너스,"• Tableau 활용 대시보드 개발
• 대시보드 개발을 위한 데이터 구조 설계
• 비즈니스 요구 사항 분석 및 데이터 시각화 컨설팅
• 데이터 분석을 통한 인사이트 도출","• BI 대시보드 개발이 가능하신 분
• 요구 사항에 기반한 유의미한 데이터 도출이 가능하신 분
• 적극적이고 효율적인 커뮤니케이션이 가능하신 분
• 총 경력 기간 3년 이상인 분","• BI 프로젝트를 경험해보신 분
• SQL 쿼리 작성이 가능하신 분
• Tableau, Power BI, Qlik 등 데이터 시각화 툴을 사용해보신 분
• 통계학 등 데이터 관련 학과를 전공하신 분","• 자율 출퇴근 제도
• 법인카드 전원 지급 (업무 관련 비용 100% 지원)
• 리프레시 휴가비 100만원 지원
• 회식비 매월 10만원 지원
• 리조트(롯데호텔) 스위트룸 1박 지원
• 사내모임비(동호회) 매월 지원
• 건강검진 매년 지원
• 경조사 지원
• 명절 상여금 및 생일축하비 지원","SQL
Tableau","서울 강남구 테헤란로 20길 20, 9층 (역삼동, 삼정빌딩)",4100,53,자율 출퇴근 제도 법인 카드 전원 지급 업무 관련 비용 지원 리프 레시 휴가 만원 지원 회식비 매월 만원 지원 리조트 롯데 호텔 스위트룸 지원 임비 동호회 매월 지원 건강검진 매년 지원 경조사 지원 명절 상여금 생일 축하 지원Tableau 활용 대시보드 개발 대시보드 개발 데이터 구조 설계 비즈니스 요구 사항 분석 데이터 컨설팅 데이터 분석 통한 인사이트 도출
BI 엔지니어,https://www.wanted.co.kr/wd/119038,https://image.wanted.co.kr/optimize?src=https%3A%2F%2Fstatic.wanted.co.kr%2Fimages%2Fcompany%2F4248%2Fg2c7y5q9xilzijcy__1080_790.jpg&w=1000&q=75,데이터 엔지니어 (데이터플랫폼팀),무신사,"• 클라우드 환경에서 데이터웨어하우스, 분석/모델링 환경 구축 및 운영
• 프로덕션 레벨에서의 데이터 파이프라인 구축 및 운영","• 해당 경력 3년차 이상 또는 이에 상응하는 업무 능력 보유
• Spark, Hive, Presto, Elastic Stack 등을 이용한 데이터 파이프라인 설계, 구축, 운영 경험
• Python, Scala, Java 중 하나 이상을 사용해 프로그래밍 경험하신 분
• 중급 이상의 SQL 작성 능력","• Apache Spark 기반 프로덕트 개발 경험
• AWS 또는 클라우드 기반 데이터 인프라 구축 및 운영 경험
• 데이터 시각화 또는 BI툴(Tableau, Apache Superset, Power BI 등) 활용 경험
• 데이터 프로세싱부터 분석/모델링까지 결과를 도출할 수 있는 분","[근무환경]
• 오전 8~11시 사이 분 단위 자율 출퇴근제 운영 (8시~11시 사이 매일 조정 가능)
• 주 2회 재택근무 상시화
• 월 1회 Early Friday 운영 (매월 마지막 금요일에는 4시간 근무 후 퇴근!)
• 자율 복장 근무제 (슬리퍼부터 정장까지 자유롭게 입는 문화)
• 직급 없이 ‘님’으로 소통

[복지포인트]
• 연 350만 복지포인트 지급
- 자기계발(교육, 도서 구매, 운동, 문화생활 등), 가족 건강검진, 육아용품 구매, 주차비 등 온&오프라인에서 사용 가능한 포인트

[건강/휴식]
• 연 1회 건강검진, 연 10회 심리상담 지원
• 3년, 6년, 9년 12년 만근 시, 추가 복지포인트 및 포상휴가 제공
• 1일(8시간), 0.5일(4시간), 0.25일(2시간) 단위로 유연하게 사용 가능한 휴가

[무신사 스토어 혜택]
• 월 10만원 한도로 무신사/스타일쉐어/29CM/솔드아웃 사이트 내 쇼핑 지원금 지급 (Self-Love 비용)
• 생일 월에는 무신사 패밀리 사이트 내 제품 구매 시 쇼핑 지원금 20만원 지급
• 자사 사이트 할인 혜택 제공

[사내 생활 지원]
• 출근 시 샌드위치, 샐러드, 과일, 두유, 김밥 등 아침 간식 제공
• 자녀 초등학교 입학 시 입학 축하금, 자녀 대학 입학 시 대학등록금 지원
• 사내대출제도 운영 및 일정 비율의 대출이자 지원
• 경조 휴가 및 경조금 지원

[수습기간]
• 입사일로부터 3개월 / 급여 100% 지급","Git
MySQL
Java
JavaScript
Kotlin
PHP
Swift
AWS
Docker
Spring Framework
JPA
IntelliJ IDEA
React.js
Spring Boot","서울시 성동구 아차산로 38(성수동1가, 개풍빌딩) 뚝섬역 5번출구",4882,1,Early Friday CM Self Love 근무 환경 오전 사이 단위 자율 출퇴근 운영 사이 매일 조정 가능 재택근무 시화 운영 매월 마지막 금요일 근무 퇴근 자율 복장 무제 슬리퍼 정장 자유롭다 입다 문화 직급 없이 소통 복지 포인트 복지 포인트 지급 자기계발 교육 도서 구매 운동 문화생활 가족 건강검진 육아용품 구매 차비 오프라인 사용 가능하다 포인트 건강 휴식 건강검진 심리상담 지원 추가 복지 포인트 포상 휴가 제공 단위 유연하다 사용 가능하다 휴가 물다 스토어 혜택 만원 한도 물다 스타일 쉐어 솔드아웃 사이트 쇼핑 원금 지급 비용 생일 물다 패밀리 사이트 제품 구매 쇼핑 원금 만원 지급 자사 사이트 할인 혜택 제공 사내 생활 지원 출근 샌드위치 샐러드 과일 두유 김밥 아침 간식 제공 자녀 초등학교 입학 입학 축하 자녀 대학 입학 대학 등록금 지원 출제 운영 일정 비율 대출 이자 지원 경조 휴가 지원 수습 기간 입사 일로 개월 급여 지급클라우드 환경 데이터웨어하우스 분석 모델링 환경 구축 운영 프로덕션 레벨 데이터 파이프라인 구축 운영
BI 엔지니어,https://www.wanted.co.kr/wd/108579,https://image.wanted.co.kr/optimize?src=https%3A%2F%2Fstatic.wanted.co.kr%2Fimages%2Fcompany%2F9810%2Fuf3ijn6mmfjfcvfi__1080_790.jpg&w=1000&q=75,BI Tableau 전문가,데이터노우즈,"• Tableau 시각화
• Tableau 플랫폼 관리자(메니저급인 경우)
• 프로젝트 기획/관리(메니저급인 경우)
• 회사내부 플랫폼으로 파견없음","• 다양한 Tableau 프로젝트 경험 
• Tableau 시각화 고급기술 구현가능
• 고급 SQL 구현가능
• Python 프로그래밍
• 재테크(부동산, 금융)투자에 대한 많은 관심과 이해","• Datamart 구축 경험
• 빅데이터환경에서 개발경험(bigquery, redshift, Azure 등)
• 웹 임베디드 개발 경험","• 이전 연봉 대비 인상안 제시
• 성과/평가에 따른 스톡옵션 부여
     ""회사의 성장과 함께 10년치 이상의 연봉을 스톡옵션을 통해 얻어가세요!""

• 주 40시간 유연 근무
• 재택 근무 지원
• 점심 식대 지원
• 결재 없는 휴가 (병가 2회 유급 추가 지원)
• 필요 최신 장비 지원 (노트북, 모니터, 기타 장비)
• 자기계발 지원(세미나, 교육, 도서구입비 지원)
• 회사 카페 운영 (직원 할인)
• 4대 보험, 내일채움공제","Git
MySQL
Python
AWS
Jenkins",서울시 서초구 법원로2길 17-4,3781,53,이전 연봉 대비 인상 제시 성과 평가 따르다 스톡옵션 부여 회사 성장 년치 연봉 스톡옵션 통해 얻다 유연 근무 재택 근무 지원 점심 식대 지원 결재 휴가 병가 유급 추가 지원 필요 최신 장비 지원 노트북 모니터 장비 자기계발 지원 세미나 교육 도서 구입 지원 회사 카페 운영 직원 할인 대다 보험 내일 채우다 공제Tableau Tableau 플랫폼 관리자 메다 저급 경우 프로젝트 기획 관리 메다 저급 경우 회사 내부 플랫폼 파견
BI 엔지니어,https://www.wanted.co.kr/wd/119916,https://image.wanted.co.kr/optimize?src=https%3A%2F%2Fstatic.wanted.co.kr%2Fimages%2Fcompany%2F23165%2Fivihugmapkafh5ao__1080_790.jpg&w=1000&q=75,데이터 엔지니어 (Data Engineer),더블유클럽,"• 파이프라인 아키텍처 구성/개발/운영
• 시각화 등을 통한 관리 자동화 및 전사적인 공유
• 데이터 분석, 모니터링 협업 및 프로세스 자동화","• SQL 등 DB 쿼리 능력 (MongoDB, Mysql, Redshift 등)
• 클라우드 환경(AWS)에서의 데이터 플랫폼 설계 및 구축 경험• ETL 솔루션 사용 능력","• 데이터 플랫폼을 주도적으로 만들어보신 분
• ELK (Elastic Search, Kibana) 활용 경험이 있으신 분
• 프로그래밍 언어 능력 (Shell script, Python, Javascript 등)
• 프로덕트, 마케팅, 개발 등 다른 분야에 대한 이해나 경험이 있으신 분
• 시스템 모니터링 및 성능/구조 개선에 대해 주도적인 자세","■W 기업문화

- 대표를 포함하여 전직원 영어 닉네임 사용 (수평적인 사내 분위기)
- 문제정의(무엇을) + 상위목표(왜) = 회사는 방향을 제시하고, 직원은 자율적으로 일하는 업무문화

■개인역량지원 (당신의 성장이 곧 회사의 성장입니다.)

- 직무관련 세미나 참석비 지원
- 직무관련 도서 구입 지원
- 패캠/탈잉/클래스101 직무교육비 100%지원
- 매월 체력단련비 지원 (요가/필라테스/헬스/바디프로필 등)

■W 정기행사

- 정기 피크닉 런치 진행 (업무시간에 벚꽃놀이, 도시락 피크닉 등)
- 정기 타운홀 미팅 진행 (전 직원 소통 시간)
- 정기 컬쳐데이 진행 (문화생활을 함께) 우수사원 보상정책
- 개인의 직무 성장을 위한 사내 Study 진행
- 매월 마지막주 ‘PIZZA TIME’ 회사가 쏜다!

■업계 최고 원격 근무/유급휴가
월급도 받고! 여행비도 받고! 리프레시(Refresh)도 하고! 아이디어도 내고!

- 기본 연차 외 근속 1년시마다 매년 리프레시 유급휴가 2~5일 + 여행비 70~150만원 지원
- 3년 근속시 리프레시 유급휴가 1달 + 여행지원비 200만원
- 좋은 아이디어가 나올 수 있는 새로운 환경에서 일해보는 워케이션 지원 (워크+베이케이션)
- 디지털 노마드 체험 (해외에서 살면서 일해보기, 아이디어가 번쩍)

■회사가 너를 아낀다
회사직원도 사람이다! 일하느라 챙기기 어려운 것들, 우리가 챙겨줄게!

- 명절 선물 제공 (설날, 추석 등)
- 어버이날을 챙겨주는 더블유클럽
- 전직원 개인 법인카드 제공 (회사의 지원정책에 따라 자율 사용)
- 산전후휴가(90일~120일)
- 결혼휴가(5일)
- 조의휴가(5일)

■아시아 최고 수준 오피스 환경

- 초역세권 오피스 **(2/2/2 = 2호선 선릉역 2번 출구 도보 2분 거리)**
- Hip 하고 자유분방한 시설의 위워크에서 근무 (아시아 최고수준 위워크 오피스 빌딩)
- 빌딩 TOP층에 옥상정원 (개인 자율 이용)
- 의자계의 샤넬 허먼밀러(270만원 상당/1년 근속)
- 세계 맥주 무제한 제공 (메인 라운지 자율 이용)
- 웰니스룸/안마의자
- 고사양노트북/기계식키보드 제공
- 프리미엄 폴바셋(Paul Bassett) 커피머신 자유이용
- 네스프레소 커피머신 자유이용
- 간식 무제한 제공
- 제로콜라/트레비/아몬드브리즈 등 음료 무제한 이용

■W is free / 능력에 대한 빠른 인정과 포상이 있는 더블유클럽

- 전직원 자율 출근제
- 자유로운 연차/반차 사용
- 반반차(2시간) 도입
- Real 완전 자율복장
- 강제회식없음/자유
- 부득이한 야근시 3대 케어 지원 (석식/택시/피로회복 사우나)
- 스톡옵션 지급 (근무 6개월)복지제도
- 6개월 우수사원 연봉인상","Node.js
TypeScript
AWS
Docker
React Native",서울특별시 강남구 선릉로 428 (위워크타워),없음,없음,Study PIZZA TIME Refresh Hip TOP Paul Bassett is free Real 기업 문화 대표 포함 직원 영어 닉네임 사용 수평 사내 분위기 문제 정의 상위 목표 회사 방향 제시 직원 자율 업무 문화 개인 역량 지원 성장 회사 성장 직무 관련 세미나 참석 지원 직무 관련 도서 구입 지원 패캠 탈잉 클래스 직무 교육비 지원 매월 체력 달다 지원 요가 필라테스 헬스 바디 프로필 정기행사 정기 피크닉 런치 진행 업무 벚꽃놀이 도시락 피크닉 정기 타운 미팅 진행 직원 소통 정기 컬쳐 데이 진행 문화생활 우수 사원 보상 정책 개인 직무 성장 사내 진행 매월 마지막 회사 쏜다 업계 최고 원격 근무 유급 휴가 월급 받다 여행 비도 받다 리프 레시 아이디어 내다 기본 연차 근속 시마 매년 리프 레시 유급 휴가 여행 만원 지원 리프 레시 유급 휴가 여행지 만원 좋다 아이디어 나오다 새롭다 환경 해보다 케이 지원 크다 베이 케이 디지털 노마드 체험 해외 살다 해보다 아이디어 번쩍 회사 아끼다 회사 직원 챙기다 어렵다 챙기다 명절 선물 제공 설날 추석 어버이날 챙기다 더블유 클럽 직원 개인 법인 카드 제공 회사 정책 따르다 자율 사용 산전 휴가 결혼 휴가 조의 휴가 아시아 최고 수준 오피스 환경 역다 오피스 호선 선릉역 출구 도보 거리 자유분방하다 시설 위워 크다 근무 아시아 최고 수준 위워 크다 오피스 빌딩 빌딩 옥상정원 개인 자율 이용 의자 샤넬 허다 멀다 밀러 만원 상당 근속 세계 맥주 무제한 제공 메인 라운지 자율 이용 웰니스룸 안마 의자 사양 노트북 기계 보드 제공 프리미엄 폴바 커피 머신 자유 이용 네스프레소 커피 머신 자유 이용 간식 무제한 제공 제로 콜라 레비 아몬드 브리 음료 무제한 이용 능력 빠르다 인정 포상 더블유 클럽 직원 자율 출근 자유롭다 연차 사용 도입 자율 복장 강제 회식 자유 부득이 야근 대다 케어 지원 석식 택시 피로 회복 사우나 스톡옵션 지급 근무 개월 복지 제도 개월 우수 사원 연봉 인상파이프라인 아키텍처 구성 개발 운영 통한 관리 자동화 사적 공유 데이터 분석 모니터링 협업 프로세스 자동화
BI 엔지니어,https://www.wanted.co.kr/wd/122196,https://image.wanted.co.kr/optimize?src=https%3A%2F%2Fstatic.wanted.co.kr%2Fimages%2Fcompany%2F29128%2F77wqjrmm14diqegx__1080_790.jpg&w=1000&q=75,[Tech] DW/BI 엔지니어,"우아한형제들(배달의민족,Tech)","- 다양한 소스의 데이터 적재를 통한 DW 구축 및 관리
- 데이터 마트 기획 및 구축
- 사업/기획/마케팅 등 조직들에 대한 데이터 추출 업무 지원
- 사내/외 주요 통계 데이터 개발","- 배달업/전자상거래/광고플랫폼 등의 산업에서 관련 업무경력이 3년 이상인 분
- DW/DM 구축 및 운영 경험이 있는 분
- SQL을 능숙하게 다루시는 분
- Hadoop 기반의 분산 처리 시스템 활용 경험이 있는 분 (Hive, Presto, SparkSQL 등)","- Airflow, Azkaban 등의 Workflow 사용 경험이 있는 분
- Scala/Python 기반의 Spark 배치 작성 경험이 있는 분
- Redash/Tableau 활용 경험이 있는 분
- 데이터 아키텍트 및 품질 관리 경험이 있는 분

[개발환경]
- 주요 기술 : SQL, Spark, AWS, Airflow, Azkaban, Python
- 업무 도구 : GitLab, Slack, Jira, Confluence
- 코드 리뷰 : GitLab MR로 온라인 코드 리뷰 진행
- 테스트 : GitLab CI로 유닛 테스트 및 통합 테스트
- 빌드, 배포, 자동화 : Jenkins, GitLab CI","[우아한혜택 미리보기]
- 일한 만큼 드립니다. 주 32시간 근무 초과시 분 단위로 지급되는 연장수당
- 코로나 이후에도 쭉~ 주 2일 상시 재택근무제 (매월10만원의 재택근무 지원금 지급)
- 재택근무에 진심인 회사! 최고의 재택업무 환경 제공 (허먼밀러에어론의자, 모션데스크, 5K모니터 중 택1 지급)
- 복지포인트 연 200만 포인트 지급
- 가족까지 챙겨드려요. 본인, 배우자, 자녀, 양가 부모님까지 단체상해보험 제공
- 주택자금 대출 이자 지원! 집 걱정을 덜어드려요
- 최신형 장비 2년마다 지원! 맥북프로, 윈도우 중 선택, 4K모니터도~

[입사 후 생활 미리보기]
- 일할 땐 일하고, 쉴 땐 푹~ 쉬는 4.5일제 월요일 오전은 쉬어요 (화~금요일은 7시간 근무)
- 배경음악(BGM)이 흐르는 카페 같은 오피스 (업무몰입도 UP, 잡담 UP)
- 좋아하는 일을 하고 싶은 공간에서, 영감을 주는 사내 공간
- 6개월마다 색다른 공간에서 일할 수 있는 민족대이동(층 이동)
- 매주 대표와 직원들이 자유롭게 의견을 나누는 소통의 장, 우수타 (우아한수다타임 정말 수다 많이 떨어요)
- 관심과 애정으로 구성원을 챙깁니다, 피플실! 배민다운 문화를 구성원과 함께 가꿔가요~
- 자기성장에 필요한 도서구입비 무제한 지원. 서점에선 살까 말까 망설이지 않아요


#주32시간근무 #사이닝보너스 #주식보상프로그램
#푸드테크, #재택근무, #자기계발, #도서구매비, #건강검진, #복지포인트","GitLab
MySQL
Spark
Python
SQL
AWS
Jenkins","서울시 송파구 올림픽로 300, 롯데월드타워 38층 우아한형제들",5779,1,BGM UP UP 우아하다 혜택 미리보기 드리다 근무 과시 단위 지급 연장 수당 코로나 상시 재택근무제 매월 만원 재택근무 원금 지급 재택근무 진심 회사 최고 재택 업무 환경 제공 허다 멀다 밀러 에어 의자 모션 데스크 모니터 지급 복지 포인트 포인트 지급 가족 챙기다 드리다 본인 배우자 자녀 양가 부모님 단체 상해 보험 제공 주택 자금 대출 이자 지원 걱정 덜다 드리다 최신 장비 지원 맥북프로 윈도우 선택 모니터 입사 생활 미리보기 쉬다 쉬다 일제 월요일 오전 쉬다 금요일 근무 배경음악 흐르다 카페 오피스 업무 몰입도 잡담 좋아하다 싶다 공간 영감 주다 사내 공간 개월 색다르다 공간 민족 대이동 이동 매주 대표 직원 자유롭다 의견 나누다 소통 우수 우아하다 타임 수다 많이 떨다 관심 애정 구성원 챙기다 피플 배민 다운 문화 구성원 가꾸다 성장 필요하다 도서 구입 무제한 지원 서점 살다 말다 망설이다 근무 이닝 보너스 주식 보상 프로그램 푸드 테크 재택근무 자기계발 도서 구매 건강검진 복지 포인트DW 다양하다 소스 데이터 적재 통한 구축 관리 데이터 마트 기획 구축 사업 기획 마케팅 조직 데이터 추출 업무 지원 사내 주요 통계 데이터 개발
BI 엔지니어,https://www.wanted.co.kr/wd/119032,https://image.wanted.co.kr/optimize?src=https%3A%2F%2Fstatic.wanted.co.kr%2Fimages%2Fcompany%2F29690%2Fctmx4kijqkt5mfks__1080_790.png&w=1000&q=75,Data Engineer (Analytics Product),토스증권,"• 토스증권의 방대한 데이터를 활용할 수 있는 실험, 분석 환경을 자동화해요.
• 퍼널 분석, 세그먼트 분석, A/B 테스팅, 메시지 타겟팅 등의 툴을 개발해요.
• 데이터 분석 툴에 필요한 데이터 파이프라인을 개발해요.
• 여러 데이터 직군과 협업하며 최적의 솔루션을 위한 새로운 기술을 검토하고 도입해요.
• 토스증권의 모든 팀원들이 퍼널 분석, 세그먼트 분석, A/B테스팅, 메시지 타겟팅 등을 쉽게 할 수 있도록 툴을 고도화해요. 또한 고객 중심적인 제품을 만들기 위해 UI/UX도 함께 개발해요.","• 대용량 데이터 처리를 위한 데이터 파이프라인(수집/처리/분석) 개발 경험이 필요해요.
• 대용량 분산 시스템(Hadoop, Kafka, Spark, Hive, Impala 등) 활용 경험이 필요해요.
• 데이터 툴 개발을 위한 소프트웨어 개발 역량(Java, Scala, Python 등)이 필요해요.
• 새로운 기술에 대한 관심이 많고, 나아가 실제 서비스에 적용하여 개선한 경험이 있으면 좋아요.
• 다양한 상황에서 최적의 솔루션을 찾을 수 있는 문제해결능력 및 원활한 커뮤니케이션 역량을 갖춘 분이면 좋아요.","[이력서는 이렇게 작성하시는 걸 추천해요]
• 임팩트 있었던 업무/프로젝트와 그 성과에 대해 구체적으로 적어주세요.
• 단순히 어떤 언어, 플랫폼, 프레임워크, 기술 등을 사용했는지 보다 어떤 과제였는지, 이를 해결하기 위해 어떤 것을 사용했고, 어떻게 문제를 해결했는지 자세히 작성해 주시면 좋아요.
• 회사 내에서 데이터 분석을 위한 자동화 툴을 개발하거나 데이터 관련 제품을 직접 개발한 경험이 있다면 꼭 기재해 주세요. 3rd party tool을 사용하여 부분적으로 해결한 경험도 좋아요.
• 기술적으로 외부 공개가 민감한 사항일 경우, 해당 부분은 제외하여 주시면 됩니다.

[토스증권으로의 합류여정]
• 서류 접수 ＞ 직무 인터뷰 ＞ 문화적합성 인터뷰 ＞ 최종 합격","• 자율과 책임의 문화: 토스증권은 Manager가 아닌 Maker 들로 구성된 조직으로, 투명한 정보 공유와 수평적인 문화 속에서 구성원 업무에 대한 위임과 신뢰를 바탕으로 세상을 변화 시켜 나가고자 해요.
• 효율적인 업무방식: 토스증권은 가장 중요하고, 큰 영향을 미칠 수 있는 일에 집중해요. 획일적인 업무 프로세스보다는 데이터 기반의 사고로 적극적으로 토론하며, 가장 효율적인 문제 해결을 위해 협업하고 실행해요.
• 훌륭한 팀과 동료: 토스증권은 각 분야 최고 수준의 역량을 갖춘 인재들이 자율과 책임의 원칙 아래 뛰어난 역량을 발휘하고 있어요.

1. 자율과 효율의 근무 환경을 제공해요.
• 자율 출퇴근 제도
• 무제한 휴가 / 재택근무
• 근속 3년마다 리프레시 유급 휴가 1개월
• Early Friday & 겨울방학 진행

2. 업무와 성장에 몰두할 수 있게끔 지원해요.
• 비포괄임금제 운영
• 주택자금 무이자 1억 대출
• 업무 관련 비용 100% 지원
• 최고급 장비 및 소프트웨어 제공
• 반기별 성과급 지급
• 매월 통신비 및 체력단련비 지원
• 명절 상여금 및 생일축하비
• 직장단체보험비(가족 포함) 및 경조사비
• 인재추천비 500만원
• 야간 및 코로나 사회적 거리두기 단계에 따른 택시비 지원

3. 먹고 마시는 것까지 회사가 책임져요.
• 법인카드 전원 지급 (점심, 저녁 식사비 100% 지원)
• 사내카페 내 음료 및 디저트 무료
• 사내 편의점 운영 및 신청하는 모든 간식 구비
• 사내 헤어살롱 무료 이용
• 건물주차장 주차비 전액지원","Git
Python
Jenkins",서울특별시 강남구 테헤란로 133 토스증권 5층,6032,175,Manager Maker Early Friday 자율 책임 문화 토스 증권 가다 들다 구성 조직 투명하다 정보 공유 수평 문화 구성원 업무 위임 신뢰 바탕 세상 변화 나가다 효율 업무 방식 토스 증권 중요하다 크다 영향 집중 획일 업무 프로세스 데이터 기반 사고 적극 토론 효율 문제 해결 협업 실행 훌륭하다 동료 토스 증권 분야 최고 수준 역량 갖추다 인재 자율 책임 원칙 뛰어나다 역량 발휘 자율 효율 근무 환경 제공 자율 출퇴근 제도 무제한 휴가 재택근무 근속 리프 레시 유급 휴가 개월 겨울방학 진행 업무 성장 몰두하다 지원 포괄 임금 운영 주택 자금 이자 대출 업무 관련 비용 지원 최고급 장비 소프트웨어 제공 기별 성과급 지급 매월 통신비 체력 달다 지원 명절 상여금 생일 축하 직장 단체 보험 가족 포함 사비 인재 추천 만원 야간 코로나 사회 거리 두기 단계 따르다 택시 지원 먹다 마시다 회사 책임지다 법인 카드 전원 지급 점심 저녁 식사 지원 사내 카페 음료 디저트 무료 사내 편의점 운영 신청 모든 간식 구비 사내 헤어 살롱 무료 이용 건물 주차장 차비 전액 지원UI UX 토스 증권 방대하다 데이터 활용 실험 분석 환경 자동화 퍼널 분석 세그먼트 분석 스팅 메시지 타겟 개발 데이터 분석 필요하다 데이터 파이프라인 개발 여러 데이터 협업 최적 솔루션 새롭다 기술 검토 도입 토스 증권 모든 들이다 퍼널 분석 세그먼트 분석 스팅 메시지 타겟 쉬다 고도화 고객 중심 제품 만들기 개발
BI 엔지니어,https://www.wanted.co.kr/wd/106205,https://image.wanted.co.kr/optimize?src=https%3A%2F%2Fstatic.wanted.co.kr%2Fimages%2Fcompany%2F13514%2Fl1pa4revepwzsx13__1080_790.jpg&w=1000&q=75,데이터 분석가,고위드,"• 비즈니스 핵심 지표와 대시보드를 설계, 개발, 추적, 분석, 시각화합니다.
• 고객 경험을 개선하기 위한 목적에서 다양한 실험들을 설계, 실행, 회고합니다.
• 각 서비스 스쿼드에서 비즈니스 임팩트가 높은 의사결정을 내릴 수 있도록 분석한 인사이트를 제공합니다.


[개발팀의 업무방식과 문화]
• 월간 업무 계획을 통해 왜 이 일을 해야 하는지, 어떤 기여를 하기 위한 업무인지, 그리고 R&R을 명확히 합니다.
• Daily Scrum을 통해 업무 진행 상황과 이슈를 동료들에게 빠르게 공유합니다.
• 장애 발생은 담당자 51%, 리뷰어 49%라는 공동 책임의 자세로 코드 리뷰와 아키텍처 리뷰에 적극적으로 임합니다.
• Demo Day를 통해 각자 한 달 동안 개발한 내용 가운데 가장 멋진 성과를 하나씩 서로 공유, 질문하며 더 나은 방향을 고민합니다. 
• 개발 회고를 통해 격주 마다 함께 해 준 동료에게 감사의 마음을 전합니다. 가장 소중한 자원은 시간도 돈도 아닌 사람이라는 것을 알고 있습니다. 그리고 각자 알고 있는 이슈를 계속 수면 위로 끌어올립니다. 기술 부채가 없을 수는 없지만 적어도 얼마나 많은지는 모두가 투명하게 인지하고 우선순위를 조절해서 다음 월간 업무 계획에 반영합니다.
• CTO와 개발자 간 정기 1 on 1을 통해 함께 고민을 나누고 해결책을 마련합니다. 팀원의 업무 효율이 가장 높을 때는 지금 수행해야 하는 일 외 다른 걱정을 전혀 할 필요가 없을 때입니다. 팀원이 최고의 업무 효율을 낼 수 있도록 방해 요소를 제거할 수 있도록 돕습니다.
•고위드 개발팀은 함께 일하는 동료에 대한 신뢰를 중요하게 생각합니다. 
•실패에 대한 두려움보다는 함께 도전하고 설령 결과가 좋지 않더라도 비난하지 않습니다. 빠르게 실패하면서 배우고 성공에 점점 가까워지려고 노력합니다. 
•어떤 어려운 문제를 만나더라도 어떻게든 해결하고자 하는 의지! 임직원 모두가 자기 주도적으로 업무에 임하여 더 큰 성취를 만들어냅니다.




[개발팀의 멘토] 이용운 CTO
고위드에서 개발총괄을 맡고 있는 이용운 님을 소개합니다!
온화하고 책임감이 강한 용운 님은 개발자들의 장점을 파악하여 편안하게 팀을 이끌어나가고 있습니다. 

“안녕하세요! 저는 글로벌기업, 국내 대기업, 중견기업, 스타트업 등 다양한 규모의 회사에서 그리고 IT솔루션, eCommerce, O2O, 게이밍, 핀테크 등의 산업에서 근무한 경험이 있습니다. 또한, 백엔드, 프론트엔드, 데브옵스, 데이터 엔지니어, 데이터 분석, AI Researcher 등 다양한 개발 경험을 해봤습니다. 그 결과, 기술로 고객을 감동시키는 방법을 조금은 배운 것 같아요 :) 수년간 개발 커뮤니티를 운영하며 귀와 마음을 열고 상대방을 대하는 방법을 배웠고 많은 잡지식을 쌓아왔습니다. 많이 부족하지만, 서로가 엄격한 사랑의 자세로 피드백을 주고받으며 개발하는 좋은 환경을 만들기 위해 열심히 노력하고 있습니다.”


[일하는 방식]
• 자율 복장으로 일하기 편안한 옷차림으로 출근합니다.
• 직급이 없는 수평 조직문화로 모든 직원들의 이름 뒤에 ‘님’을 붙여서 호칭을 부르고 있습니다.
• 매월 Business Town Hall 이라는 전사미팅을 통해 매출현황과 내부 상황에 대해 논의합니다.
• 온보딩 메이트가 빠르고 쉽게 고위드의 문화 및 업무에 적응할 수 있도록 돕습니다.
• 개인과 팀의 생산성을 높이기 위해 목적별 정기 일정으로 협업하고 있습니다.
• 다양한 툴을 사용하여 업무 분담과 효율성을 강조하고 있습니다. (Slack, Notion, Google etc.)","• 기본적인 비즈니스 지표들, 용어들에 대한 이해도가 있으신 분
• Python, SQL 을 통해 데이터 분석이 가능하신 분
• 한가지 이상 BI 도구로 대시보드 리포트를 개발 및 운영해보신 분","• Google Cloud 환경에서 데이터 분석 업무를 해보신 분
• A/B 테스트를 설계하고, 결과 데이터를 기반으로 프로덕트에 기능을 적용하는 과정에 익숙하신 분
• 머신러닝, 딥러닝을 이용한 프로덕트를 개발 및 운영해보신 분


[근무환경]
• 장소 : 서울시 강남구 도산대로 317, 14층
• 근무 조건 : 주 5일 (점심시간 포함 9시간)
• 근무 시간 : 자율 출근 (오전 8시~10시)
• 자유로운 휴가 문화(최소 2시간 단위로 연차 조기 소진 가능)
• 계약 형태 : 정규직 (수습 3개월)/ 수습 기간 내, 급여 100% 지급","• 한도가 없는 자기계발비 지원(업무 관련 도서, 교육, 세미나, 스터디 비용)
• 부득이한 야근 시, 저녁 식대 및 교통비 지원
• 전 직원 법인카드 제공
• 명절 선물 제공
• 생일 축하금 제공
• 건강 검진 비용 제공
• 전동 킥보드, '씽씽' 대여비 제공
• 이벤트성 보너스 지급
• 제주도 숙박 무료 제공(코사이어티 제주빌리지)



[채용 전형]
• 서류 접수(포트폴리오 필수)→ 기술 면접 → 임원 면접 → 최종 합격","React
Java
Kotlin
Python
SQL
Swift
TypeScript
MVVM
Spring Boot","서울 강남구 도산대로 317, 14층",없음,없음,한도 자기계발 지원 업무 관련 도서 교육 세미나 스터디 비용 부득이 야근 저녁 식대 교통비 지원 직원 법인 카드 제공 명절 선물 제공 생일 축하 제공 건강 검진 비용 제공 전동 보드 씽씽 여비 제공 이벤트 보너스 지급 제주도 숙박 무료 제공 사이 제주 빌리다 채용 전형 서류 접수 포트폴리오 필수 기술 면접 임원 면접 최종 합격Daily Scrum Demo Day CTO on CTO IT eCommerce AI Business Town Hall Slack Notion Google etc 비즈니스 핵심 지표 대시보드 설계 개발 추적 분석 화하다 고객 경험 개선 목적 다양하다 실험 설계 실행 회고 서비스 스쿼드 비즈니스 임팩트 높다 의사결정 내리다 분석 인사이트 제공 개발 업무 방식 문화 월간 업무 계획 통해 어떻다 기여 업무 명확하다 통해 업무 진행 상황 이슈 동료 빠르다 공유 장애 발생 담당자 리뷰 공동 책임 자세 코드 리뷰 아키텍처 리뷰 적극 통해 개발 내용 가운데 멋지다 성과 서로 공유 질문 나은 방향 고민 개발 회고 통해 격주 마다 동료 감사 마음 소중하다 자원 이슈 계속 수면 위로 끌다 올리다 기술 부채 적어도 많다 투명하다 인지 순위 조절 월간 업무 계획 반영 오다 개발자 정기 통해 고민 나누다 해결 마련 업무 효율 높다 수행 걱정 전혀 필요 최고 업무 효율 방해 요소 제거 돕다 위드 개발 동료 신뢰 중요하다 실패 두려움 도전 결과 좋다 비난 빠르다 실패하다 배우다 성공 가까워지다 노력 어떻다 어렵다 문제 만나다 해결 의지 직원 주도 업무 크다 성취 만들다 내다 개발 멘토 이용운 위드 개발 총괄 맡다 이용운 소개 온화하다 책임감 강하다 용다 개발자 장점 파악 편안하다 이끌다 나가다 안녕하다 글로벌 기업 국내 대기업 중견 기업 스타트업 다양하다 규모 회사 솔루션 게이 테크 산업 근무 경험 백엔드 프론트엔드 데브 옵스 데이터 엔지니어 데이터 분석 다양하다 개발 경험 해봤다 결과 기술 고객 감동 방법 배우다 수년 개발 커뮤니티 운영 마음 열다 상대방 대하 방법 배우다 많다 잡지 쌓다 오다 많이 부족하다 서로 엄격하다 사랑 자세 피드백 주고받다 개발 좋다 환경 만들기 열심히 노력 방식 자율 복장 편안하다 옷차림 출근 직급 수평 직문 모든 직원 이름 붙이다 호칭 부르다 매월 미팅 통해 매출 현황 내부 상황 논의 온보딩 메이트 빠르다 쉬다 위드 문화 업무 적응하다 돕다 개인 생산 높이다 목적 정기 일정 협업 다양하다 사용 업무 분담 효율 강조
BI 엔지니어,https://www.wanted.co.kr/wd/51647,https://image.wanted.co.kr/optimize?src=https%3A%2F%2Fstatic.wanted.co.kr%2Fimages%2Fcompany%2F35%2Fwl4mb18qp45k1aum__1080_790.jpg&w=1000&q=75,[Tech] Business Intelligence Engineer,위대한상상(요기요),"[What you will do]

• 태블로 리포트 생성 및 관리:
- 세일즈/서비스/마케팅 관련 전사 지표 생성 및 리포트 관리
- 비즈니스 상황에 따른 performance 측정 지표의 지속적인 발굴 및 현행화

• GA리포트 관리:
- GTM관리
- GA데이터와 백엔드Database를 통합한 리포트 생성 및 관리

• 리포팅 관련 오픈 소스 솔루션을 이용한 기술 리드:
- 시스템의 구성상 전통적인 리포트툴로 적용하는 것보다 효율적인 오픈소스를 사용한 일부 실시간성 리포트 생성 및 관리","[What we expect from you]

• 대졸 이상
• BI 및 ETL 등 관련 분야 경력 5년 이상
• Tableau 툴 사용능력
• SQL역량
• DW 데이터 모델링 Skill
• Strong Work ethic","[그 외 이런 것이 있으면 더 좋겠어요] 

• 일반적인 RDBMS 외 HIVE 또는 기타 NoSQL계열 경험 우대
• 추천, 캠페인 타겟팅 관련 성과 분석 경험 우대
• Python PANDAS 또는 기타 언어를 이용한 데이터처리 경험 우대","“요기요의 업무 환경""
•  매주 금요일 2시간 조기 퇴근
•  재택근무 지원
•  유연근무제
•  각 층별 Kitchen 제공
•  업무 집중을 위한 Focus Room 공간 마련

""요기요의 행복 충전""
•  1년 만근 시마다, 여행 포인트 지급 (최소 50만, 최대 100만원)
•  3년 근속 시 1주, 5년/10년 근속 시 한 달 refresh 유급휴가
•  헬스키퍼(사내 안마사), 네일케어, 고급안마의자 등 사내 복합 휴게 공간 제도 운영
•  직원들의 만남의 장소, Yogiro 사내 카페(Roof Top)
•  Free Drink(음료)
•  콘도 할인 제공
•  요기요 할인 쿠폰 매월 지급
•  명절 상품권 지급

요기요의 자기 개발""
•  금요 테마 교육 진행
•  온라인교육(전화영어) 지원
•  도서 구매 지원
•  동호회 지원

""요기요의 건강 지킴""
•  독감예방 접종
•  건강검진 지원(대상자에 한함)

""요기요의 든든한 가족""
•  단체 상해 보험(본인/배우자/자녀까지 포함)
•  자녀까지 해당되는 마음 편한 병가 제도
•  경조 휴가 및 경조금(결혼/출산/수연/기념일/사망)
•  결혼기념일 휴가
•  임신 전기간 시차출퇴근, 단축 근무
•  예비 엄마 축하 선물 지급 및 사내 Nursing Room
•  배우자 임신 시, 정기검진 방문 동행 지원(월 1회 반차 공가)","AngularJS
.NET
React
C#
TypeScript
HTTP
RESTful Architecture","서울특별시 서초구 서초대로38길 12, 마제스타시티 타워2",없음,없음,Kitchen Focus Room refresh Yogiro Roof Top Free Drink Nursing Room 기요 업무 환경 매주 금요일 조기 퇴근 재택근무 지원 유연근무제 층별 제공 업무 집중 공간 마련 기요 행복 충전 시마 여행 포인트 지급 최소 최대 만원 근속 근속 유급 휴가 헬스 키퍼 사내 안마 네일케어 고급 안마 의자 사내 복합 휴게 공간 제도 운영 직원 만남 장소 사내 카페 음료 콘도 할인 제공 요기 할인 쿠폰 매월 지급 명절 상품권 지급 기요 개발 테마 교육 진행 온라인교육 전화영 지원 도서 구매 지원 동호회 지원 기요 건강 지킴 독감 예방 접종 건강검진 지원 대상자 기요 든든하다 가족 단체 상해 보험 본인 배우자 자녀 포함 자녀 해당 마음 편하다 병가 제도 경조 휴가 결혼 출산 수연 기념일 사망 결혼기념일 휴가 임신 기간 시차 출퇴근 단축 근무 예비 엄마 축하 선물 지급 사내 배우자 임신 정기 검진 방문 동행 지원 공가What you will do GA GTM GA Database 태블 리포트 관리 서비스 마케팅 관련 전사 지표 리포트 관리 비즈니스 상황 따르다 측정 지표 지속 발굴 현행 리포트 관리 관리 데이터 백엔드 통합 리포트 관리 포팅 관련 오픈 소스 솔루션 이용 기술 리드 시스템 구성 전통 리포트 적용 효율 오픈소스 사용 일부 실시간 리포트 관리
BI 엔지니어,https://www.wanted.co.kr/wd/93046,https://image.wanted.co.kr/optimize?src=https%3A%2F%2Fstatic.wanted.co.kr%2Fimages%2Fcompany%2F26257%2Fcsyu8idhfodfjzv0__1080_790.png&w=1000&q=75,경영 데이터 탐색 및 운영(신입 가능),하이퍼라운지,"• 고객 비즈니스 인사이트 데이터 탐색
• 비즈니스 데이터 이행 및 처리","• 긍정적인 자세와 책임감, 문제를 끝까지 해결하고자 하는 근성
• 업무에 대하여 타인과 소통에 어려움 없이 문제를 이해하고 설명할 수 있는 능력 
• 기본적인 사무 업무용 도구(Excel, PowerPoint 등) 활용 능력
• 데이터 업무 이력 (또는 지식)
- 신입의 경우 학교, 학원에서 수행한 프로젝트 내용을 지원서에 기술
- 경력의 경우 업무 수행 내용을 지원서에 기술","• SQL 사용 경험
• ETL mapping 경험(경력에 한함)
• 데이터 BI경험(경력에 한함)
  ERP, 회계 시스템 구축 경험자 우대(경력에 한함)","*  일에만 집중해요!
• 개인 노트북, 듀얼모니터 등 최고 사양의 업무 장비 및 소프트웨어 제공
• 자유로운 재택근무와 유연한 근무시간
• 다양한 구성원들과 어울릴 수 있는 자율좌석제 전면 운영
• 각종 음료 및 간식 무제한 제공
 - 탄산수, 제로콜라, 캡슐커피, 원두커피, 주스 & 맥주도^^
 - 출출할땐 훈제란, 사계절 하겐다즈 아이스크림, 초코렛 및 각종 과자류 무제한 제공
• 전직원 건강검진 연1회 제공
• 완전 자율복장과 1년내내 입을 수 있는 동/하절기 단체티 제공
• 야근시 식대 및 택시비 지원, 휴일근무 대체휴가 운영

* 개인의 성장도 놓치지 마세요!
• 광범위한 업무 관련 컨퍼런스/교육과정 수강 및 도서 구매 상시 지원
• 사내 전문가들의 다양한 IT 교육과정 제공
• 담당 업무 외에 타 직무로 전환 기회도 가능

* 쉴 땐 확실히 쉬어요!
• 승인이 필요없는 자유로운 연/반차 사용
• 근속 3년시 리프레시 휴가 제공
• 가족과 함께할 수 있는 명절 선물 지원

* 친하게 지내요!
• 구성원간 친목도모를 위한 Fun 비용 지원
• 직급도 호칭도 없는 탁 트인 조직 (원하는대로 불러드려요!)","Python
SQL",서울특별시 성동구 광나루로 130 (성수동1가),4614,46,IT Fun 집중 개인 노트북 듀얼모니터 최고 사양 업무 장비 소프트웨어 제공 자유롭다 재택근무 유연하다 근무시간 다양하다 구성원 어울리다 자율 좌석 전면 운영 음료 간식 무제한 제공 탄산수 제로 콜라 캡슐 커피 원두 커피 주스 맥주 출출하다 훈제란 사계절 하겐다즈 아이스크림 초코렛 과자류 무제한 제공 직원 건강검진 제공 자율 복장 내내 하절 체티 제공 야근 식대 택시 지원 휴일 근무 대체 휴가 운영 개인 성장 놓치다 말다 광범위하다 업무 관련 컨퍼런스 교육과정 수강 도서 구매 상시 지원 사내 전문가 다양하다 교육과정 제공 담당 업무 직무 전환 기회 가능 쉬다 확실하다 쉬다 승인 필요없다 자유롭다 사용 근속 년시 리프 레시 휴가 제공 가족 명절 선물 지원 친하다 지내다 구성원 친목 도모 비용 지원 직급 호칭 트이다 조직 원하다 불다 드리다고객 비즈니스 인사이트 데이터 탐색 비즈니스 데이터 이행 처리
BI 엔지니어,https://www.wanted.co.kr/wd/81699,https://image.wanted.co.kr/optimize?src=https%3A%2F%2Fstatic.wanted.co.kr%2Fimages%2Fcompany%2F25926%2Fh28944vasn0igqgo__1080_790.jpg&w=1000&q=75,Data Engineer (Analytics/BI),토스페이먼츠,"[합류하면 함께 할 업무에요]

• 분석가와 밀접하게 협업하며 데이터 활용을 위한 추출, 마트/지표 설계, 모델링, 시각화 작업을 해요.
• DB 논리모델을 검수하고, Data Quality를 책임져요.
• 제품을 이해하고 제품에 필요한 데이터 활용 방안을 제시하며 실현해요.","[이런 분과 함께하고 싶어요]

• SQL을 사용해 자유로운 데이터 핸들링과 쿼리 튜닝 역량이 필요해요.
• Tableau나 Grafana를 잘 다룰수 있어야 해요.
• 대용량 데이터에 대한 이해와 경험이 필요해요.
• 여러 형태의 데이터를 다루어 본 경험이 있으면 좋아요.
• DB 논리모델 설계 경험이 있으면 좋아요.","[이력서는 이렇게 작성하시는 걸 추천해요]

• 그동안 해오신 업무 중 임팩트 있었던 프로젝트를 구체적으로 적어주세요.
• 실제 서비스에 적용하여 개선한 경험이 있다면 결과를 수치로 나타내주면 좋아요.(외부 공개가 민감한 사항일 경우, 해당 부분은 제외해 주세요.)

[토스페이먼츠로의 합류여정]

• 서류 접수 ＞ 직무 인터뷰 ＞ 문화적합성 인터뷰 ＞ 최종 합격

[함께할 동료를 위한 한마디]

 ""최고의 팀 웍과 실력을 기반으로 데이터를 흐르게 만드는 멋쟁이들이 모여있어요!""
• 토스페이먼츠에 와서 가장 큰 동기부여를 느낀 부분은, 팀원간에 높은 신뢰도를 기반으로 스스로 판단하면서 내 생각을 구현할 수 있다는 점 이예요.
• 모든 토스페이먼츠 팀원과 고객은 24시간 쉬지 않고 데이터를 만들고 여러 용도로 활용하는데요. 데이터 팀은 그런 토스페이먼츠 고객의 성공을 위해 거대한 규모의 빅데이터 처리 플랫폼을 구성하고 원하는 시점에 원하는 형태로 데이터를 제공하는 역할을 해요.
• 전기 냄새만 맡아도 동작하는 빅데이터 처리 플랫폼 구현/운영부터 페이먼츠 팀원들이 원하는 형태로 데이터를 가공하고 시각화하는 과정까지 데이터와 관련된 여러 난제를 높은 책임감과 실력으로 해결해내고 있어요.
• 데이터를 온 회사에 흐르게 하는 데이터 팀은 페이먼츠의 심장과도 같은 팀이라 매일 새로운 보람을 느끼고 있어요. 토스페이먼츠에서 회사의 동력을 함께 만들 팀원들을 모시고 싶어요.","• 자율과 책임의 문화: 토스페이먼츠는 Manager가 아닌 Maker들로 구성된 조직으로, 투명한 정보 공유와 수평적인 문화 속에서 구성원 업무에 대한 위임과 신뢰를 바탕으로 세상을 변화 시켜 나가고자 해요.
• 효율적인 업무방식: 토스페이먼츠는 가장 중요하고, 큰 영향을 미칠 수 있는 일에 집중해요. 획일적인 업무 프로세스보다는 데이터 기반의 사고로 적극적으로 토론하며, 가장 효율적인 문제 해결을 위해 협업하고 실행해요.
• 훌륭한 팀과 동료: 토스페이먼츠는 각 분야 최고 수준의 역량을 갖춘 인재들이 자율과 책임의 원칙 아래 뛰어난 역량을 발휘하고 있어요.

1. 자율과 효율의 근무 환경을 제공해요.
• 자율 출퇴근 제도
• 무제한 휴가 / 재택근무
• 근속 3년마다 리프레시 유급 휴가 1개월
• Early Friday & 겨울방학 진행

2. 업무와 성장에 몰두할 수 있게끔 지원해요.
• 비포괄임금제 운영
• 주택자금 무이자 1억 대출
• 업무 관련 비용 100% 지원
• 최고급 장비 및 소프트웨어 제공
• 반기별 성과급 지급
• 매월 통신비 및 체력단련비 지원
• 명절 상여금 및 생일축하비
• 직장단체보험비(가족 포함) 및 경조사비
• 인재추천비 500만원
• 야간 및 코로나 사회적 거리두기 단계에 따른 택시비 지원

3. 먹고 마시는 것까지 회사가 책임져요.
• 법인카드 전원 지급 (점심, 저녁 식사비 100% 지원)
• 사내카페 내 음료 및 디저트 무료
• 사내 편의점 운영 및 신청하는 모든 간식 구비
• 사내 헤어살롱 무료 이용
• 건물주차장 주차비 전액지원","인프라
방화벽
네트워크 보안
네트워크 운영",서울특별시 강남구 테헤란로 131 한국지식재산센터 14-15층 토스페이먼츠(주),5719,214,Manager Maker Early Friday 자율 책임 문화 토스 페이 멀다 가다 들다 구성 조직 투명하다 정보 공유 수평 문화 구성원 업무 위임 신뢰 바탕 세상 변화 나가다 효율 업무 방식 토스 페이 멀다 중요하다 크다 영향 집중 획일 업무 프로세스 데이터 기반 사고 적극 토론 효율 문제 해결 협업 실행 훌륭하다 동료 토스 페이 멀다 분야 최고 수준 역량 갖추다 인재 자율 책임 원칙 뛰어나다 역량 발휘 자율 효율 근무 환경 제공 자율 출퇴근 제도 무제한 휴가 재택근무 근속 리프 레시 유급 휴가 개월 겨울방학 진행 업무 성장 몰두하다 지원 포괄 임금 운영 주택 자금 이자 대출 업무 관련 비용 지원 최고급 장비 소프트웨어 제공 기별 성과급 지급 매월 통신비 체력 달다 지원 명절 상여금 생일 축하 직장 단체 보험 가족 포함 사비 인재 추천 만원 야간 코로나 사회 거리 두기 단계 따르다 택시 지원 먹다 마시다 회사 책임지다 법인 카드 전원 지급 점심 저녁 식사 지원 사내 카페 음료 디저트 무료 사내 편의점 운영 신청 모든 간식 구비 사내 헤어 살롱 무료 이용 건물 주차장 차비 전액 지원DB Data Quality 합류 업무 분석 오다 밀접하다 협업 데이터 활용 추출 마트 지표 설계 모델링 작업 논리 모델 검수 책임지다 제품 이해 제품 필요하다 데이터 활용 방안 제시 실현
